{
  "resourceType": "Bundle",
  "type": "batch",
  "entry": [ {
    "fullUrl": "urn:uuid:49318f80-bd8b-3fc7-a096-ac43088b0c12",
    "resource": {
      "resourceType": "Organization",
      "id": "49318f80-bd8b-3fc7-a096-ac43088b0c12",
      "meta": {
        "profile": [ "http://hl7.org/fhir/us/core/StructureDefinition/us-core-organization" ]
      },
      "extension": [ {
        "url": "http://synthetichealth.github.io/synthea/utilization-encounters-extension",
        "valueInteger": 1
      }, {
        "url": "http://synthetichealth.github.io/synthea/utilization-procedures-extension",
        "valueInteger": 1
      }, {
        "url": "http://synthetichealth.github.io/synthea/utilization-labs-extension",
        "valueInteger": 0
      }, {
        "url": "http://synthetichealth.github.io/synthea/utilization-prescriptions-extension",
        "valueInteger": 2
      } ],
      "identifier": [ {
        "system": "https://github.com/synthetichealth/synthea",
        "value": "49318f80-bd8b-3fc7-a096-ac43088b0c12"
      } ],
      "active": true,
      "type": [ {
        "coding": [ {
          "system": "http://terminology.hl7.org/CodeSystem/organization-type",
          "code": "prov",
          "display": "Healthcare Provider"
        } ],
        "text": "Healthcare Provider"
      } ],
      "name": "COOLEY DICKINSON HOSPITAL INC,THE",
      "telecom": [ {
        "system": "phone",
        "value": "4135822000"
      } ],
      "address": [ {
        "line": [ "30 LOCUST STREET" ],
        "city": "NORTHAMPTON",
        "state": "MA",
        "postalCode": "01060",
        "country": "US"
      } ]
    },
    "request": {
      "method": "POST",
      "url": "Organization",
      "ifNoneExist": "identifier=https://github.com/synthetichealth/synthea|49318f80-bd8b-3fc7-a096-ac43088b0c12"
    }
  }, {
    "fullUrl": "urn:uuid:388c5eda-d584-3ef1-a498-5ab0e90e2eaf",
    "resource": {
      "resourceType": "Location",
      "id": "388c5eda-d584-3ef1-a498-5ab0e90e2eaf",
      "meta": {
        "profile": [ "http://hl7.org/fhir/us/core/StructureDefinition/us-core-location" ]
      },
      "identifier": [ {
        "system": "https://github.com/synthetichealth/synthea",
        "value": "388c5eda-d584-3ef1-a498-5ab0e90e2eaf"
      } ],
      "status": "active",
      "name": "COOLEY DICKINSON HOSPITAL INC,THE",
      "telecom": [ {
        "system": "phone",
        "value": "4135822000"
      } ],
      "address": {
        "line": [ "30 LOCUST STREET" ],
        "city": "NORTHAMPTON",
        "state": "MA",
        "postalCode": "01060",
        "country": "US"
      },
      "position": {
        "longitude": -72.67463000000002,
        "latitude": 42.327044
      },
      "managingOrganization": {
        "identifier": {
          "system": "https://github.com/synthetichealth/synthea",
          "value": "49318f80-bd8b-3fc7-a096-ac43088b0c12"
        },
        "display": "COOLEY DICKINSON HOSPITAL INC,THE"
      }
    },
    "request": {
      "method": "POST",
      "url": "Location",
      "ifNoneExist": "identifier=https://github.com/synthetichealth/synthea|388c5eda-d584-3ef1-a498-5ab0e90e2eaf"
    }
  }, {
    "fullUrl": "urn:uuid:db0acede-4abe-3c01-8d03-5c68a190d8c7",
    "resource": {
      "resourceType": "Organization",
      "id": "db0acede-4abe-3c01-8d03-5c68a190d8c7",
      "meta": {
        "profile": [ "http://hl7.org/fhir/us/core/StructureDefinition/us-core-organization" ]
      },
      "extension": [ {
        "url": "http://synthetichealth.github.io/synthea/utilization-encounters-extension",
        "valueInteger": 1
      }, {
        "url": "http://synthetichealth.github.io/synthea/utilization-procedures-extension",
        "valueInteger": 0
      }, {
        "url": "http://synthetichealth.github.io/synthea/utilization-labs-extension",
        "valueInteger": 0
      }, {
        "url": "http://synthetichealth.github.io/synthea/utilization-prescriptions-extension",
        "valueInteger": 0
      } ],
      "identifier": [ {
        "system": "https://github.com/synthetichealth/synthea",
        "value": "db0acede-4abe-3c01-8d03-5c68a190d8c7"
      } ],
      "active": true,
      "type": [ {
        "coding": [ {
          "system": "http://terminology.hl7.org/CodeSystem/organization-type",
          "code": "prov",
          "display": "Healthcare Provider"
        } ],
        "text": "Healthcare Provider"
      } ],
      "name": "SOUTH SHORE HOSPITAL",
      "telecom": [ {
        "system": "phone",
        "value": "7813408000"
      } ],
      "address": [ {
        "line": [ "55 FOGG ROAD" ],
        "city": "SOUTH WEYMOUTH",
        "state": "MA",
        "postalCode": "02190",
        "country": "US"
      } ]
    },
    "request": {
      "method": "POST",
      "url": "Organization",
      "ifNoneExist": "identifier=https://github.com/synthetichealth/synthea|db0acede-4abe-3c01-8d03-5c68a190d8c7"
    }
  }, {
    "fullUrl": "urn:uuid:9fad6955-7f91-34dd-80c4-997e5e173651",
    "resource": {
      "resourceType": "Location",
      "id": "9fad6955-7f91-34dd-80c4-997e5e173651",
      "meta": {
        "profile": [ "http://hl7.org/fhir/us/core/StructureDefinition/us-core-location" ]
      },
      "identifier": [ {
        "system": "https://github.com/synthetichealth/synthea",
        "value": "9fad6955-7f91-34dd-80c4-997e5e173651"
      } ],
      "status": "active",
      "name": "SOUTH SHORE HOSPITAL",
      "telecom": [ {
        "system": "phone",
        "value": "7813408000"
      } ],
      "address": {
        "line": [ "55 FOGG ROAD" ],
        "city": "SOUTH WEYMOUTH",
        "state": "MA",
        "postalCode": "02190",
        "country": "US"
      },
      "position": {
        "longitude": -71.082651,
        "latitude": 42.24158900000001
      },
      "managingOrganization": {
        "identifier": {
          "system": "https://github.com/synthetichealth/synthea",
          "value": "db0acede-4abe-3c01-8d03-5c68a190d8c7"
        },
        "display": "SOUTH SHORE HOSPITAL"
      }
    },
    "request": {
      "method": "POST",
      "url": "Location",
      "ifNoneExist": "identifier=https://github.com/synthetichealth/synthea|9fad6955-7f91-34dd-80c4-997e5e173651"
    }
  }, {
    "fullUrl": "urn:uuid:cef6c60b-3b96-3bdc-b7ee-bb81307e9f72",
    "resource": {
      "resourceType": "Organization",
      "id": "cef6c60b-3b96-3bdc-b7ee-bb81307e9f72",
      "meta": {
        "profile": [ "http://hl7.org/fhir/us/core/StructureDefinition/us-core-organization" ]
      },
      "extension": [ {
        "url": "http://synthetichealth.github.io/synthea/utilization-encounters-extension",
        "valueInteger": 17
      }, {
        "url": "http://synthetichealth.github.io/synthea/utilization-procedures-extension",
        "valueInteger": 0
      }, {
        "url": "http://synthetichealth.github.io/synthea/utilization-labs-extension",
        "valueInteger": 0
      }, {
        "url": "http://synthetichealth.github.io/synthea/utilization-prescriptions-extension",
        "valueInteger": 0
      } ],
      "identifier": [ {
        "system": "https://github.com/synthetichealth/synthea",
        "value": "cef6c60b-3b96-3bdc-b7ee-bb81307e9f72"
      } ],
      "active": true,
      "type": [ {
        "coding": [ {
          "system": "http://terminology.hl7.org/CodeSystem/organization-type",
          "code": "prov",
          "display": "Healthcare Provider"
        } ],
        "text": "Healthcare Provider"
      } ],
      "name": "PCP10711",
      "telecom": [ {
        "system": "phone",
        "value": "413-207-2803"
      } ],
      "address": [ {
        "line": [ "1789 NORTHAMPTON ST" ],
        "city": "HOLYOKE",
        "state": "MA",
        "postalCode": "01040-1920",
        "country": "US"
      } ]
    },
    "request": {
      "method": "POST",
      "url": "Organization",
      "ifNoneExist": "identifier=https://github.com/synthetichealth/synthea|cef6c60b-3b96-3bdc-b7ee-bb81307e9f72"
    }
  }, {
    "fullUrl": "urn:uuid:9d9ab75f-7dc4-3c73-8722-bfc7088032ab",
    "resource": {
      "resourceType": "Location",
      "id": "9d9ab75f-7dc4-3c73-8722-bfc7088032ab",
      "meta": {
        "profile": [ "http://hl7.org/fhir/us/core/StructureDefinition/us-core-location" ]
      },
      "identifier": [ {
        "system": "https://github.com/synthetichealth/synthea",
        "value": "9d9ab75f-7dc4-3c73-8722-bfc7088032ab"
      } ],
      "status": "active",
      "name": "PCP10711",
      "telecom": [ {
        "system": "phone",
        "value": "413-207-2803"
      } ],
      "address": {
        "line": [ "1789 NORTHAMPTON ST" ],
        "city": "HOLYOKE",
        "state": "MA",
        "postalCode": "01040-1920",
        "country": "US"
      },
      "position": {
        "longitude": -72.642448,
        "latitude": 42.211656
      },
      "managingOrganization": {
        "identifier": {
          "system": "https://github.com/synthetichealth/synthea",
          "value": "cef6c60b-3b96-3bdc-b7ee-bb81307e9f72"
        },
        "display": "PCP10711"
      }
    },
    "request": {
      "method": "POST",
      "url": "Location",
      "ifNoneExist": "identifier=https://github.com/synthetichealth/synthea|9d9ab75f-7dc4-3c73-8722-bfc7088032ab"
    }
  }, {
    "fullUrl": "urn:uuid:46eaf6f1-29f0-394b-a6aa-6d6f9219a973",
    "resource": {
      "resourceType": "Organization",
      "id": "46eaf6f1-29f0-394b-a6aa-6d6f9219a973",
      "meta": {
        "profile": [ "http://hl7.org/fhir/us/core/StructureDefinition/us-core-organization" ]
      },
      "extension": [ {
        "url": "http://synthetichealth.github.io/synthea/utilization-encounters-extension",
        "valueInteger": 44
      }, {
        "url": "http://synthetichealth.github.io/synthea/utilization-procedures-extension",
        "valueInteger": 0
      }, {
        "url": "http://synthetichealth.github.io/synthea/utilization-labs-extension",
        "valueInteger": 0
      }, {
        "url": "http://synthetichealth.github.io/synthea/utilization-prescriptions-extension",
        "valueInteger": 0
      } ],
      "identifier": [ {
        "system": "https://github.com/synthetichealth/synthea",
        "value": "46eaf6f1-29f0-394b-a6aa-6d6f9219a973"
      } ],
      "active": true,
      "type": [ {
        "coding": [ {
          "system": "http://terminology.hl7.org/CodeSystem/organization-type",
          "code": "prov",
          "display": "Healthcare Provider"
        } ],
        "text": "Healthcare Provider"
      } ],
      "name": "PCP18988",
      "telecom": [ {
        "system": "phone",
        "value": "978-372-0575"
      } ],
      "address": [ {
        "line": [ "10 PHOENIX ROW" ],
        "city": "HAVERHILL",
        "state": "MA",
        "postalCode": "01832-5734",
        "country": "US"
      } ]
    },
    "request": {
      "method": "POST",
      "url": "Organization",
      "ifNoneExist": "identifier=https://github.com/synthetichealth/synthea|46eaf6f1-29f0-394b-a6aa-6d6f9219a973"
    }
  }, {
    "fullUrl": "urn:uuid:e66313ee-5459-393c-bd31-be1bc3f455d5",
    "resource": {
      "resourceType": "Location",
      "id": "e66313ee-5459-393c-bd31-be1bc3f455d5",
      "meta": {
        "profile": [ "http://hl7.org/fhir/us/core/StructureDefinition/us-core-location" ]
      },
      "identifier": [ {
        "system": "https://github.com/synthetichealth/synthea",
        "value": "e66313ee-5459-393c-bd31-be1bc3f455d5"
      } ],
      "status": "active",
      "name": "PCP18988",
      "telecom": [ {
        "system": "phone",
        "value": "978-372-0575"
      } ],
      "address": {
        "line": [ "10 PHOENIX ROW" ],
        "city": "HAVERHILL",
        "state": "MA",
        "postalCode": "01832-5734",
        "country": "US"
      },
      "position": {
        "longitude": -71.087436,
        "latitude": 42.782945
      },
      "managingOrganization": {
        "identifier": {
          "system": "https://github.com/synthetichealth/synthea",
          "value": "46eaf6f1-29f0-394b-a6aa-6d6f9219a973"
        },
        "display": "PCP18988"
      }
    },
    "request": {
      "method": "POST",
      "url": "Location",
      "ifNoneExist": "identifier=https://github.com/synthetichealth/synthea|e66313ee-5459-393c-bd31-be1bc3f455d5"
    }
  }, {
    "fullUrl": "urn:uuid:95702d0c-4705-3059-8260-9c75aa7e819c",
    "resource": {
      "resourceType": "Organization",
      "id": "95702d0c-4705-3059-8260-9c75aa7e819c",
      "meta": {
        "profile": [ "http://hl7.org/fhir/us/core/StructureDefinition/us-core-organization" ]
      },
      "extension": [ {
        "url": "http://synthetichealth.github.io/synthea/utilization-encounters-extension",
        "valueInteger": 46
      }, {
        "url": "http://synthetichealth.github.io/synthea/utilization-procedures-extension",
        "valueInteger": 1
      }, {
        "url": "http://synthetichealth.github.io/synthea/utilization-labs-extension",
        "valueInteger": 0
      }, {
        "url": "http://synthetichealth.github.io/synthea/utilization-prescriptions-extension",
        "valueInteger": 1
      } ],
      "identifier": [ {
        "system": "https://github.com/synthetichealth/synthea",
        "value": "95702d0c-4705-3059-8260-9c75aa7e819c"
      } ],
      "active": true,
      "type": [ {
        "coding": [ {
          "system": "http://terminology.hl7.org/CodeSystem/organization-type",
          "code": "prov",
          "display": "Healthcare Provider"
        } ],
        "text": "Healthcare Provider"
      } ],
      "name": "PCP19512",
      "telecom": [ {
        "system": "phone",
        "value": "617-731-6170"
      } ],
      "address": [ {
        "line": [ "29 COTTAGE AVE" ],
        "city": "QUINCY",
        "state": "MA",
        "postalCode": "02169-5263",
        "country": "US"
      } ]
    },
    "request": {
      "method": "POST",
      "url": "Organization",
      "ifNoneExist": "identifier=https://github.com/synthetichealth/synthea|95702d0c-4705-3059-8260-9c75aa7e819c"
    }
  }, {
    "fullUrl": "urn:uuid:60059885-4cd0-3730-bc74-b1b666115db7",
    "resource": {
      "resourceType": "Location",
      "id": "60059885-4cd0-3730-bc74-b1b666115db7",
      "meta": {
        "profile": [ "http://hl7.org/fhir/us/core/StructureDefinition/us-core-location" ]
      },
      "identifier": [ {
        "system": "https://github.com/synthetichealth/synthea",
        "value": "60059885-4cd0-3730-bc74-b1b666115db7"
      } ],
      "status": "active",
      "name": "PCP19512",
      "telecom": [ {
        "system": "phone",
        "value": "617-731-6170"
      } ],
      "address": {
        "line": [ "29 COTTAGE AVE" ],
        "city": "QUINCY",
        "state": "MA",
        "postalCode": "02169-5263",
        "country": "US"
      },
      "position": {
        "longitude": -71.008988,
        "latitude": 42.261006
      },
      "managingOrganization": {
        "identifier": {
          "system": "https://github.com/synthetichealth/synthea",
          "value": "95702d0c-4705-3059-8260-9c75aa7e819c"
        },
        "display": "PCP19512"
      }
    },
    "request": {
      "method": "POST",
      "url": "Location",
      "ifNoneExist": "identifier=https://github.com/synthetichealth/synthea|60059885-4cd0-3730-bc74-b1b666115db7"
    }
  }, {
    "fullUrl": "urn:uuid:10968ba2-75e7-351a-a73a-c37a2a8dfcfc",
    "resource": {
      "resourceType": "Organization",
      "id": "10968ba2-75e7-351a-a73a-c37a2a8dfcfc",
      "meta": {
        "profile": [ "http://hl7.org/fhir/us/core/StructureDefinition/us-core-organization" ]
      },
      "extension": [ {
        "url": "http://synthetichealth.github.io/synthea/utilization-encounters-extension",
        "valueInteger": 44
      }, {
        "url": "http://synthetichealth.github.io/synthea/utilization-procedures-extension",
        "valueInteger": 0
      }, {
        "url": "http://synthetichealth.github.io/synthea/utilization-labs-extension",
        "valueInteger": 0
      }, {
        "url": "http://synthetichealth.github.io/synthea/utilization-prescriptions-extension",
        "valueInteger": 0
      } ],
      "identifier": [ {
        "system": "https://github.com/synthetichealth/synthea",
        "value": "10968ba2-75e7-351a-a73a-c37a2a8dfcfc"
      } ],
      "active": true,
      "type": [ {
        "coding": [ {
          "system": "http://terminology.hl7.org/CodeSystem/organization-type",
          "code": "prov",
          "display": "Healthcare Provider"
        } ],
        "text": "Healthcare Provider"
      } ],
      "name": "PCP25544",
      "telecom": [ {
        "system": "phone",
        "value": "978-290-8889"
      } ],
      "address": [ {
        "line": [ "65 EASTERN AVE" ],
        "city": "ESSEX",
        "state": "MA",
        "postalCode": "01929-1300",
        "country": "US"
      } ]
    },
    "request": {
      "method": "POST",
      "url": "Organization",
      "ifNoneExist": "identifier=https://github.com/synthetichealth/synthea|10968ba2-75e7-351a-a73a-c37a2a8dfcfc"
    }
  }, {
    "fullUrl": "urn:uuid:1b844ce7-c38b-3901-9909-e4cfa20a3bd0",
    "resource": {
      "resourceType": "Location",
      "id": "1b844ce7-c38b-3901-9909-e4cfa20a3bd0",
      "meta": {
        "profile": [ "http://hl7.org/fhir/us/core/StructureDefinition/us-core-location" ]
      },
      "identifier": [ {
        "system": "https://github.com/synthetichealth/synthea",
        "value": "1b844ce7-c38b-3901-9909-e4cfa20a3bd0"
      } ],
      "status": "active",
      "name": "PCP25544",
      "telecom": [ {
        "system": "phone",
        "value": "978-290-8889"
      } ],
      "address": {
        "line": [ "65 EASTERN AVE" ],
        "city": "ESSEX",
        "state": "MA",
        "postalCode": "01929-1300",
        "country": "US"
      },
      "position": {
        "longitude": -70.77117199999999,
        "latitude": 42.64042
      },
      "managingOrganization": {
        "identifier": {
          "system": "https://github.com/synthetichealth/synthea",
          "value": "10968ba2-75e7-351a-a73a-c37a2a8dfcfc"
        },
        "display": "PCP25544"
      }
    },
    "request": {
      "method": "POST",
      "url": "Location",
      "ifNoneExist": "identifier=https://github.com/synthetichealth/synthea|1b844ce7-c38b-3901-9909-e4cfa20a3bd0"
    }
  }, {
    "fullUrl": "urn:uuid:09091e3c-017b-33b4-bb50-28c0dd74a15d",
    "resource": {
      "resourceType": "Organization",
      "id": "09091e3c-017b-33b4-bb50-28c0dd74a15d",
      "meta": {
        "profile": [ "http://hl7.org/fhir/us/core/StructureDefinition/us-core-organization" ]
      },
      "extension": [ {
        "url": "http://synthetichealth.github.io/synthea/utilization-encounters-extension",
        "valueInteger": 30
      }, {
        "url": "http://synthetichealth.github.io/synthea/utilization-procedures-extension",
        "valueInteger": 0
      }, {
        "url": "http://synthetichealth.github.io/synthea/utilization-labs-extension",
        "valueInteger": 0
      }, {
        "url": "http://synthetichealth.github.io/synthea/utilization-prescriptions-extension",
        "valueInteger": 0
      } ],
      "identifier": [ {
        "system": "https://github.com/synthetichealth/synthea",
        "value": "09091e3c-017b-33b4-bb50-28c0dd74a15d"
      } ],
      "active": true,
      "type": [ {
        "coding": [ {
          "system": "http://terminology.hl7.org/CodeSystem/organization-type",
          "code": "prov",
          "display": "Healthcare Provider"
        } ],
        "text": "Healthcare Provider"
      } ],
      "name": "PCP31553",
      "telecom": [ {
        "system": "phone",
        "value": "413-562-10111"
      } ],
      "address": [ {
        "line": [ "70 COURT ST" ],
        "city": "WESTFIELD",
        "state": "MA",
        "postalCode": "01085-3521",
        "country": "US"
      } ]
    },
    "request": {
      "method": "POST",
      "url": "Organization",
      "ifNoneExist": "identifier=https://github.com/synthetichealth/synthea|09091e3c-017b-33b4-bb50-28c0dd74a15d"
    }
  }, {
    "fullUrl": "urn:uuid:5ae3a131-e116-30b9-af76-6eef597d7146",
    "resource": {
      "resourceType": "Location",
      "id": "5ae3a131-e116-30b9-af76-6eef597d7146",
      "meta": {
        "profile": [ "http://hl7.org/fhir/us/core/StructureDefinition/us-core-location" ]
      },
      "identifier": [ {
        "system": "https://github.com/synthetichealth/synthea",
        "value": "5ae3a131-e116-30b9-af76-6eef597d7146"
      } ],
      "status": "active",
      "name": "PCP31553",
      "telecom": [ {
        "system": "phone",
        "value": "413-562-10111"
      } ],
      "address": {
        "line": [ "70 COURT ST" ],
        "city": "WESTFIELD",
        "state": "MA",
        "postalCode": "01085-3521",
        "country": "US"
      },
      "position": {
        "longitude": -72.755911,
        "latitude": 42.138838
      },
      "managingOrganization": {
        "identifier": {
          "system": "https://github.com/synthetichealth/synthea",
          "value": "09091e3c-017b-33b4-bb50-28c0dd74a15d"
        },
        "display": "PCP31553"
      }
    },
    "request": {
      "method": "POST",
      "url": "Location",
      "ifNoneExist": "identifier=https://github.com/synthetichealth/synthea|5ae3a131-e116-30b9-af76-6eef597d7146"
    }
  }, {
    "fullUrl": "urn:uuid:946ef31f-906c-3102-b9dd-09f0b28e3b38",
    "resource": {
      "resourceType": "Organization",
      "id": "946ef31f-906c-3102-b9dd-09f0b28e3b38",
      "meta": {
        "profile": [ "http://hl7.org/fhir/us/core/StructureDefinition/us-core-organization" ]
      },
      "extension": [ {
        "url": "http://synthetichealth.github.io/synthea/utilization-encounters-extension",
        "valueInteger": 59
      }, {
        "url": "http://synthetichealth.github.io/synthea/utilization-procedures-extension",
        "valueInteger": 21
      }, {
        "url": "http://synthetichealth.github.io/synthea/utilization-labs-extension",
        "valueInteger": 0
      }, {
        "url": "http://synthetichealth.github.io/synthea/utilization-prescriptions-extension",
        "valueInteger": 63
      } ],
      "identifier": [ {
        "system": "https://github.com/synthetichealth/synthea",
        "value": "946ef31f-906c-3102-b9dd-09f0b28e3b38"
      } ],
      "active": true,
      "type": [ {
        "coding": [ {
          "system": "http://terminology.hl7.org/CodeSystem/organization-type",
          "code": "prov",
          "display": "Healthcare Provider"
        } ],
        "text": "Healthcare Provider"
      } ],
      "name": "PCP34185",
      "telecom": [ {
        "system": "phone",
        "value": "413-387-5129"
      } ],
      "address": [ {
        "line": [ "90 CONZ ST" ],
        "city": "NORTHAMPTON",
        "state": "MA",
        "postalCode": "01060-3881",
        "country": "US"
      } ]
    },
    "request": {
      "method": "POST",
      "url": "Organization",
      "ifNoneExist": "identifier=https://github.com/synthetichealth/synthea|946ef31f-906c-3102-b9dd-09f0b28e3b38"
    }
  }, {
    "fullUrl": "urn:uuid:aae6fe7e-1c42-30fa-a5fd-e65b07716800",
    "resource": {
      "resourceType": "Location",
      "id": "aae6fe7e-1c42-30fa-a5fd-e65b07716800",
      "meta": {
        "profile": [ "http://hl7.org/fhir/us/core/StructureDefinition/us-core-location" ]
      },
      "identifier": [ {
        "system": "https://github.com/synthetichealth/synthea",
        "value": "aae6fe7e-1c42-30fa-a5fd-e65b07716800"
      } ],
      "status": "active",
      "name": "PCP34185",
      "telecom": [ {
        "system": "phone",
        "value": "413-387-5129"
      } ],
      "address": {
        "line": [ "90 CONZ ST" ],
        "city": "NORTHAMPTON",
        "state": "MA",
        "postalCode": "01060-3881",
        "country": "US"
      },
      "position": {
        "longitude": -72.67463000000001,
        "latitude": 42.327044
      },
      "managingOrganization": {
        "identifier": {
          "system": "https://github.com/synthetichealth/synthea",
          "value": "946ef31f-906c-3102-b9dd-09f0b28e3b38"
        },
        "display": "PCP34185"
      }
    },
    "request": {
      "method": "POST",
      "url": "Location",
      "ifNoneExist": "identifier=https://github.com/synthetichealth/synthea|aae6fe7e-1c42-30fa-a5fd-e65b07716800"
    }
  }, {
    "fullUrl": "urn:uuid:dfb1ef71-cbff-3be9-94c8-0e0e0a70c284",
    "resource": {
      "resourceType": "Organization",
      "id": "dfb1ef71-cbff-3be9-94c8-0e0e0a70c284",
      "meta": {
        "profile": [ "http://hl7.org/fhir/us/core/StructureDefinition/us-core-organization" ]
      },
      "extension": [ {
        "url": "http://synthetichealth.github.io/synthea/utilization-encounters-extension",
        "valueInteger": 35
      }, {
        "url": "http://synthetichealth.github.io/synthea/utilization-procedures-extension",
        "valueInteger": 0
      }, {
        "url": "http://synthetichealth.github.io/synthea/utilization-labs-extension",
        "valueInteger": 0
      }, {
        "url": "http://synthetichealth.github.io/synthea/utilization-prescriptions-extension",
        "valueInteger": 0
      } ],
      "identifier": [ {
        "system": "https://github.com/synthetichealth/synthea",
        "value": "dfb1ef71-cbff-3be9-94c8-0e0e0a70c284"
      } ],
      "active": true,
      "type": [ {
        "coding": [ {
          "system": "http://terminology.hl7.org/CodeSystem/organization-type",
          "code": "prov",
          "display": "Healthcare Provider"
        } ],
        "text": "Healthcare Provider"
      } ],
      "name": "EYE CENTER LLC",
      "telecom": [ {
        "system": "phone",
        "value": "508-620-0017"
      } ],
      "address": [ {
        "line": [ "61 LINCOLN ST" ],
        "city": "FRAMINGHAM",
        "state": "MA",
        "postalCode": "01702-8264",
        "country": "US"
      } ]
    },
    "request": {
      "method": "POST",
      "url": "Organization",
      "ifNoneExist": "identifier=https://github.com/synthetichealth/synthea|dfb1ef71-cbff-3be9-94c8-0e0e0a70c284"
    }
  }, {
    "fullUrl": "urn:uuid:500df740-7550-372e-ab48-944902496e89",
    "resource": {
      "resourceType": "Location",
      "id": "500df740-7550-372e-ab48-944902496e89",
      "meta": {
        "profile": [ "http://hl7.org/fhir/us/core/StructureDefinition/us-core-location" ]
      },
      "identifier": [ {
        "system": "https://github.com/synthetichealth/synthea",
        "value": "500df740-7550-372e-ab48-944902496e89"
      } ],
      "status": "active",
      "name": "EYE CENTER LLC",
      "telecom": [ {
        "system": "phone",
        "value": "508-620-0017"
      } ],
      "address": {
        "line": [ "61 LINCOLN ST" ],
        "city": "FRAMINGHAM",
        "state": "MA",
        "postalCode": "01702-8264",
        "country": "US"
      },
      "position": {
        "longitude": -71.436196,
        "latitude": 42.307905
      },
      "managingOrganization": {
        "identifier": {
          "system": "https://github.com/synthetichealth/synthea",
          "value": "dfb1ef71-cbff-3be9-94c8-0e0e0a70c284"
        },
        "display": "EYE CENTER LLC"
      }
    },
    "request": {
      "method": "POST",
      "url": "Location",
      "ifNoneExist": "identifier=https://github.com/synthetichealth/synthea|500df740-7550-372e-ab48-944902496e89"
    }
  }, {
    "fullUrl": "urn:uuid:f022c152-0035-385a-bf96-307024125878",
    "resource": {
      "resourceType": "Organization",
      "id": "f022c152-0035-385a-bf96-307024125878",
      "meta": {
        "profile": [ "http://hl7.org/fhir/us/core/StructureDefinition/us-core-organization" ]
      },
      "extension": [ {
        "url": "http://synthetichealth.github.io/synthea/utilization-encounters-extension",
        "valueInteger": 10
      }, {
        "url": "http://synthetichealth.github.io/synthea/utilization-procedures-extension",
        "valueInteger": 0
      }, {
        "url": "http://synthetichealth.github.io/synthea/utilization-labs-extension",
        "valueInteger": 0
      }, {
        "url": "http://synthetichealth.github.io/synthea/utilization-prescriptions-extension",
        "valueInteger": 0
      } ],
      "identifier": [ {
        "system": "https://github.com/synthetichealth/synthea",
        "value": "f022c152-0035-385a-bf96-307024125878"
      } ],
      "active": true,
      "type": [ {
        "coding": [ {
          "system": "http://terminology.hl7.org/CodeSystem/organization-type",
          "code": "prov",
          "display": "Healthcare Provider"
        } ],
        "text": "Healthcare Provider"
      } ],
      "name": "PCP44850",
      "telecom": [ {
        "system": "phone",
        "value": "617-515-4059"
      } ],
      "address": [ {
        "line": [ "1309 BEACON ST" ],
        "city": "BROOKLINE",
        "state": "MA",
        "postalCode": "02446-5252",
        "country": "US"
      } ]
    },
    "request": {
      "method": "POST",
      "url": "Organization",
      "ifNoneExist": "identifier=https://github.com/synthetichealth/synthea|f022c152-0035-385a-bf96-307024125878"
    }
  }, {
    "fullUrl": "urn:uuid:22d5f2d8-7159-35c2-bf74-6efe1e7e2ad7",
    "resource": {
      "resourceType": "Location",
      "id": "22d5f2d8-7159-35c2-bf74-6efe1e7e2ad7",
      "meta": {
        "profile": [ "http://hl7.org/fhir/us/core/StructureDefinition/us-core-location" ]
      },
      "identifier": [ {
        "system": "https://github.com/synthetichealth/synthea",
        "value": "22d5f2d8-7159-35c2-bf74-6efe1e7e2ad7"
      } ],
      "status": "active",
      "name": "PCP44850",
      "telecom": [ {
        "system": "phone",
        "value": "617-515-4059"
      } ],
      "address": {
        "line": [ "1309 BEACON ST" ],
        "city": "BROOKLINE",
        "state": "MA",
        "postalCode": "02446-5252",
        "country": "US"
      },
      "position": {
        "longitude": -71.142003,
        "latitude": 42.323853
      },
      "managingOrganization": {
        "identifier": {
          "system": "https://github.com/synthetichealth/synthea",
          "value": "f022c152-0035-385a-bf96-307024125878"
        },
        "display": "PCP44850"
      }
    },
    "request": {
      "method": "POST",
      "url": "Location",
      "ifNoneExist": "identifier=https://github.com/synthetichealth/synthea|22d5f2d8-7159-35c2-bf74-6efe1e7e2ad7"
    }
  }, {
    "fullUrl": "urn:uuid:6d292afa-3f27-3fa6-945e-cdce925a8062",
    "resource": {
      "resourceType": "Organization",
      "id": "6d292afa-3f27-3fa6-945e-cdce925a8062",
      "meta": {
        "profile": [ "http://hl7.org/fhir/us/core/StructureDefinition/us-core-organization" ]
      },
      "extension": [ {
        "url": "http://synthetichealth.github.io/synthea/utilization-encounters-extension",
        "valueInteger": 42
      }, {
        "url": "http://synthetichealth.github.io/synthea/utilization-procedures-extension",
        "valueInteger": 0
      }, {
        "url": "http://synthetichealth.github.io/synthea/utilization-labs-extension",
        "valueInteger": 0
      }, {
        "url": "http://synthetichealth.github.io/synthea/utilization-prescriptions-extension",
        "valueInteger": 0
      } ],
      "identifier": [ {
        "system": "https://github.com/synthetichealth/synthea",
        "value": "6d292afa-3f27-3fa6-945e-cdce925a8062"
      } ],
      "active": true,
      "type": [ {
        "coding": [ {
          "system": "http://terminology.hl7.org/CodeSystem/organization-type",
          "code": "prov",
          "display": "Healthcare Provider"
        } ],
        "text": "Healthcare Provider"
      } ],
      "name": "PCP57666",
      "telecom": [ {
        "system": "phone",
        "value": "617-924-0268"
      } ],
      "address": [ {
        "line": [ "550 BELMONT ST" ],
        "city": "WATERTOWN",
        "state": "MA",
        "postalCode": "02472-4951",
        "country": "US"
      } ]
    },
    "request": {
      "method": "POST",
      "url": "Organization",
      "ifNoneExist": "identifier=https://github.com/synthetichealth/synthea|6d292afa-3f27-3fa6-945e-cdce925a8062"
    }
  }, {
    "fullUrl": "urn:uuid:30220a15-b3c5-3226-b2d8-55d627dbae39",
    "resource": {
      "resourceType": "Location",
      "id": "30220a15-b3c5-3226-b2d8-55d627dbae39",
      "meta": {
        "profile": [ "http://hl7.org/fhir/us/core/StructureDefinition/us-core-location" ]
      },
      "identifier": [ {
        "system": "https://github.com/synthetichealth/synthea",
        "value": "30220a15-b3c5-3226-b2d8-55d627dbae39"
      } ],
      "status": "active",
      "name": "PCP57666",
      "telecom": [ {
        "system": "phone",
        "value": "617-924-0268"
      } ],
      "address": {
        "line": [ "550 BELMONT ST" ],
        "city": "WATERTOWN",
        "state": "MA",
        "postalCode": "02472-4951",
        "country": "US"
      },
      "position": {
        "longitude": -71.177925,
        "latitude": 42.369451
      },
      "managingOrganization": {
        "identifier": {
          "system": "https://github.com/synthetichealth/synthea",
          "value": "6d292afa-3f27-3fa6-945e-cdce925a8062"
        },
        "display": "PCP57666"
      }
    },
    "request": {
      "method": "POST",
      "url": "Location",
      "ifNoneExist": "identifier=https://github.com/synthetichealth/synthea|30220a15-b3c5-3226-b2d8-55d627dbae39"
    }
  }, {
    "fullUrl": "urn:uuid:3736f71b-4b15-3e9b-8578-8256538f0ac1",
    "resource": {
      "resourceType": "Organization",
      "id": "3736f71b-4b15-3e9b-8578-8256538f0ac1",
      "meta": {
        "profile": [ "http://hl7.org/fhir/us/core/StructureDefinition/us-core-organization" ]
      },
      "extension": [ {
        "url": "http://synthetichealth.github.io/synthea/utilization-encounters-extension",
        "valueInteger": 50
      }, {
        "url": "http://synthetichealth.github.io/synthea/utilization-procedures-extension",
        "valueInteger": 0
      }, {
        "url": "http://synthetichealth.github.io/synthea/utilization-labs-extension",
        "valueInteger": 0
      }, {
        "url": "http://synthetichealth.github.io/synthea/utilization-prescriptions-extension",
        "valueInteger": 0
      } ],
      "identifier": [ {
        "system": "https://github.com/synthetichealth/synthea",
        "value": "3736f71b-4b15-3e9b-8578-8256538f0ac1"
      } ],
      "active": true,
      "type": [ {
        "coding": [ {
          "system": "http://terminology.hl7.org/CodeSystem/organization-type",
          "code": "prov",
          "display": "Healthcare Provider"
        } ],
        "text": "Healthcare Provider"
      } ],
      "name": "RCNA1 PLLC",
      "telecom": [ {
        "system": "phone",
        "value": "978-975-0700"
      } ],
      "address": [ {
        "line": [ "380 R MERRIMACK ST" ],
        "city": "METHUEN",
        "state": "MA",
        "postalCode": "01844-5883",
        "country": "US"
      } ]
    },
    "request": {
      "method": "POST",
      "url": "Organization",
      "ifNoneExist": "identifier=https://github.com/synthetichealth/synthea|3736f71b-4b15-3e9b-8578-8256538f0ac1"
    }
  }, {
    "fullUrl": "urn:uuid:ff2b40ea-eab5-3841-9787-8b5db24407b2",
    "resource": {
      "resourceType": "Location",
      "id": "ff2b40ea-eab5-3841-9787-8b5db24407b2",
      "meta": {
        "profile": [ "http://hl7.org/fhir/us/core/StructureDefinition/us-core-location" ]
      },
      "identifier": [ {
        "system": "https://github.com/synthetichealth/synthea",
        "value": "ff2b40ea-eab5-3841-9787-8b5db24407b2"
      } ],
      "status": "active",
      "name": "RCNA1 PLLC",
      "telecom": [ {
        "system": "phone",
        "value": "978-975-0700"
      } ],
      "address": {
        "line": [ "380 R MERRIMACK ST" ],
        "city": "METHUEN",
        "state": "MA",
        "postalCode": "01844-5883",
        "country": "US"
      },
      "position": {
        "longitude": -71.178588,
        "latitude": 42.742751
      },
      "managingOrganization": {
        "identifier": {
          "system": "https://github.com/synthetichealth/synthea",
          "value": "3736f71b-4b15-3e9b-8578-8256538f0ac1"
        },
        "display": "RCNA1 PLLC"
      }
    },
    "request": {
      "method": "POST",
      "url": "Location",
      "ifNoneExist": "identifier=https://github.com/synthetichealth/synthea|ff2b40ea-eab5-3841-9787-8b5db24407b2"
    }
  }, {
    "fullUrl": "urn:uuid:1f645c13-be73-3c42-9b77-e1257a5d9d41",
    "resource": {
      "resourceType": "Organization",
      "id": "1f645c13-be73-3c42-9b77-e1257a5d9d41",
      "meta": {
        "profile": [ "http://hl7.org/fhir/us/core/StructureDefinition/us-core-organization" ]
      },
      "extension": [ {
        "url": "http://synthetichealth.github.io/synthea/utilization-encounters-extension",
        "valueInteger": 28
      }, {
        "url": "http://synthetichealth.github.io/synthea/utilization-procedures-extension",
        "valueInteger": 0
      }, {
        "url": "http://synthetichealth.github.io/synthea/utilization-labs-extension",
        "valueInteger": 0
      }, {
        "url": "http://synthetichealth.github.io/synthea/utilization-prescriptions-extension",
        "valueInteger": 0
      } ],
      "identifier": [ {
        "system": "https://github.com/synthetichealth/synthea",
        "value": "1f645c13-be73-3c42-9b77-e1257a5d9d41"
      } ],
      "active": true,
      "type": [ {
        "coding": [ {
          "system": "http://terminology.hl7.org/CodeSystem/organization-type",
          "code": "prov",
          "display": "Healthcare Provider"
        } ],
        "text": "Healthcare Provider"
      } ],
      "name": "PCP88418",
      "telecom": [ {
        "system": "phone",
        "value": "(555) 555-5555"
      } ],
      "address": [ {
        "line": [ "272 MAIN ST" ],
        "city": "STONEHAM",
        "state": "MA",
        "postalCode": "02180-3505",
        "country": "US"
      } ]
    },
    "request": {
      "method": "POST",
      "url": "Organization",
      "ifNoneExist": "identifier=https://github.com/synthetichealth/synthea|1f645c13-be73-3c42-9b77-e1257a5d9d41"
    }
  }, {
    "fullUrl": "urn:uuid:9ad1f6d2-7ef7-3fe0-91d5-8e79441b8a9b",
    "resource": {
      "resourceType": "Location",
      "id": "9ad1f6d2-7ef7-3fe0-91d5-8e79441b8a9b",
      "meta": {
        "profile": [ "http://hl7.org/fhir/us/core/StructureDefinition/us-core-location" ]
      },
      "identifier": [ {
        "system": "https://github.com/synthetichealth/synthea",
        "value": "9ad1f6d2-7ef7-3fe0-91d5-8e79441b8a9b"
      } ],
      "status": "active",
      "name": "PCP88418",
      "telecom": [ {
        "system": "phone",
        "value": "(555) 555-5555"
      } ],
      "address": {
        "line": [ "272 MAIN ST" ],
        "city": "STONEHAM",
        "state": "MA",
        "postalCode": "02180-3505",
        "country": "US"
      },
      "position": {
        "longitude": -71.097665,
        "latitude": 42.474208000000004
      },
      "managingOrganization": {
        "identifier": {
          "system": "https://github.com/synthetichealth/synthea",
          "value": "1f645c13-be73-3c42-9b77-e1257a5d9d41"
        },
        "display": "PCP88418"
      }
    },
    "request": {
      "method": "POST",
      "url": "Location",
      "ifNoneExist": "identifier=https://github.com/synthetichealth/synthea|9ad1f6d2-7ef7-3fe0-91d5-8e79441b8a9b"
    }
  }, {
    "fullUrl": "urn:uuid:99157068-4f0d-3906-8723-d8b7fda349f5",
    "resource": {
      "resourceType": "Organization",
      "id": "99157068-4f0d-3906-8723-d8b7fda349f5",
      "meta": {
        "profile": [ "http://hl7.org/fhir/us/core/StructureDefinition/us-core-organization" ]
      },
      "extension": [ {
        "url": "http://synthetichealth.github.io/synthea/utilization-encounters-extension",
        "valueInteger": 38
      }, {
        "url": "http://synthetichealth.github.io/synthea/utilization-procedures-extension",
        "valueInteger": 0
      }, {
        "url": "http://synthetichealth.github.io/synthea/utilization-labs-extension",
        "valueInteger": 0
      }, {
        "url": "http://synthetichealth.github.io/synthea/utilization-prescriptions-extension",
        "valueInteger": 0
      } ],
      "identifier": [ {
        "system": "https://github.com/synthetichealth/synthea",
        "value": "99157068-4f0d-3906-8723-d8b7fda349f5"
      } ],
      "active": true,
      "type": [ {
        "coding": [ {
          "system": "http://terminology.hl7.org/CodeSystem/organization-type",
          "code": "prov",
          "display": "Healthcare Provider"
        } ],
        "text": "Healthcare Provider"
      } ],
      "name": "PCP107381",
      "telecom": [ {
        "system": "phone",
        "value": "(555) 555-5555"
      } ],
      "address": [ {
        "line": [ "1533 LAKEVIEW AVE" ],
        "city": "DRACUT",
        "state": "MA",
        "postalCode": "01826-3324",
        "country": "US"
      } ]
    },
    "request": {
      "method": "POST",
      "url": "Organization",
      "ifNoneExist": "identifier=https://github.com/synthetichealth/synthea|99157068-4f0d-3906-8723-d8b7fda349f5"
    }
  }, {
    "fullUrl": "urn:uuid:e039be81-7de0-3f0a-a903-e87f9f8e334e",
    "resource": {
      "resourceType": "Location",
      "id": "e039be81-7de0-3f0a-a903-e87f9f8e334e",
      "meta": {
        "profile": [ "http://hl7.org/fhir/us/core/StructureDefinition/us-core-location" ]
      },
      "identifier": [ {
        "system": "https://github.com/synthetichealth/synthea",
        "value": "e039be81-7de0-3f0a-a903-e87f9f8e334e"
      } ],
      "status": "active",
      "name": "PCP107381",
      "telecom": [ {
        "system": "phone",
        "value": "(555) 555-5555"
      } ],
      "address": {
        "line": [ "1533 LAKEVIEW AVE" ],
        "city": "DRACUT",
        "state": "MA",
        "postalCode": "01826-3324",
        "country": "US"
      },
      "position": {
        "longitude": -71.30068,
        "latitude": 42.679722999999996
      },
      "managingOrganization": {
        "identifier": {
          "system": "https://github.com/synthetichealth/synthea",
          "value": "99157068-4f0d-3906-8723-d8b7fda349f5"
        },
        "display": "PCP107381"
      }
    },
    "request": {
      "method": "POST",
      "url": "Location",
      "ifNoneExist": "identifier=https://github.com/synthetichealth/synthea|e039be81-7de0-3f0a-a903-e87f9f8e334e"
    }
  }, {
    "fullUrl": "urn:uuid:2081b743-fb07-3f55-a1f0-1d4334fbb37d",
    "resource": {
      "resourceType": "Organization",
      "id": "2081b743-fb07-3f55-a1f0-1d4334fbb37d",
      "meta": {
        "profile": [ "http://hl7.org/fhir/us/core/StructureDefinition/us-core-organization" ]
      },
      "extension": [ {
        "url": "http://synthetichealth.github.io/synthea/utilization-encounters-extension",
        "valueInteger": 39
      }, {
        "url": "http://synthetichealth.github.io/synthea/utilization-procedures-extension",
        "valueInteger": 0
      }, {
        "url": "http://synthetichealth.github.io/synthea/utilization-labs-extension",
        "valueInteger": 0
      }, {
        "url": "http://synthetichealth.github.io/synthea/utilization-prescriptions-extension",
        "valueInteger": 0
      } ],
      "identifier": [ {
        "system": "https://github.com/synthetichealth/synthea",
        "value": "2081b743-fb07-3f55-a1f0-1d4334fbb37d"
      } ],
      "active": true,
      "type": [ {
        "coding": [ {
          "system": "http://terminology.hl7.org/CodeSystem/organization-type",
          "code": "prov",
          "display": "Healthcare Provider"
        } ],
        "text": "Healthcare Provider"
      } ],
      "name": "PCP116153",
      "telecom": [ {
        "system": "phone",
        "value": "508-954-2372"
      } ],
      "address": [ {
        "line": [ "100 COPELAND DR" ],
        "city": "MANSFIELD",
        "state": "MA",
        "postalCode": "02048-1245",
        "country": "US"
      } ]
    },
    "request": {
      "method": "POST",
      "url": "Organization",
      "ifNoneExist": "identifier=https://github.com/synthetichealth/synthea|2081b743-fb07-3f55-a1f0-1d4334fbb37d"
    }
  }, {
    "fullUrl": "urn:uuid:9ba3a5ac-c952-3a51-bb5c-607f2a080a6b",
    "resource": {
      "resourceType": "Location",
      "id": "9ba3a5ac-c952-3a51-bb5c-607f2a080a6b",
      "meta": {
        "profile": [ "http://hl7.org/fhir/us/core/StructureDefinition/us-core-location" ]
      },
      "identifier": [ {
        "system": "https://github.com/synthetichealth/synthea",
        "value": "9ba3a5ac-c952-3a51-bb5c-607f2a080a6b"
      } ],
      "status": "active",
      "name": "PCP116153",
      "telecom": [ {
        "system": "phone",
        "value": "508-954-2372"
      } ],
      "address": {
        "line": [ "100 COPELAND DR" ],
        "city": "MANSFIELD",
        "state": "MA",
        "postalCode": "02048-1245",
        "country": "US"
      },
      "position": {
        "longitude": -71.21641,
        "latitude": 42.017302
      },
      "managingOrganization": {
        "identifier": {
          "system": "https://github.com/synthetichealth/synthea",
          "value": "2081b743-fb07-3f55-a1f0-1d4334fbb37d"
        },
        "display": "PCP116153"
      }
    },
    "request": {
      "method": "POST",
      "url": "Location",
      "ifNoneExist": "identifier=https://github.com/synthetichealth/synthea|9ba3a5ac-c952-3a51-bb5c-607f2a080a6b"
    }
  }, {
    "fullUrl": "urn:uuid:342bbb13-8f8b-3d5e-abc8-571e6c1d5603",
    "resource": {
      "resourceType": "Organization",
      "id": "342bbb13-8f8b-3d5e-abc8-571e6c1d5603",
      "meta": {
        "profile": [ "http://hl7.org/fhir/us/core/StructureDefinition/us-core-organization" ]
      },
      "extension": [ {
        "url": "http://synthetichealth.github.io/synthea/utilization-encounters-extension",
        "valueInteger": 69
      }, {
        "url": "http://synthetichealth.github.io/synthea/utilization-procedures-extension",
        "valueInteger": 0
      }, {
        "url": "http://synthetichealth.github.io/synthea/utilization-labs-extension",
        "valueInteger": 0
      }, {
        "url": "http://synthetichealth.github.io/synthea/utilization-prescriptions-extension",
        "valueInteger": 0
      } ],
      "identifier": [ {
        "system": "https://github.com/synthetichealth/synthea",
        "value": "342bbb13-8f8b-3d5e-abc8-571e6c1d5603"
      } ],
      "active": true,
      "type": [ {
        "coding": [ {
          "system": "http://terminology.hl7.org/CodeSystem/organization-type",
          "code": "prov",
          "display": "Healthcare Provider"
        } ],
        "text": "Healthcare Provider"
      } ],
      "name": "PCP148836",
      "telecom": [ {
        "system": "phone",
        "value": "(555) 555-5555"
      } ],
      "address": [ {
        "line": [ "367 WORCESTER ST" ],
        "city": "WELLESLEY",
        "state": "MA",
        "postalCode": "02181-5346",
        "country": "US"
      } ]
    },
    "request": {
      "method": "POST",
      "url": "Organization",
      "ifNoneExist": "identifier=https://github.com/synthetichealth/synthea|342bbb13-8f8b-3d5e-abc8-571e6c1d5603"
    }
  }, {
    "fullUrl": "urn:uuid:081bf186-fa08-3fdb-8830-336cbbea9930",
    "resource": {
      "resourceType": "Location",
      "id": "081bf186-fa08-3fdb-8830-336cbbea9930",
      "meta": {
        "profile": [ "http://hl7.org/fhir/us/core/StructureDefinition/us-core-location" ]
      },
      "identifier": [ {
        "system": "https://github.com/synthetichealth/synthea",
        "value": "081bf186-fa08-3fdb-8830-336cbbea9930"
      } ],
      "status": "active",
      "name": "PCP148836",
      "telecom": [ {
        "system": "phone",
        "value": "(555) 555-5555"
      } ],
      "address": {
        "line": [ "367 WORCESTER ST" ],
        "city": "WELLESLEY",
        "state": "MA",
        "postalCode": "02181-5346",
        "country": "US"
      },
      "position": {
        "longitude": -71.282917,
        "latitude": 42.305932
      },
      "managingOrganization": {
        "identifier": {
          "system": "https://github.com/synthetichealth/synthea",
          "value": "342bbb13-8f8b-3d5e-abc8-571e6c1d5603"
        },
        "display": "PCP148836"
      }
    },
    "request": {
      "method": "POST",
      "url": "Location",
      "ifNoneExist": "identifier=https://github.com/synthetichealth/synthea|081bf186-fa08-3fdb-8830-336cbbea9930"
    }
  }, {
    "fullUrl": "urn:uuid:5a8f2730-6156-364e-9bd6-49a429cf6f6b",
    "resource": {
      "resourceType": "Organization",
      "id": "5a8f2730-6156-364e-9bd6-49a429cf6f6b",
      "meta": {
        "profile": [ "http://hl7.org/fhir/us/core/StructureDefinition/us-core-organization" ]
      },
      "extension": [ {
        "url": "http://synthetichealth.github.io/synthea/utilization-encounters-extension",
        "valueInteger": 38
      }, {
        "url": "http://synthetichealth.github.io/synthea/utilization-procedures-extension",
        "valueInteger": 0
      }, {
        "url": "http://synthetichealth.github.io/synthea/utilization-labs-extension",
        "valueInteger": 0
      }, {
        "url": "http://synthetichealth.github.io/synthea/utilization-prescriptions-extension",
        "valueInteger": 0
      } ],
      "identifier": [ {
        "system": "https://github.com/synthetichealth/synthea",
        "value": "5a8f2730-6156-364e-9bd6-49a429cf6f6b"
      } ],
      "active": true,
      "type": [ {
        "coding": [ {
          "system": "http://terminology.hl7.org/CodeSystem/organization-type",
          "code": "prov",
          "display": "Healthcare Provider"
        } ],
        "text": "Healthcare Provider"
      } ],
      "name": "L AND M RADIOLOGY, INC.",
      "telecom": [ {
        "system": "phone",
        "value": "978-946-8103"
      } ],
      "address": [ {
        "line": [ "1 GENERAL ST" ],
        "city": "LAWRENCE",
        "state": "MA",
        "postalCode": "01841-2961",
        "country": "US"
      } ]
    },
    "request": {
      "method": "POST",
      "url": "Organization",
      "ifNoneExist": "identifier=https://github.com/synthetichealth/synthea|5a8f2730-6156-364e-9bd6-49a429cf6f6b"
    }
  }, {
    "fullUrl": "urn:uuid:31323322-f381-3456-8e66-05a71f70f566",
    "resource": {
      "resourceType": "Location",
      "id": "31323322-f381-3456-8e66-05a71f70f566",
      "meta": {
        "profile": [ "http://hl7.org/fhir/us/core/StructureDefinition/us-core-location" ]
      },
      "identifier": [ {
        "system": "https://github.com/synthetichealth/synthea",
        "value": "31323322-f381-3456-8e66-05a71f70f566"
      } ],
      "status": "active",
      "name": "L AND M RADIOLOGY, INC.",
      "telecom": [ {
        "system": "phone",
        "value": "978-946-8103"
      } ],
      "address": {
        "line": [ "1 GENERAL ST" ],
        "city": "LAWRENCE",
        "state": "MA",
        "postalCode": "01841-2961",
        "country": "US"
      },
      "position": {
        "longitude": -71.161357,
        "latitude": 42.700272999999996
      },
      "managingOrganization": {
        "identifier": {
          "system": "https://github.com/synthetichealth/synthea",
          "value": "5a8f2730-6156-364e-9bd6-49a429cf6f6b"
        },
        "display": "L AND M RADIOLOGY, INC."
      }
    },
    "request": {
      "method": "POST",
      "url": "Location",
      "ifNoneExist": "identifier=https://github.com/synthetichealth/synthea|31323322-f381-3456-8e66-05a71f70f566"
    }
  }, {
    "fullUrl": "urn:uuid:b0ed7de1-2ddf-3b6b-9142-e02d91d49c23",
    "resource": {
      "resourceType": "Organization",
      "id": "b0ed7de1-2ddf-3b6b-9142-e02d91d49c23",
      "meta": {
        "profile": [ "http://hl7.org/fhir/us/core/StructureDefinition/us-core-organization" ]
      },
      "extension": [ {
        "url": "http://synthetichealth.github.io/synthea/utilization-encounters-extension",
        "valueInteger": 31
      }, {
        "url": "http://synthetichealth.github.io/synthea/utilization-procedures-extension",
        "valueInteger": 0
      }, {
        "url": "http://synthetichealth.github.io/synthea/utilization-labs-extension",
        "valueInteger": 0
      }, {
        "url": "http://synthetichealth.github.io/synthea/utilization-prescriptions-extension",
        "valueInteger": 0
      } ],
      "identifier": [ {
        "system": "https://github.com/synthetichealth/synthea",
        "value": "b0ed7de1-2ddf-3b6b-9142-e02d91d49c23"
      } ],
      "active": true,
      "type": [ {
        "coding": [ {
          "system": "http://terminology.hl7.org/CodeSystem/organization-type",
          "code": "prov",
          "display": "Healthcare Provider"
        } ],
        "text": "Healthcare Provider"
      } ],
      "name": "HARBOR MEDICAL ASSOCIATES, INC.",
      "telecom": [ {
        "system": "phone",
        "value": "781-331-1999"
      } ],
      "address": [ {
        "line": [ "135 WEBSTER ST" ],
        "city": "HANOVER",
        "state": "MA",
        "postalCode": "02339-1200",
        "country": "US"
      } ]
    },
    "request": {
      "method": "POST",
      "url": "Organization",
      "ifNoneExist": "identifier=https://github.com/synthetichealth/synthea|b0ed7de1-2ddf-3b6b-9142-e02d91d49c23"
    }
  }, {
    "fullUrl": "urn:uuid:2dabfa70-5627-363f-832e-baa256cd5407",
    "resource": {
      "resourceType": "Location",
      "id": "2dabfa70-5627-363f-832e-baa256cd5407",
      "meta": {
        "profile": [ "http://hl7.org/fhir/us/core/StructureDefinition/us-core-location" ]
      },
      "identifier": [ {
        "system": "https://github.com/synthetichealth/synthea",
        "value": "2dabfa70-5627-363f-832e-baa256cd5407"
      } ],
      "status": "active",
      "name": "HARBOR MEDICAL ASSOCIATES, INC.",
      "telecom": [ {
        "system": "phone",
        "value": "781-331-1999"
      } ],
      "address": {
        "line": [ "135 WEBSTER ST" ],
        "city": "HANOVER",
        "state": "MA",
        "postalCode": "02339-1200",
        "country": "US"
      },
      "position": {
        "longitude": -70.85631,
        "latitude": 42.122956
      },
      "managingOrganization": {
        "identifier": {
          "system": "https://github.com/synthetichealth/synthea",
          "value": "b0ed7de1-2ddf-3b6b-9142-e02d91d49c23"
        },
        "display": "HARBOR MEDICAL ASSOCIATES, INC."
      }
    },
    "request": {
      "method": "POST",
      "url": "Location",
      "ifNoneExist": "identifier=https://github.com/synthetichealth/synthea|2dabfa70-5627-363f-832e-baa256cd5407"
    }
  }, {
    "fullUrl": "urn:uuid:fe90cb79-f0ff-3ef1-9dbf-5657cedf8332",
    "resource": {
      "resourceType": "Organization",
      "id": "fe90cb79-f0ff-3ef1-9dbf-5657cedf8332",
      "meta": {
        "profile": [ "http://hl7.org/fhir/us/core/StructureDefinition/us-core-organization" ]
      },
      "extension": [ {
        "url": "http://synthetichealth.github.io/synthea/utilization-encounters-extension",
        "valueInteger": 45
      }, {
        "url": "http://synthetichealth.github.io/synthea/utilization-procedures-extension",
        "valueInteger": 0
      }, {
        "url": "http://synthetichealth.github.io/synthea/utilization-labs-extension",
        "valueInteger": 0
      }, {
        "url": "http://synthetichealth.github.io/synthea/utilization-prescriptions-extension",
        "valueInteger": 0
      } ],
      "identifier": [ {
        "system": "https://github.com/synthetichealth/synthea",
        "value": "fe90cb79-f0ff-3ef1-9dbf-5657cedf8332"
      } ],
      "active": true,
      "type": [ {
        "coding": [ {
          "system": "http://terminology.hl7.org/CodeSystem/organization-type",
          "code": "prov",
          "display": "Healthcare Provider"
        } ],
        "text": "Healthcare Provider"
      } ],
      "name": "NEW HORIZONS MEDICAL,  P.C.",
      "telecom": [ {
        "system": "phone",
        "value": "508-872-0700"
      } ],
      "address": [ {
        "line": [ "214 HOWARD ST" ],
        "city": "FRAMINGHAM",
        "state": "MA",
        "postalCode": "01702-8311",
        "country": "US"
      } ]
    },
    "request": {
      "method": "POST",
      "url": "Organization",
      "ifNoneExist": "identifier=https://github.com/synthetichealth/synthea|fe90cb79-f0ff-3ef1-9dbf-5657cedf8332"
    }
  }, {
    "fullUrl": "urn:uuid:ec05c221-2531-36f4-990c-54dd5fb9afe3",
    "resource": {
      "resourceType": "Location",
      "id": "ec05c221-2531-36f4-990c-54dd5fb9afe3",
      "meta": {
        "profile": [ "http://hl7.org/fhir/us/core/StructureDefinition/us-core-location" ]
      },
      "identifier": [ {
        "system": "https://github.com/synthetichealth/synthea",
        "value": "ec05c221-2531-36f4-990c-54dd5fb9afe3"
      } ],
      "status": "active",
      "name": "NEW HORIZONS MEDICAL,  P.C.",
      "telecom": [ {
        "system": "phone",
        "value": "508-872-0700"
      } ],
      "address": {
        "line": [ "214 HOWARD ST" ],
        "city": "FRAMINGHAM",
        "state": "MA",
        "postalCode": "01702-8311",
        "country": "US"
      },
      "position": {
        "longitude": -71.436196,
        "latitude": 42.307905
      },
      "managingOrganization": {
        "identifier": {
          "system": "https://github.com/synthetichealth/synthea",
          "value": "fe90cb79-f0ff-3ef1-9dbf-5657cedf8332"
        },
        "display": "NEW HORIZONS MEDICAL,  P.C."
      }
    },
    "request": {
      "method": "POST",
      "url": "Location",
      "ifNoneExist": "identifier=https://github.com/synthetichealth/synthea|ec05c221-2531-36f4-990c-54dd5fb9afe3"
    }
  }, {
    "fullUrl": "urn:uuid:6d76ab92-85e0-3615-b72a-0d9fe04e7c9b",
    "resource": {
      "resourceType": "Organization",
      "id": "6d76ab92-85e0-3615-b72a-0d9fe04e7c9b",
      "meta": {
        "profile": [ "http://hl7.org/fhir/us/core/StructureDefinition/us-core-organization" ]
      },
      "extension": [ {
        "url": "http://synthetichealth.github.io/synthea/utilization-encounters-extension",
        "valueInteger": 45
      }, {
        "url": "http://synthetichealth.github.io/synthea/utilization-procedures-extension",
        "valueInteger": 0
      }, {
        "url": "http://synthetichealth.github.io/synthea/utilization-labs-extension",
        "valueInteger": 0
      }, {
        "url": "http://synthetichealth.github.io/synthea/utilization-prescriptions-extension",
        "valueInteger": 0
      } ],
      "identifier": [ {
        "system": "https://github.com/synthetichealth/synthea",
        "value": "6d76ab92-85e0-3615-b72a-0d9fe04e7c9b"
      } ],
      "active": true,
      "type": [ {
        "coding": [ {
          "system": "http://terminology.hl7.org/CodeSystem/organization-type",
          "code": "prov",
          "display": "Healthcare Provider"
        } ],
        "text": "Healthcare Provider"
      } ],
      "name": "PCP219976",
      "telecom": [ {
        "system": "phone",
        "value": "(555) 555-5555"
      } ],
      "address": [ {
        "line": [ "200 SILVER ST" ],
        "city": "AGAWAM",
        "state": "MA",
        "postalCode": "01001-3067",
        "country": "US"
      } ]
    },
    "request": {
      "method": "POST",
      "url": "Organization",
      "ifNoneExist": "identifier=https://github.com/synthetichealth/synthea|6d76ab92-85e0-3615-b72a-0d9fe04e7c9b"
    }
  }, {
    "fullUrl": "urn:uuid:6901e774-04fa-32a1-adb4-e157d3e1f499",
    "resource": {
      "resourceType": "Location",
      "id": "6901e774-04fa-32a1-adb4-e157d3e1f499",
      "meta": {
        "profile": [ "http://hl7.org/fhir/us/core/StructureDefinition/us-core-location" ]
      },
      "identifier": [ {
        "system": "https://github.com/synthetichealth/synthea",
        "value": "6901e774-04fa-32a1-adb4-e157d3e1f499"
      } ],
      "status": "active",
      "name": "PCP219976",
      "telecom": [ {
        "system": "phone",
        "value": "(555) 555-5555"
      } ],
      "address": {
        "line": [ "200 SILVER ST" ],
        "city": "AGAWAM",
        "state": "MA",
        "postalCode": "01001-3067",
        "country": "US"
      },
      "position": {
        "longitude": -72.653477,
        "latitude": 42.064731
      },
      "managingOrganization": {
        "identifier": {
          "system": "https://github.com/synthetichealth/synthea",
          "value": "6d76ab92-85e0-3615-b72a-0d9fe04e7c9b"
        },
        "display": "PCP219976"
      }
    },
    "request": {
      "method": "POST",
      "url": "Location",
      "ifNoneExist": "identifier=https://github.com/synthetichealth/synthea|6901e774-04fa-32a1-adb4-e157d3e1f499"
    }
  }, {
    "fullUrl": "urn:uuid:1c54a268-3318-36f9-af81-4a428e5a16ee",
    "resource": {
      "resourceType": "Organization",
      "id": "1c54a268-3318-36f9-af81-4a428e5a16ee",
      "meta": {
        "profile": [ "http://hl7.org/fhir/us/core/StructureDefinition/us-core-organization" ]
      },
      "extension": [ {
        "url": "http://synthetichealth.github.io/synthea/utilization-encounters-extension",
        "valueInteger": 32
      }, {
        "url": "http://synthetichealth.github.io/synthea/utilization-procedures-extension",
        "valueInteger": 0
      }, {
        "url": "http://synthetichealth.github.io/synthea/utilization-labs-extension",
        "valueInteger": 0
      }, {
        "url": "http://synthetichealth.github.io/synthea/utilization-prescriptions-extension",
        "valueInteger": 0
      } ],
      "identifier": [ {
        "system": "https://github.com/synthetichealth/synthea",
        "value": "1c54a268-3318-36f9-af81-4a428e5a16ee"
      } ],
      "active": true,
      "type": [ {
        "coding": [ {
          "system": "http://terminology.hl7.org/CodeSystem/organization-type",
          "code": "prov",
          "display": "Healthcare Provider"
        } ],
        "text": "Healthcare Provider"
      } ],
      "name": "PCP263375",
      "telecom": [ {
        "system": "phone",
        "value": "(555) 555-5555"
      } ],
      "address": [ {
        "line": [ "950 CAMBRIDGE ST" ],
        "city": "CAMBRIDGE",
        "state": "MA",
        "postalCode": "02141-1001",
        "country": "US"
      } ]
    },
    "request": {
      "method": "POST",
      "url": "Organization",
      "ifNoneExist": "identifier=https://github.com/synthetichealth/synthea|1c54a268-3318-36f9-af81-4a428e5a16ee"
    }
  }, {
    "fullUrl": "urn:uuid:d8403c84-0296-3dd8-8ef5-6925f9a797d7",
    "resource": {
      "resourceType": "Location",
      "id": "d8403c84-0296-3dd8-8ef5-6925f9a797d7",
      "meta": {
        "profile": [ "http://hl7.org/fhir/us/core/StructureDefinition/us-core-location" ]
      },
      "identifier": [ {
        "system": "https://github.com/synthetichealth/synthea",
        "value": "d8403c84-0296-3dd8-8ef5-6925f9a797d7"
      } ],
      "status": "active",
      "name": "PCP263375",
      "telecom": [ {
        "system": "phone",
        "value": "(555) 555-5555"
      } ],
      "address": {
        "line": [ "950 CAMBRIDGE ST" ],
        "city": "CAMBRIDGE",
        "state": "MA",
        "postalCode": "02141-1001",
        "country": "US"
      },
      "position": {
        "longitude": -71.11868,
        "latitude": 42.376043
      },
      "managingOrganization": {
        "identifier": {
          "system": "https://github.com/synthetichealth/synthea",
          "value": "1c54a268-3318-36f9-af81-4a428e5a16ee"
        },
        "display": "PCP263375"
      }
    },
    "request": {
      "method": "POST",
      "url": "Location",
      "ifNoneExist": "identifier=https://github.com/synthetichealth/synthea|d8403c84-0296-3dd8-8ef5-6925f9a797d7"
    }
  }, {
    "fullUrl": "urn:uuid:b03dba4f-892f-365c-bfd1-bfcfa7a98d5d",
    "resource": {
      "resourceType": "Organization",
      "id": "b03dba4f-892f-365c-bfd1-bfcfa7a98d5d",
      "meta": {
        "profile": [ "http://hl7.org/fhir/us/core/StructureDefinition/us-core-organization" ]
      },
      "extension": [ {
        "url": "http://synthetichealth.github.io/synthea/utilization-encounters-extension",
        "valueInteger": 44
      }, {
        "url": "http://synthetichealth.github.io/synthea/utilization-procedures-extension",
        "valueInteger": 0
      }, {
        "url": "http://synthetichealth.github.io/synthea/utilization-labs-extension",
        "valueInteger": 0
      }, {
        "url": "http://synthetichealth.github.io/synthea/utilization-prescriptions-extension",
        "valueInteger": 0
      } ],
      "identifier": [ {
        "system": "https://github.com/synthetichealth/synthea",
        "value": "b03dba4f-892f-365c-bfd1-bfcfa7a98d5d"
      } ],
      "active": true,
      "type": [ {
        "coding": [ {
          "system": "http://terminology.hl7.org/CodeSystem/organization-type",
          "code": "prov",
          "display": "Healthcare Provider"
        } ],
        "text": "Healthcare Provider"
      } ],
      "name": "WESTERN MASS PHYSICIAN ASSOCIATES INC",
      "telecom": [ {
        "system": "phone",
        "value": "413-552-3250"
      } ],
      "address": [ {
        "line": [ "262 NEW LUDLOW RD" ],
        "city": "CHICOPEE",
        "state": "MA",
        "postalCode": "01020-4488",
        "country": "US"
      } ]
    },
    "request": {
      "method": "POST",
      "url": "Organization",
      "ifNoneExist": "identifier=https://github.com/synthetichealth/synthea|b03dba4f-892f-365c-bfd1-bfcfa7a98d5d"
    }
  }, {
    "fullUrl": "urn:uuid:b08b92af-3bd2-33b5-8d61-335e7db5f4da",
    "resource": {
      "resourceType": "Location",
      "id": "b08b92af-3bd2-33b5-8d61-335e7db5f4da",
      "meta": {
        "profile": [ "http://hl7.org/fhir/us/core/StructureDefinition/us-core-location" ]
      },
      "identifier": [ {
        "system": "https://github.com/synthetichealth/synthea",
        "value": "b08b92af-3bd2-33b5-8d61-335e7db5f4da"
      } ],
      "status": "active",
      "name": "WESTERN MASS PHYSICIAN ASSOCIATES INC",
      "telecom": [ {
        "system": "phone",
        "value": "413-552-3250"
      } ],
      "address": {
        "line": [ "262 NEW LUDLOW RD" ],
        "city": "CHICOPEE",
        "state": "MA",
        "postalCode": "01020-4488",
        "country": "US"
      },
      "position": {
        "longitude": -72.572257,
        "latitude": 42.175668
      },
      "managingOrganization": {
        "identifier": {
          "system": "https://github.com/synthetichealth/synthea",
          "value": "b03dba4f-892f-365c-bfd1-bfcfa7a98d5d"
        },
        "display": "WESTERN MASS PHYSICIAN ASSOCIATES INC"
      }
    },
    "request": {
      "method": "POST",
      "url": "Location",
      "ifNoneExist": "identifier=https://github.com/synthetichealth/synthea|b08b92af-3bd2-33b5-8d61-335e7db5f4da"
    }
  }, {
    "fullUrl": "urn:uuid:f21bfa6a-689c-393c-95c9-4435858a49c2",
    "resource": {
      "resourceType": "Organization",
      "id": "f21bfa6a-689c-393c-95c9-4435858a49c2",
      "meta": {
        "profile": [ "http://hl7.org/fhir/us/core/StructureDefinition/us-core-organization" ]
      },
      "extension": [ {
        "url": "http://synthetichealth.github.io/synthea/utilization-encounters-extension",
        "valueInteger": 20
      }, {
        "url": "http://synthetichealth.github.io/synthea/utilization-procedures-extension",
        "valueInteger": 0
      }, {
        "url": "http://synthetichealth.github.io/synthea/utilization-labs-extension",
        "valueInteger": 0
      }, {
        "url": "http://synthetichealth.github.io/synthea/utilization-prescriptions-extension",
        "valueInteger": 0
      } ],
      "identifier": [ {
        "system": "https://github.com/synthetichealth/synthea",
        "value": "f21bfa6a-689c-393c-95c9-4435858a49c2"
      } ],
      "active": true,
      "type": [ {
        "coding": [ {
          "system": "http://terminology.hl7.org/CodeSystem/organization-type",
          "code": "prov",
          "display": "Healthcare Provider"
        } ],
        "text": "Healthcare Provider"
      } ],
      "name": "SPEECH LANGUAGE PATHOLOGY CENTER",
      "telecom": [ {
        "system": "phone",
        "value": "781-792-2700"
      } ],
      "address": [ {
        "line": [ "99 LONGWATER CIR" ],
        "city": "NORWELL",
        "state": "MA",
        "postalCode": "02061-1643",
        "country": "US"
      } ]
    },
    "request": {
      "method": "POST",
      "url": "Organization",
      "ifNoneExist": "identifier=https://github.com/synthetichealth/synthea|f21bfa6a-689c-393c-95c9-4435858a49c2"
    }
  }, {
    "fullUrl": "urn:uuid:be5909a7-40f5-3c09-becf-5da79d837833",
    "resource": {
      "resourceType": "Location",
      "id": "be5909a7-40f5-3c09-becf-5da79d837833",
      "meta": {
        "profile": [ "http://hl7.org/fhir/us/core/StructureDefinition/us-core-location" ]
      },
      "identifier": [ {
        "system": "https://github.com/synthetichealth/synthea",
        "value": "be5909a7-40f5-3c09-becf-5da79d837833"
      } ],
      "status": "active",
      "name": "SPEECH LANGUAGE PATHOLOGY CENTER",
      "telecom": [ {
        "system": "phone",
        "value": "781-792-2700"
      } ],
      "address": {
        "line": [ "99 LONGWATER CIR" ],
        "city": "NORWELL",
        "state": "MA",
        "postalCode": "02061-1643",
        "country": "US"
      },
      "position": {
        "longitude": -70.818844,
        "latitude": 42.164569
      },
      "managingOrganization": {
        "identifier": {
          "system": "https://github.com/synthetichealth/synthea",
          "value": "f21bfa6a-689c-393c-95c9-4435858a49c2"
        },
        "display": "SPEECH LANGUAGE PATHOLOGY CENTER"
      }
    },
    "request": {
      "method": "POST",
      "url": "Location",
      "ifNoneExist": "identifier=https://github.com/synthetichealth/synthea|be5909a7-40f5-3c09-becf-5da79d837833"
    }
  }, {
    "fullUrl": "urn:uuid:ca2eaac0-decd-3e6b-9306-da358c0fcbf5",
    "resource": {
      "resourceType": "Organization",
      "id": "ca2eaac0-decd-3e6b-9306-da358c0fcbf5",
      "meta": {
        "profile": [ "http://hl7.org/fhir/us/core/StructureDefinition/us-core-organization" ]
      },
      "extension": [ {
        "url": "http://synthetichealth.github.io/synthea/utilization-encounters-extension",
        "valueInteger": 48
      }, {
        "url": "http://synthetichealth.github.io/synthea/utilization-procedures-extension",
        "valueInteger": 0
      }, {
        "url": "http://synthetichealth.github.io/synthea/utilization-labs-extension",
        "valueInteger": 0
      }, {
        "url": "http://synthetichealth.github.io/synthea/utilization-prescriptions-extension",
        "valueInteger": 0
      } ],
      "identifier": [ {
        "system": "https://github.com/synthetichealth/synthea",
        "value": "ca2eaac0-decd-3e6b-9306-da358c0fcbf5"
      } ],
      "active": true,
      "type": [ {
        "coding": [ {
          "system": "http://terminology.hl7.org/CodeSystem/organization-type",
          "code": "prov",
          "display": "Healthcare Provider"
        } ],
        "text": "Healthcare Provider"
      } ],
      "name": "MARATHON PHYSICAL THERAPY AND SPORTS MEDICINE, LLC",
      "telecom": [ {
        "system": "phone",
        "value": "857-444-7026"
      } ],
      "address": [ {
        "line": [ "2 BELMONT ST" ],
        "city": "EASTON",
        "state": "MA",
        "postalCode": "02334",
        "country": "US"
      } ]
    },
    "request": {
      "method": "POST",
      "url": "Organization",
      "ifNoneExist": "identifier=https://github.com/synthetichealth/synthea|ca2eaac0-decd-3e6b-9306-da358c0fcbf5"
    }
  }, {
    "fullUrl": "urn:uuid:8edfd371-82c9-3746-9499-c2da88b213a1",
    "resource": {
      "resourceType": "Location",
      "id": "8edfd371-82c9-3746-9499-c2da88b213a1",
      "meta": {
        "profile": [ "http://hl7.org/fhir/us/core/StructureDefinition/us-core-location" ]
      },
      "identifier": [ {
        "system": "https://github.com/synthetichealth/synthea",
        "value": "8edfd371-82c9-3746-9499-c2da88b213a1"
      } ],
      "status": "active",
      "name": "MARATHON PHYSICAL THERAPY AND SPORTS MEDICINE, LLC",
      "telecom": [ {
        "system": "phone",
        "value": "857-444-7026"
      } ],
      "address": {
        "line": [ "2 BELMONT ST" ],
        "city": "EASTON",
        "state": "MA",
        "postalCode": "02334",
        "country": "US"
      },
      "position": {
        "longitude": -71.109329,
        "latitude": 42.040515
      },
      "managingOrganization": {
        "identifier": {
          "system": "https://github.com/synthetichealth/synthea",
          "value": "ca2eaac0-decd-3e6b-9306-da358c0fcbf5"
        },
        "display": "MARATHON PHYSICAL THERAPY AND SPORTS MEDICINE, LLC"
      }
    },
    "request": {
      "method": "POST",
      "url": "Location",
      "ifNoneExist": "identifier=https://github.com/synthetichealth/synthea|8edfd371-82c9-3746-9499-c2da88b213a1"
    }
  }, {
    "fullUrl": "urn:uuid:4d9877c9-5eb6-3db0-8bdb-cd2b01a6b668",
    "resource": {
      "resourceType": "Organization",
      "id": "4d9877c9-5eb6-3db0-8bdb-cd2b01a6b668",
      "meta": {
        "profile": [ "http://hl7.org/fhir/us/core/StructureDefinition/us-core-organization" ]
      },
      "extension": [ {
        "url": "http://synthetichealth.github.io/synthea/utilization-encounters-extension",
        "valueInteger": 37
      }, {
        "url": "http://synthetichealth.github.io/synthea/utilization-procedures-extension",
        "valueInteger": 0
      }, {
        "url": "http://synthetichealth.github.io/synthea/utilization-labs-extension",
        "valueInteger": 0
      }, {
        "url": "http://synthetichealth.github.io/synthea/utilization-prescriptions-extension",
        "valueInteger": 0
      } ],
      "identifier": [ {
        "system": "https://github.com/synthetichealth/synthea",
        "value": "4d9877c9-5eb6-3db0-8bdb-cd2b01a6b668"
      } ],
      "active": true,
      "type": [ {
        "coding": [ {
          "system": "http://terminology.hl7.org/CodeSystem/organization-type",
          "code": "prov",
          "display": "Healthcare Provider"
        } ],
        "text": "Healthcare Provider"
      } ],
      "name": "SOUTHCOAST PHYSICIANS GROUP, INC..",
      "telecom": [ {
        "system": "phone",
        "value": "508-996-1800"
      } ],
      "address": [ {
        "line": [ "208 MILL RD" ],
        "city": "FAIRHAVEN",
        "state": "MA",
        "postalCode": "02719-5208",
        "country": "US"
      } ]
    },
    "request": {
      "method": "POST",
      "url": "Organization",
      "ifNoneExist": "identifier=https://github.com/synthetichealth/synthea|4d9877c9-5eb6-3db0-8bdb-cd2b01a6b668"
    }
  }, {
    "fullUrl": "urn:uuid:436aace6-4875-3355-b878-d08713206859",
    "resource": {
      "resourceType": "Location",
      "id": "436aace6-4875-3355-b878-d08713206859",
      "meta": {
        "profile": [ "http://hl7.org/fhir/us/core/StructureDefinition/us-core-location" ]
      },
      "identifier": [ {
        "system": "https://github.com/synthetichealth/synthea",
        "value": "436aace6-4875-3355-b878-d08713206859"
      } ],
      "status": "active",
      "name": "SOUTHCOAST PHYSICIANS GROUP, INC..",
      "telecom": [ {
        "system": "phone",
        "value": "508-996-1800"
      } ],
      "address": {
        "line": [ "208 MILL RD" ],
        "city": "FAIRHAVEN",
        "state": "MA",
        "postalCode": "02719-5208",
        "country": "US"
      },
      "position": {
        "longitude": -70.871306,
        "latitude": 41.633619
      },
      "managingOrganization": {
        "identifier": {
          "system": "https://github.com/synthetichealth/synthea",
          "value": "4d9877c9-5eb6-3db0-8bdb-cd2b01a6b668"
        },
        "display": "SOUTHCOAST PHYSICIANS GROUP, INC.."
      }
    },
    "request": {
      "method": "POST",
      "url": "Location",
      "ifNoneExist": "identifier=https://github.com/synthetichealth/synthea|436aace6-4875-3355-b878-d08713206859"
    }
  }, {
    "fullUrl": "urn:uuid:5d4a38f6-6b92-35b4-9a6e-16304971ce2b",
    "resource": {
      "resourceType": "Organization",
      "id": "5d4a38f6-6b92-35b4-9a6e-16304971ce2b",
      "meta": {
        "profile": [ "http://hl7.org/fhir/us/core/StructureDefinition/us-core-organization" ]
      },
      "extension": [ {
        "url": "http://synthetichealth.github.io/synthea/utilization-encounters-extension",
        "valueInteger": 49
      }, {
        "url": "http://synthetichealth.github.io/synthea/utilization-procedures-extension",
        "valueInteger": 0
      }, {
        "url": "http://synthetichealth.github.io/synthea/utilization-labs-extension",
        "valueInteger": 0
      }, {
        "url": "http://synthetichealth.github.io/synthea/utilization-prescriptions-extension",
        "valueInteger": 0
      } ],
      "identifier": [ {
        "system": "https://github.com/synthetichealth/synthea",
        "value": "5d4a38f6-6b92-35b4-9a6e-16304971ce2b"
      } ],
      "active": true,
      "type": [ {
        "coding": [ {
          "system": "http://terminology.hl7.org/CodeSystem/organization-type",
          "code": "prov",
          "display": "Healthcare Provider"
        } ],
        "text": "Healthcare Provider"
      } ],
      "name": "WACHUSETT RADIOLOGY INC",
      "telecom": [ {
        "system": "phone",
        "value": "978-297-2311"
      } ],
      "address": [ {
        "line": [ "55 HOSPITAL DR" ],
        "city": "WINCHENDON",
        "state": "MA",
        "postalCode": "01475-1820",
        "country": "US"
      } ]
    },
    "request": {
      "method": "POST",
      "url": "Organization",
      "ifNoneExist": "identifier=https://github.com/synthetichealth/synthea|5d4a38f6-6b92-35b4-9a6e-16304971ce2b"
    }
  }, {
    "fullUrl": "urn:uuid:e9809683-ce6b-3383-9f7a-7d6053ffcfd7",
    "resource": {
      "resourceType": "Location",
      "id": "e9809683-ce6b-3383-9f7a-7d6053ffcfd7",
      "meta": {
        "profile": [ "http://hl7.org/fhir/us/core/StructureDefinition/us-core-location" ]
      },
      "identifier": [ {
        "system": "https://github.com/synthetichealth/synthea",
        "value": "e9809683-ce6b-3383-9f7a-7d6053ffcfd7"
      } ],
      "status": "active",
      "name": "WACHUSETT RADIOLOGY INC",
      "telecom": [ {
        "system": "phone",
        "value": "978-297-2311"
      } ],
      "address": {
        "line": [ "55 HOSPITAL DR" ],
        "city": "WINCHENDON",
        "state": "MA",
        "postalCode": "01475-1820",
        "country": "US"
      },
      "position": {
        "longitude": -72.055644,
        "latitude": 42.66816
      },
      "managingOrganization": {
        "identifier": {
          "system": "https://github.com/synthetichealth/synthea",
          "value": "5d4a38f6-6b92-35b4-9a6e-16304971ce2b"
        },
        "display": "WACHUSETT RADIOLOGY INC"
      }
    },
    "request": {
      "method": "POST",
      "url": "Location",
      "ifNoneExist": "identifier=https://github.com/synthetichealth/synthea|e9809683-ce6b-3383-9f7a-7d6053ffcfd7"
    }
  }, {
    "fullUrl": "urn:uuid:8618df85-fca3-339e-aba6-2000282332aa",
    "resource": {
      "resourceType": "Organization",
      "id": "8618df85-fca3-339e-aba6-2000282332aa",
      "meta": {
        "profile": [ "http://hl7.org/fhir/us/core/StructureDefinition/us-core-organization" ]
      },
      "extension": [ {
        "url": "http://synthetichealth.github.io/synthea/utilization-encounters-extension",
        "valueInteger": 29
      }, {
        "url": "http://synthetichealth.github.io/synthea/utilization-procedures-extension",
        "valueInteger": 0
      }, {
        "url": "http://synthetichealth.github.io/synthea/utilization-labs-extension",
        "valueInteger": 0
      }, {
        "url": "http://synthetichealth.github.io/synthea/utilization-prescriptions-extension",
        "valueInteger": 0
      } ],
      "identifier": [ {
        "system": "https://github.com/synthetichealth/synthea",
        "value": "8618df85-fca3-339e-aba6-2000282332aa"
      } ],
      "active": true,
      "type": [ {
        "coding": [ {
          "system": "http://terminology.hl7.org/CodeSystem/organization-type",
          "code": "prov",
          "display": "Healthcare Provider"
        } ],
        "text": "Healthcare Provider"
      } ],
      "name": "STURDY MEMORIAL ASSOCIATES, INC.",
      "telecom": [ {
        "system": "phone",
        "value": "508-455-0442"
      } ],
      "address": [ {
        "line": [ "63 N MAIN ST" ],
        "city": "ATTLEBORO",
        "state": "MA",
        "postalCode": "02703-2219",
        "country": "US"
      } ]
    },
    "request": {
      "method": "POST",
      "url": "Organization",
      "ifNoneExist": "identifier=https://github.com/synthetichealth/synthea|8618df85-fca3-339e-aba6-2000282332aa"
    }
  }, {
    "fullUrl": "urn:uuid:d2d3c65b-5157-37ac-9b54-7b8d70437255",
    "resource": {
      "resourceType": "Location",
      "id": "d2d3c65b-5157-37ac-9b54-7b8d70437255",
      "meta": {
        "profile": [ "http://hl7.org/fhir/us/core/StructureDefinition/us-core-location" ]
      },
      "identifier": [ {
        "system": "https://github.com/synthetichealth/synthea",
        "value": "d2d3c65b-5157-37ac-9b54-7b8d70437255"
      } ],
      "status": "active",
      "name": "STURDY MEMORIAL ASSOCIATES, INC.",
      "telecom": [ {
        "system": "phone",
        "value": "508-455-0442"
      } ],
      "address": {
        "line": [ "63 N MAIN ST" ],
        "city": "ATTLEBORO",
        "state": "MA",
        "postalCode": "02703-2219",
        "country": "US"
      },
      "position": {
        "longitude": -71.294503,
        "latitude": 41.931653000000004
      },
      "managingOrganization": {
        "identifier": {
          "system": "https://github.com/synthetichealth/synthea",
          "value": "8618df85-fca3-339e-aba6-2000282332aa"
        },
        "display": "STURDY MEMORIAL ASSOCIATES, INC."
      }
    },
    "request": {
      "method": "POST",
      "url": "Location",
      "ifNoneExist": "identifier=https://github.com/synthetichealth/synthea|d2d3c65b-5157-37ac-9b54-7b8d70437255"
    }
  } ]
}
