{
  "resourceType": "Bundle",
  "type": "batch",
  "entry": [ {
    "fullUrl": "urn:uuid:387fd700-d085-353d-8d58-a7880ac48869",
    "resource": {
      "resourceType": "Practitioner",
      "id": "387fd700-d085-353d-8d58-a7880ac48869",
      "meta": {
        "profile": [ "http://hl7.org/fhir/us/core/StructureDefinition/us-core-practitioner" ]
      },
      "extension": [ {
        "url": "http://synthetichealth.github.io/synthea/utilization-encounters-extension",
        "valueInteger": 1
      } ],
      "identifier": [ {
        "system": "http://hl7.org/fhir/sid/us-npi",
        "value": "9999999939"
      } ],
      "active": true,
      "name": [ {
        "family": "Pérez790",
        "given": [ "Óscar156" ],
        "prefix": [ "Dr." ]
      } ],
      "telecom": [ {
        "extension": [ {
          "url": "http://hl7.org/fhir/us/core/StructureDefinition/us-core-direct",
          "valueBoolean": true
        } ],
        "system": "email",
        "value": "Óscar156.Pérez790@example.com",
        "use": "work"
      } ],
      "address": [ {
        "line": [ "30 LOCUST STREET" ],
        "city": "NORTHAMPTON",
        "state": "MA",
        "postalCode": "01060",
        "country": "US"
      } ],
      "gender": "male"
    },
    "request": {
      "method": "POST",
      "url": "Practitioner",
      "ifNoneExist": "identifier=http://hl7.org/fhir/sid/us-npi|9999999939"
    }
  }, {
    "fullUrl": "urn:uuid:dd989d81-9412-a07d-687d-a1ebca6c4516",
    "resource": {
      "resourceType": "PractitionerRole",
      "id": "dd989d81-9412-a07d-687d-a1ebca6c4516",
      "meta": {
        "profile": [ "http://hl7.org/fhir/us/core/StructureDefinition/us-core-practitionerrole" ]
      },
      "practitioner": {
        "identifier": {
          "system": "http://hl7.org/fhir/sid/us-npi",
          "value": "9999999939"
        },
        "display": "Dr. Óscar156 Pérez790"
      },
      "organization": {
        "identifier": {
          "system": "https://github.com/synthetichealth/synthea",
          "value": "49318f80-bd8b-3fc7-a096-ac43088b0c12"
        },
        "display": "COOLEY DICKINSON HOSPITAL INC,THE"
      },
      "code": [ {
        "coding": [ {
          "system": "http://nucc.org/provider-taxonomy",
          "code": "208D00000X",
          "display": "General Practice"
        } ],
        "text": "General Practice"
      } ],
      "specialty": [ {
        "coding": [ {
          "system": "http://nucc.org/provider-taxonomy",
          "code": "208D00000X",
          "display": "General Practice"
        } ],
        "text": "General Practice"
      } ],
      "location": [ {
        "identifier": {
          "system": "https://github.com/synthetichealth/synthea",
          "value": "388c5eda-d584-3ef1-a498-5ab0e90e2eaf"
        },
        "display": "COOLEY DICKINSON HOSPITAL INC,THE"
      } ],
      "telecom": [ {
        "system": "phone",
        "value": "4135822000"
      }, {
        "extension": [ {
          "url": "http://hl7.org/fhir/us/core/StructureDefinition/us-core-direct",
          "valueBoolean": true
        } ],
        "system": "email",
        "value": "Óscar156.Pérez790@example.com",
        "use": "work"
      } ]
    },
    "request": {
      "method": "POST",
      "url": "PractitionerRole"
    }
  }, {
    "fullUrl": "urn:uuid:3ff69e6a-cf8b-34f4-85be-2428b2ff59ed",
    "resource": {
      "resourceType": "Practitioner",
      "id": "3ff69e6a-cf8b-34f4-85be-2428b2ff59ed",
      "meta": {
        "profile": [ "http://hl7.org/fhir/us/core/StructureDefinition/us-core-practitioner" ]
      },
      "extension": [ {
        "url": "http://synthetichealth.github.io/synthea/utilization-encounters-extension",
        "valueInteger": 1
      } ],
      "identifier": [ {
        "system": "http://hl7.org/fhir/sid/us-npi",
        "value": "9999999589"
      } ],
      "active": true,
      "name": [ {
        "family": "Nienow652",
        "given": [ "Amira620" ],
        "prefix": [ "Dr." ]
      } ],
      "telecom": [ {
        "extension": [ {
          "url": "http://hl7.org/fhir/us/core/StructureDefinition/us-core-direct",
          "valueBoolean": true
        } ],
        "system": "email",
        "value": "Amira620.Nienow652@example.com",
        "use": "work"
      } ],
      "address": [ {
        "line": [ "55 FOGG ROAD" ],
        "city": "SOUTH WEYMOUTH",
        "state": "MA",
        "postalCode": "02190",
        "country": "US"
      } ],
      "gender": "female"
    },
    "request": {
      "method": "POST",
      "url": "Practitioner",
      "ifNoneExist": "identifier=http://hl7.org/fhir/sid/us-npi|9999999589"
    }
  }, {
    "fullUrl": "urn:uuid:ff936db9-ff43-268f-78ca-093d983ddd4e",
    "resource": {
      "resourceType": "PractitionerRole",
      "id": "ff936db9-ff43-268f-78ca-093d983ddd4e",
      "meta": {
        "profile": [ "http://hl7.org/fhir/us/core/StructureDefinition/us-core-practitionerrole" ]
      },
      "practitioner": {
        "identifier": {
          "system": "http://hl7.org/fhir/sid/us-npi",
          "value": "9999999589"
        },
        "display": "Dr. Amira620 Nienow652"
      },
      "organization": {
        "identifier": {
          "system": "https://github.com/synthetichealth/synthea",
          "value": "db0acede-4abe-3c01-8d03-5c68a190d8c7"
        },
        "display": "SOUTH SHORE HOSPITAL"
      },
      "code": [ {
        "coding": [ {
          "system": "http://nucc.org/provider-taxonomy",
          "code": "208D00000X",
          "display": "General Practice"
        } ],
        "text": "General Practice"
      } ],
      "specialty": [ {
        "coding": [ {
          "system": "http://nucc.org/provider-taxonomy",
          "code": "208D00000X",
          "display": "General Practice"
        } ],
        "text": "General Practice"
      } ],
      "location": [ {
        "identifier": {
          "system": "https://github.com/synthetichealth/synthea",
          "value": "9fad6955-7f91-34dd-80c4-997e5e173651"
        },
        "display": "SOUTH SHORE HOSPITAL"
      } ],
      "telecom": [ {
        "system": "phone",
        "value": "7813408000"
      }, {
        "extension": [ {
          "url": "http://hl7.org/fhir/us/core/StructureDefinition/us-core-direct",
          "valueBoolean": true
        } ],
        "system": "email",
        "value": "Amira620.Nienow652@example.com",
        "use": "work"
      } ]
    },
    "request": {
      "method": "POST",
      "url": "PractitionerRole"
    }
  }, {
    "fullUrl": "urn:uuid:52ca4725-fa6f-3fe3-8334-4fce040db827",
    "resource": {
      "resourceType": "Practitioner",
      "id": "52ca4725-fa6f-3fe3-8334-4fce040db827",
      "meta": {
        "profile": [ "http://hl7.org/fhir/us/core/StructureDefinition/us-core-practitioner" ]
      },
      "extension": [ {
        "url": "http://synthetichealth.github.io/synthea/utilization-encounters-extension",
        "valueInteger": 17
      } ],
      "identifier": [ {
        "system": "http://hl7.org/fhir/sid/us-npi",
        "value": "9999992419"
      } ],
      "active": true,
      "name": [ {
        "family": "Conn188",
        "given": [ "Thomas756" ],
        "prefix": [ "Dr." ]
      } ],
      "telecom": [ {
        "extension": [ {
          "url": "http://hl7.org/fhir/us/core/StructureDefinition/us-core-direct",
          "valueBoolean": true
        } ],
        "system": "email",
        "value": "Thomas756.Conn188@example.com",
        "use": "work"
      } ],
      "address": [ {
        "line": [ "1789 NORTHAMPTON ST" ],
        "city": "HOLYOKE",
        "state": "MA",
        "postalCode": "01040-1920",
        "country": "US"
      } ],
      "gender": "male"
    },
    "request": {
      "method": "POST",
      "url": "Practitioner",
      "ifNoneExist": "identifier=http://hl7.org/fhir/sid/us-npi|9999992419"
    }
  }, {
    "fullUrl": "urn:uuid:39fb939e-558b-af17-0f2f-2627b0c8153d",
    "resource": {
      "resourceType": "PractitionerRole",
      "id": "39fb939e-558b-af17-0f2f-2627b0c8153d",
      "meta": {
        "profile": [ "http://hl7.org/fhir/us/core/StructureDefinition/us-core-practitionerrole" ]
      },
      "practitioner": {
        "identifier": {
          "system": "http://hl7.org/fhir/sid/us-npi",
          "value": "9999992419"
        },
        "display": "Dr. Thomas756 Conn188"
      },
      "organization": {
        "identifier": {
          "system": "https://github.com/synthetichealth/synthea",
          "value": "cef6c60b-3b96-3bdc-b7ee-bb81307e9f72"
        },
        "display": "PCP10711"
      },
      "code": [ {
        "coding": [ {
          "system": "http://nucc.org/provider-taxonomy",
          "code": "208D00000X",
          "display": "General Practice"
        } ],
        "text": "General Practice"
      } ],
      "specialty": [ {
        "coding": [ {
          "system": "http://nucc.org/provider-taxonomy",
          "code": "208D00000X",
          "display": "General Practice"
        } ],
        "text": "General Practice"
      } ],
      "location": [ {
        "identifier": {
          "system": "https://github.com/synthetichealth/synthea",
          "value": "9d9ab75f-7dc4-3c73-8722-bfc7088032ab"
        },
        "display": "PCP10711"
      } ],
      "telecom": [ {
        "system": "phone",
        "value": "413-207-2803"
      }, {
        "extension": [ {
          "url": "http://hl7.org/fhir/us/core/StructureDefinition/us-core-direct",
          "valueBoolean": true
        } ],
        "system": "email",
        "value": "Thomas756.Conn188@example.com",
        "use": "work"
      } ]
    },
    "request": {
      "method": "POST",
      "url": "PractitionerRole"
    }
  }, {
    "fullUrl": "urn:uuid:cb4e465c-eea0-360a-9a39-dc66b22a81e6",
    "resource": {
      "resourceType": "Practitioner",
      "id": "cb4e465c-eea0-360a-9a39-dc66b22a81e6",
      "meta": {
        "profile": [ "http://hl7.org/fhir/us/core/StructureDefinition/us-core-practitioner" ]
      },
      "extension": [ {
        "url": "http://synthetichealth.github.io/synthea/utilization-encounters-extension",
        "valueInteger": 44
      } ],
      "identifier": [ {
        "system": "http://hl7.org/fhir/sid/us-npi",
        "value": "9999987189"
      } ],
      "active": true,
      "name": [ {
        "family": "McCullough561",
        "given": [ "Foster87" ],
        "prefix": [ "Dr." ]
      } ],
      "telecom": [ {
        "extension": [ {
          "url": "http://hl7.org/fhir/us/core/StructureDefinition/us-core-direct",
          "valueBoolean": true
        } ],
        "system": "email",
        "value": "Foster87.McCullough561@example.com",
        "use": "work"
      } ],
      "address": [ {
        "line": [ "10 PHOENIX ROW" ],
        "city": "HAVERHILL",
        "state": "MA",
        "postalCode": "01832-5734",
        "country": "US"
      } ],
      "gender": "male"
    },
    "request": {
      "method": "POST",
      "url": "Practitioner",
      "ifNoneExist": "identifier=http://hl7.org/fhir/sid/us-npi|9999987189"
    }
  }, {
    "fullUrl": "urn:uuid:0c25b395-d416-a798-9b76-00952530619e",
    "resource": {
      "resourceType": "PractitionerRole",
      "id": "0c25b395-d416-a798-9b76-00952530619e",
      "meta": {
        "profile": [ "http://hl7.org/fhir/us/core/StructureDefinition/us-core-practitionerrole" ]
      },
      "practitioner": {
        "identifier": {
          "system": "http://hl7.org/fhir/sid/us-npi",
          "value": "9999987189"
        },
        "display": "Dr. Foster87 McCullough561"
      },
      "organization": {
        "identifier": {
          "system": "https://github.com/synthetichealth/synthea",
          "value": "46eaf6f1-29f0-394b-a6aa-6d6f9219a973"
        },
        "display": "PCP18988"
      },
      "code": [ {
        "coding": [ {
          "system": "http://nucc.org/provider-taxonomy",
          "code": "208D00000X",
          "display": "General Practice"
        } ],
        "text": "General Practice"
      } ],
      "specialty": [ {
        "coding": [ {
          "system": "http://nucc.org/provider-taxonomy",
          "code": "208D00000X",
          "display": "General Practice"
        } ],
        "text": "General Practice"
      } ],
      "location": [ {
        "identifier": {
          "system": "https://github.com/synthetichealth/synthea",
          "value": "e66313ee-5459-393c-bd31-be1bc3f455d5"
        },
        "display": "PCP18988"
      } ],
      "telecom": [ {
        "system": "phone",
        "value": "978-372-0575"
      }, {
        "extension": [ {
          "url": "http://hl7.org/fhir/us/core/StructureDefinition/us-core-direct",
          "valueBoolean": true
        } ],
        "system": "email",
        "value": "Foster87.McCullough561@example.com",
        "use": "work"
      } ]
    },
    "request": {
      "method": "POST",
      "url": "PractitionerRole"
    }
  }, {
    "fullUrl": "urn:uuid:0d76cc80-49fb-33e0-8674-eb07eb07bbfe",
    "resource": {
      "resourceType": "Practitioner",
      "id": "0d76cc80-49fb-33e0-8674-eb07eb07bbfe",
      "meta": {
        "profile": [ "http://hl7.org/fhir/us/core/StructureDefinition/us-core-practitioner" ]
      },
      "extension": [ {
        "url": "http://synthetichealth.github.io/synthea/utilization-encounters-extension",
        "valueInteger": 46
      } ],
      "identifier": [ {
        "system": "http://hl7.org/fhir/sid/us-npi",
        "value": "9999986779"
      } ],
      "active": true,
      "name": [ {
        "family": "Hilpert278",
        "given": [ "Joleen561" ],
        "prefix": [ "Dr." ]
      } ],
      "telecom": [ {
        "extension": [ {
          "url": "http://hl7.org/fhir/us/core/StructureDefinition/us-core-direct",
          "valueBoolean": true
        } ],
        "system": "email",
        "value": "Joleen561.Hilpert278@example.com",
        "use": "work"
      } ],
      "address": [ {
        "line": [ "29 COTTAGE AVE" ],
        "city": "QUINCY",
        "state": "MA",
        "postalCode": "02169-5263",
        "country": "US"
      } ],
      "gender": "female"
    },
    "request": {
      "method": "POST",
      "url": "Practitioner",
      "ifNoneExist": "identifier=http://hl7.org/fhir/sid/us-npi|9999986779"
    }
  }, {
    "fullUrl": "urn:uuid:a3b6d537-77d3-ac0f-1517-f348e2452d0a",
    "resource": {
      "resourceType": "PractitionerRole",
      "id": "a3b6d537-77d3-ac0f-1517-f348e2452d0a",
      "meta": {
        "profile": [ "http://hl7.org/fhir/us/core/StructureDefinition/us-core-practitionerrole" ]
      },
      "practitioner": {
        "identifier": {
          "system": "http://hl7.org/fhir/sid/us-npi",
          "value": "9999986779"
        },
        "display": "Dr. Joleen561 Hilpert278"
      },
      "organization": {
        "identifier": {
          "system": "https://github.com/synthetichealth/synthea",
          "value": "95702d0c-4705-3059-8260-9c75aa7e819c"
        },
        "display": "PCP19512"
      },
      "code": [ {
        "coding": [ {
          "system": "http://nucc.org/provider-taxonomy",
          "code": "208D00000X",
          "display": "General Practice"
        } ],
        "text": "General Practice"
      } ],
      "specialty": [ {
        "coding": [ {
          "system": "http://nucc.org/provider-taxonomy",
          "code": "208D00000X",
          "display": "General Practice"
        } ],
        "text": "General Practice"
      } ],
      "location": [ {
        "identifier": {
          "system": "https://github.com/synthetichealth/synthea",
          "value": "60059885-4cd0-3730-bc74-b1b666115db7"
        },
        "display": "PCP19512"
      } ],
      "telecom": [ {
        "system": "phone",
        "value": "617-731-6170"
      }, {
        "extension": [ {
          "url": "http://hl7.org/fhir/us/core/StructureDefinition/us-core-direct",
          "valueBoolean": true
        } ],
        "system": "email",
        "value": "Joleen561.Hilpert278@example.com",
        "use": "work"
      } ]
    },
    "request": {
      "method": "POST",
      "url": "PractitionerRole"
    }
  }, {
    "fullUrl": "urn:uuid:04343cd4-23f8-3d9b-9793-72da4da0fc03",
    "resource": {
      "resourceType": "Practitioner",
      "id": "04343cd4-23f8-3d9b-9793-72da4da0fc03",
      "meta": {
        "profile": [ "http://hl7.org/fhir/us/core/StructureDefinition/us-core-practitioner" ]
      },
      "extension": [ {
        "url": "http://synthetichealth.github.io/synthea/utilization-encounters-extension",
        "valueInteger": 44
      } ],
      "identifier": [ {
        "system": "http://hl7.org/fhir/sid/us-npi",
        "value": "9999983509"
      } ],
      "active": true,
      "name": [ {
        "family": "Wisoky380",
        "given": [ "Blanche121" ],
        "prefix": [ "Dr." ]
      } ],
      "telecom": [ {
        "extension": [ {
          "url": "http://hl7.org/fhir/us/core/StructureDefinition/us-core-direct",
          "valueBoolean": true
        } ],
        "system": "email",
        "value": "Blanche121.Wisoky380@example.com",
        "use": "work"
      } ],
      "address": [ {
        "line": [ "65 EASTERN AVE" ],
        "city": "ESSEX",
        "state": "MA",
        "postalCode": "01929-1300",
        "country": "US"
      } ],
      "gender": "female"
    },
    "request": {
      "method": "POST",
      "url": "Practitioner",
      "ifNoneExist": "identifier=http://hl7.org/fhir/sid/us-npi|9999983509"
    }
  }, {
    "fullUrl": "urn:uuid:057a43a2-1c51-e98c-8b3b-9cdde76a0eab",
    "resource": {
      "resourceType": "PractitionerRole",
      "id": "057a43a2-1c51-e98c-8b3b-9cdde76a0eab",
      "meta": {
        "profile": [ "http://hl7.org/fhir/us/core/StructureDefinition/us-core-practitionerrole" ]
      },
      "practitioner": {
        "identifier": {
          "system": "http://hl7.org/fhir/sid/us-npi",
          "value": "9999983509"
        },
        "display": "Dr. Blanche121 Wisoky380"
      },
      "organization": {
        "identifier": {
          "system": "https://github.com/synthetichealth/synthea",
          "value": "10968ba2-75e7-351a-a73a-c37a2a8dfcfc"
        },
        "display": "PCP25544"
      },
      "code": [ {
        "coding": [ {
          "system": "http://nucc.org/provider-taxonomy",
          "code": "208D00000X",
          "display": "General Practice"
        } ],
        "text": "General Practice"
      } ],
      "specialty": [ {
        "coding": [ {
          "system": "http://nucc.org/provider-taxonomy",
          "code": "208D00000X",
          "display": "General Practice"
        } ],
        "text": "General Practice"
      } ],
      "location": [ {
        "identifier": {
          "system": "https://github.com/synthetichealth/synthea",
          "value": "1b844ce7-c38b-3901-9909-e4cfa20a3bd0"
        },
        "display": "PCP25544"
      } ],
      "telecom": [ {
        "system": "phone",
        "value": "978-290-8889"
      }, {
        "extension": [ {
          "url": "http://hl7.org/fhir/us/core/StructureDefinition/us-core-direct",
          "valueBoolean": true
        } ],
        "system": "email",
        "value": "Blanche121.Wisoky380@example.com",
        "use": "work"
      } ]
    },
    "request": {
      "method": "POST",
      "url": "PractitionerRole"
    }
  }, {
    "fullUrl": "urn:uuid:58cf4423-03de-3305-b320-85cbbdb51822",
    "resource": {
      "resourceType": "Practitioner",
      "id": "58cf4423-03de-3305-b320-85cbbdb51822",
      "meta": {
        "profile": [ "http://hl7.org/fhir/us/core/StructureDefinition/us-core-practitioner" ]
      },
      "extension": [ {
        "url": "http://synthetichealth.github.io/synthea/utilization-encounters-extension",
        "valueInteger": 30
      } ],
      "identifier": [ {
        "system": "http://hl7.org/fhir/sid/us-npi",
        "value": "9999978879"
      } ],
      "active": true,
      "name": [ {
        "family": "Waelchi213",
        "given": [ "Shu104" ],
        "prefix": [ "Dr." ]
      } ],
      "telecom": [ {
        "extension": [ {
          "url": "http://hl7.org/fhir/us/core/StructureDefinition/us-core-direct",
          "valueBoolean": true
        } ],
        "system": "email",
        "value": "Shu104.Waelchi213@example.com",
        "use": "work"
      } ],
      "address": [ {
        "line": [ "70 COURT ST" ],
        "city": "WESTFIELD",
        "state": "MA",
        "postalCode": "01085-3521",
        "country": "US"
      } ],
      "gender": "female"
    },
    "request": {
      "method": "POST",
      "url": "Practitioner",
      "ifNoneExist": "identifier=http://hl7.org/fhir/sid/us-npi|9999978879"
    }
  }, {
    "fullUrl": "urn:uuid:2f0a902a-5045-9604-daa1-5d08a7843835",
    "resource": {
      "resourceType": "PractitionerRole",
      "id": "2f0a902a-5045-9604-daa1-5d08a7843835",
      "meta": {
        "profile": [ "http://hl7.org/fhir/us/core/StructureDefinition/us-core-practitionerrole" ]
      },
      "practitioner": {
        "identifier": {
          "system": "http://hl7.org/fhir/sid/us-npi",
          "value": "9999978879"
        },
        "display": "Dr. Shu104 Waelchi213"
      },
      "organization": {
        "identifier": {
          "system": "https://github.com/synthetichealth/synthea",
          "value": "09091e3c-017b-33b4-bb50-28c0dd74a15d"
        },
        "display": "PCP31553"
      },
      "code": [ {
        "coding": [ {
          "system": "http://nucc.org/provider-taxonomy",
          "code": "208D00000X",
          "display": "General Practice"
        } ],
        "text": "General Practice"
      } ],
      "specialty": [ {
        "coding": [ {
          "system": "http://nucc.org/provider-taxonomy",
          "code": "208D00000X",
          "display": "General Practice"
        } ],
        "text": "General Practice"
      } ],
      "location": [ {
        "identifier": {
          "system": "https://github.com/synthetichealth/synthea",
          "value": "5ae3a131-e116-30b9-af76-6eef597d7146"
        },
        "display": "PCP31553"
      } ],
      "telecom": [ {
        "system": "phone",
        "value": "413-562-10111"
      }, {
        "extension": [ {
          "url": "http://hl7.org/fhir/us/core/StructureDefinition/us-core-direct",
          "valueBoolean": true
        } ],
        "system": "email",
        "value": "Shu104.Waelchi213@example.com",
        "use": "work"
      } ]
    },
    "request": {
      "method": "POST",
      "url": "PractitionerRole"
    }
  }, {
    "fullUrl": "urn:uuid:fde516f7-14e3-3555-8ffe-0b95a0c87f47",
    "resource": {
      "resourceType": "Practitioner",
      "id": "fde516f7-14e3-3555-8ffe-0b95a0c87f47",
      "meta": {
        "profile": [ "http://hl7.org/fhir/us/core/StructureDefinition/us-core-practitioner" ]
      },
      "extension": [ {
        "url": "http://synthetichealth.github.io/synthea/utilization-encounters-extension",
        "valueInteger": 59
      } ],
      "identifier": [ {
        "system": "http://hl7.org/fhir/sid/us-npi",
        "value": "9999976939"
      } ],
      "active": true,
      "name": [ {
        "family": "Will178",
        "given": [ "Phil587" ],
        "prefix": [ "Dr." ]
      } ],
      "telecom": [ {
        "extension": [ {
          "url": "http://hl7.org/fhir/us/core/StructureDefinition/us-core-direct",
          "valueBoolean": true
        } ],
        "system": "email",
        "value": "Phil587.Will178@example.com",
        "use": "work"
      } ],
      "address": [ {
        "line": [ "90 CONZ ST" ],
        "city": "NORTHAMPTON",
        "state": "MA",
        "postalCode": "01060-3881",
        "country": "US"
      } ],
      "gender": "male"
    },
    "request": {
      "method": "POST",
      "url": "Practitioner",
      "ifNoneExist": "identifier=http://hl7.org/fhir/sid/us-npi|9999976939"
    }
  }, {
    "fullUrl": "urn:uuid:bb359b39-1e4c-9165-a883-e220876b4f17",
    "resource": {
      "resourceType": "PractitionerRole",
      "id": "bb359b39-1e4c-9165-a883-e220876b4f17",
      "meta": {
        "profile": [ "http://hl7.org/fhir/us/core/StructureDefinition/us-core-practitionerrole" ]
      },
      "practitioner": {
        "identifier": {
          "system": "http://hl7.org/fhir/sid/us-npi",
          "value": "9999976939"
        },
        "display": "Dr. Phil587 Will178"
      },
      "organization": {
        "identifier": {
          "system": "https://github.com/synthetichealth/synthea",
          "value": "946ef31f-906c-3102-b9dd-09f0b28e3b38"
        },
        "display": "PCP34185"
      },
      "code": [ {
        "coding": [ {
          "system": "http://nucc.org/provider-taxonomy",
          "code": "208D00000X",
          "display": "General Practice"
        } ],
        "text": "General Practice"
      } ],
      "specialty": [ {
        "coding": [ {
          "system": "http://nucc.org/provider-taxonomy",
          "code": "208D00000X",
          "display": "General Practice"
        } ],
        "text": "General Practice"
      } ],
      "location": [ {
        "identifier": {
          "system": "https://github.com/synthetichealth/synthea",
          "value": "aae6fe7e-1c42-30fa-a5fd-e65b07716800"
        },
        "display": "PCP34185"
      } ],
      "telecom": [ {
        "system": "phone",
        "value": "413-387-5129"
      }, {
        "extension": [ {
          "url": "http://hl7.org/fhir/us/core/StructureDefinition/us-core-direct",
          "valueBoolean": true
        } ],
        "system": "email",
        "value": "Phil587.Will178@example.com",
        "use": "work"
      } ]
    },
    "request": {
      "method": "POST",
      "url": "PractitionerRole"
    }
  }, {
    "fullUrl": "urn:uuid:9d9864de-2076-3707-83d1-2b0053ffade8",
    "resource": {
      "resourceType": "Practitioner",
      "id": "9d9864de-2076-3707-83d1-2b0053ffade8",
      "meta": {
        "profile": [ "http://hl7.org/fhir/us/core/StructureDefinition/us-core-practitioner" ]
      },
      "extension": [ {
        "url": "http://synthetichealth.github.io/synthea/utilization-encounters-extension",
        "valueInteger": 35
      } ],
      "identifier": [ {
        "system": "http://hl7.org/fhir/sid/us-npi",
        "value": "9999973559"
      } ],
      "active": true,
      "name": [ {
        "family": "Eichmann909",
        "given": [ "Willie882" ],
        "prefix": [ "Dr." ]
      } ],
      "telecom": [ {
        "extension": [ {
          "url": "http://hl7.org/fhir/us/core/StructureDefinition/us-core-direct",
          "valueBoolean": true
        } ],
        "system": "email",
        "value": "Willie882.Eichmann909@example.com",
        "use": "work"
      } ],
      "address": [ {
        "line": [ "61 LINCOLN ST" ],
        "city": "FRAMINGHAM",
        "state": "MA",
        "postalCode": "01702-8264",
        "country": "US"
      } ],
      "gender": "male"
    },
    "request": {
      "method": "POST",
      "url": "Practitioner",
      "ifNoneExist": "identifier=http://hl7.org/fhir/sid/us-npi|9999973559"
    }
  }, {
    "fullUrl": "urn:uuid:6f1dc773-5533-83e9-0eb5-8ae1a4f224ed",
    "resource": {
      "resourceType": "PractitionerRole",
      "id": "6f1dc773-5533-83e9-0eb5-8ae1a4f224ed",
      "meta": {
        "profile": [ "http://hl7.org/fhir/us/core/StructureDefinition/us-core-practitionerrole" ]
      },
      "practitioner": {
        "identifier": {
          "system": "http://hl7.org/fhir/sid/us-npi",
          "value": "9999973559"
        },
        "display": "Dr. Willie882 Eichmann909"
      },
      "organization": {
        "identifier": {
          "system": "https://github.com/synthetichealth/synthea",
          "value": "dfb1ef71-cbff-3be9-94c8-0e0e0a70c284"
        },
        "display": "EYE CENTER LLC"
      },
      "code": [ {
        "coding": [ {
          "system": "http://nucc.org/provider-taxonomy",
          "code": "208D00000X",
          "display": "General Practice"
        } ],
        "text": "General Practice"
      } ],
      "specialty": [ {
        "coding": [ {
          "system": "http://nucc.org/provider-taxonomy",
          "code": "208D00000X",
          "display": "General Practice"
        } ],
        "text": "General Practice"
      } ],
      "location": [ {
        "identifier": {
          "system": "https://github.com/synthetichealth/synthea",
          "value": "500df740-7550-372e-ab48-944902496e89"
        },
        "display": "EYE CENTER LLC"
      } ],
      "telecom": [ {
        "system": "phone",
        "value": "508-620-0017"
      }, {
        "extension": [ {
          "url": "http://hl7.org/fhir/us/core/StructureDefinition/us-core-direct",
          "valueBoolean": true
        } ],
        "system": "email",
        "value": "Willie882.Eichmann909@example.com",
        "use": "work"
      } ]
    },
    "request": {
      "method": "POST",
      "url": "PractitionerRole"
    }
  }, {
    "fullUrl": "urn:uuid:a8ac3dac-8443-3db2-9220-7f16b75eff0a",
    "resource": {
      "resourceType": "Practitioner",
      "id": "a8ac3dac-8443-3db2-9220-7f16b75eff0a",
      "meta": {
        "profile": [ "http://hl7.org/fhir/us/core/StructureDefinition/us-core-practitioner" ]
      },
      "extension": [ {
        "url": "http://synthetichealth.github.io/synthea/utilization-encounters-extension",
        "valueInteger": 10
      } ],
      "identifier": [ {
        "system": "http://hl7.org/fhir/sid/us-npi",
        "value": "9999972279"
      } ],
      "active": true,
      "name": [ {
        "family": "O'Conner199",
        "given": [ "Ellamae709" ],
        "prefix": [ "Dr." ]
      } ],
      "telecom": [ {
        "extension": [ {
          "url": "http://hl7.org/fhir/us/core/StructureDefinition/us-core-direct",
          "valueBoolean": true
        } ],
        "system": "email",
        "value": "Ellamae709.O'Conner199@example.com",
        "use": "work"
      } ],
      "address": [ {
        "line": [ "1309 BEACON ST" ],
        "city": "BROOKLINE",
        "state": "MA",
        "postalCode": "02446-5252",
        "country": "US"
      } ],
      "gender": "female"
    },
    "request": {
      "method": "POST",
      "url": "Practitioner",
      "ifNoneExist": "identifier=http://hl7.org/fhir/sid/us-npi|9999972279"
    }
  }, {
    "fullUrl": "urn:uuid:7198bb1b-3d3e-0dae-da8b-a06ceade0337",
    "resource": {
      "resourceType": "PractitionerRole",
      "id": "7198bb1b-3d3e-0dae-da8b-a06ceade0337",
      "meta": {
        "profile": [ "http://hl7.org/fhir/us/core/StructureDefinition/us-core-practitionerrole" ]
      },
      "practitioner": {
        "identifier": {
          "system": "http://hl7.org/fhir/sid/us-npi",
          "value": "9999972279"
        },
        "display": "Dr. Ellamae709 O'Conner199"
      },
      "organization": {
        "identifier": {
          "system": "https://github.com/synthetichealth/synthea",
          "value": "f022c152-0035-385a-bf96-307024125878"
        },
        "display": "PCP44850"
      },
      "code": [ {
        "coding": [ {
          "system": "http://nucc.org/provider-taxonomy",
          "code": "208D00000X",
          "display": "General Practice"
        } ],
        "text": "General Practice"
      } ],
      "specialty": [ {
        "coding": [ {
          "system": "http://nucc.org/provider-taxonomy",
          "code": "208D00000X",
          "display": "General Practice"
        } ],
        "text": "General Practice"
      } ],
      "location": [ {
        "identifier": {
          "system": "https://github.com/synthetichealth/synthea",
          "value": "22d5f2d8-7159-35c2-bf74-6efe1e7e2ad7"
        },
        "display": "PCP44850"
      } ],
      "telecom": [ {
        "system": "phone",
        "value": "617-515-4059"
      }, {
        "extension": [ {
          "url": "http://hl7.org/fhir/us/core/StructureDefinition/us-core-direct",
          "valueBoolean": true
        } ],
        "system": "email",
        "value": "Ellamae709.O'Conner199@example.com",
        "use": "work"
      } ]
    },
    "request": {
      "method": "POST",
      "url": "PractitionerRole"
    }
  }, {
    "fullUrl": "urn:uuid:7b555802-9593-3f88-8bcd-e92fcafd27e4",
    "resource": {
      "resourceType": "Practitioner",
      "id": "7b555802-9593-3f88-8bcd-e92fcafd27e4",
      "meta": {
        "profile": [ "http://hl7.org/fhir/us/core/StructureDefinition/us-core-practitioner" ]
      },
      "extension": [ {
        "url": "http://synthetichealth.github.io/synthea/utilization-encounters-extension",
        "valueInteger": 42
      } ],
      "identifier": [ {
        "system": "http://hl7.org/fhir/sid/us-npi",
        "value": "9999968269"
      } ],
      "active": true,
      "name": [ {
        "family": "McCullough561",
        "given": [ "Thresa531" ],
        "prefix": [ "Dr." ]
      } ],
      "telecom": [ {
        "extension": [ {
          "url": "http://hl7.org/fhir/us/core/StructureDefinition/us-core-direct",
          "valueBoolean": true
        } ],
        "system": "email",
        "value": "Thresa531.McCullough561@example.com",
        "use": "work"
      } ],
      "address": [ {
        "line": [ "550 BELMONT ST" ],
        "city": "WATERTOWN",
        "state": "MA",
        "postalCode": "02472-4951",
        "country": "US"
      } ],
      "gender": "female"
    },
    "request": {
      "method": "POST",
      "url": "Practitioner",
      "ifNoneExist": "identifier=http://hl7.org/fhir/sid/us-npi|9999968269"
    }
  }, {
    "fullUrl": "urn:uuid:db6e53b6-6509-db86-d9b4-ac92d85a7e50",
    "resource": {
      "resourceType": "PractitionerRole",
      "id": "db6e53b6-6509-db86-d9b4-ac92d85a7e50",
      "meta": {
        "profile": [ "http://hl7.org/fhir/us/core/StructureDefinition/us-core-practitionerrole" ]
      },
      "practitioner": {
        "identifier": {
          "system": "http://hl7.org/fhir/sid/us-npi",
          "value": "9999968269"
        },
        "display": "Dr. Thresa531 McCullough561"
      },
      "organization": {
        "identifier": {
          "system": "https://github.com/synthetichealth/synthea",
          "value": "6d292afa-3f27-3fa6-945e-cdce925a8062"
        },
        "display": "PCP57666"
      },
      "code": [ {
        "coding": [ {
          "system": "http://nucc.org/provider-taxonomy",
          "code": "208D00000X",
          "display": "General Practice"
        } ],
        "text": "General Practice"
      } ],
      "specialty": [ {
        "coding": [ {
          "system": "http://nucc.org/provider-taxonomy",
          "code": "208D00000X",
          "display": "General Practice"
        } ],
        "text": "General Practice"
      } ],
      "location": [ {
        "identifier": {
          "system": "https://github.com/synthetichealth/synthea",
          "value": "30220a15-b3c5-3226-b2d8-55d627dbae39"
        },
        "display": "PCP57666"
      } ],
      "telecom": [ {
        "system": "phone",
        "value": "617-924-0268"
      }, {
        "extension": [ {
          "url": "http://hl7.org/fhir/us/core/StructureDefinition/us-core-direct",
          "valueBoolean": true
        } ],
        "system": "email",
        "value": "Thresa531.McCullough561@example.com",
        "use": "work"
      } ]
    },
    "request": {
      "method": "POST",
      "url": "PractitionerRole"
    }
  }, {
    "fullUrl": "urn:uuid:9afe0f89-70ad-3084-a357-a291827ac7f8",
    "resource": {
      "resourceType": "Practitioner",
      "id": "9afe0f89-70ad-3084-a357-a291827ac7f8",
      "meta": {
        "profile": [ "http://hl7.org/fhir/us/core/StructureDefinition/us-core-practitioner" ]
      },
      "extension": [ {
        "url": "http://synthetichealth.github.io/synthea/utilization-encounters-extension",
        "valueInteger": 50
      } ],
      "identifier": [ {
        "system": "http://hl7.org/fhir/sid/us-npi",
        "value": "9999959049"
      } ],
      "active": true,
      "name": [ {
        "family": "Lindgren255",
        "given": [ "Gene733" ],
        "prefix": [ "Dr." ]
      } ],
      "telecom": [ {
        "extension": [ {
          "url": "http://hl7.org/fhir/us/core/StructureDefinition/us-core-direct",
          "valueBoolean": true
        } ],
        "system": "email",
        "value": "Gene733.Lindgren255@example.com",
        "use": "work"
      } ],
      "address": [ {
        "line": [ "380 R MERRIMACK ST" ],
        "city": "METHUEN",
        "state": "MA",
        "postalCode": "01844-5883",
        "country": "US"
      } ],
      "gender": "male"
    },
    "request": {
      "method": "POST",
      "url": "Practitioner",
      "ifNoneExist": "identifier=http://hl7.org/fhir/sid/us-npi|9999959049"
    }
  }, {
    "fullUrl": "urn:uuid:c420afec-a1cd-b50c-ee27-705268e30398",
    "resource": {
      "resourceType": "PractitionerRole",
      "id": "c420afec-a1cd-b50c-ee27-705268e30398",
      "meta": {
        "profile": [ "http://hl7.org/fhir/us/core/StructureDefinition/us-core-practitionerrole" ]
      },
      "practitioner": {
        "identifier": {
          "system": "http://hl7.org/fhir/sid/us-npi",
          "value": "9999959049"
        },
        "display": "Dr. Gene733 Lindgren255"
      },
      "organization": {
        "identifier": {
          "system": "https://github.com/synthetichealth/synthea",
          "value": "3736f71b-4b15-3e9b-8578-8256538f0ac1"
        },
        "display": "RCNA1 PLLC"
      },
      "code": [ {
        "coding": [ {
          "system": "http://nucc.org/provider-taxonomy",
          "code": "208D00000X",
          "display": "General Practice"
        } ],
        "text": "General Practice"
      } ],
      "specialty": [ {
        "coding": [ {
          "system": "http://nucc.org/provider-taxonomy",
          "code": "208D00000X",
          "display": "General Practice"
        } ],
        "text": "General Practice"
      } ],
      "location": [ {
        "identifier": {
          "system": "https://github.com/synthetichealth/synthea",
          "value": "ff2b40ea-eab5-3841-9787-8b5db24407b2"
        },
        "display": "RCNA1 PLLC"
      } ],
      "telecom": [ {
        "system": "phone",
        "value": "978-975-0700"
      }, {
        "extension": [ {
          "url": "http://hl7.org/fhir/us/core/StructureDefinition/us-core-direct",
          "valueBoolean": true
        } ],
        "system": "email",
        "value": "Gene733.Lindgren255@example.com",
        "use": "work"
      } ]
    },
    "request": {
      "method": "POST",
      "url": "PractitionerRole"
    }
  }, {
    "fullUrl": "urn:uuid:3cf6417b-ba68-33c0-bf6a-127786e6a2a3",
    "resource": {
      "resourceType": "Practitioner",
      "id": "3cf6417b-ba68-33c0-bf6a-127786e6a2a3",
      "meta": {
        "profile": [ "http://hl7.org/fhir/us/core/StructureDefinition/us-core-practitioner" ]
      },
      "extension": [ {
        "url": "http://synthetichealth.github.io/synthea/utilization-encounters-extension",
        "valueInteger": 28
      } ],
      "identifier": [ {
        "system": "http://hl7.org/fhir/sid/us-npi",
        "value": "9999958759"
      } ],
      "active": true,
      "name": [ {
        "family": "Muller251",
        "given": [ "Kum811" ],
        "prefix": [ "Dr." ]
      } ],
      "telecom": [ {
        "extension": [ {
          "url": "http://hl7.org/fhir/us/core/StructureDefinition/us-core-direct",
          "valueBoolean": true
        } ],
        "system": "email",
        "value": "Kum811.Muller251@example.com",
        "use": "work"
      } ],
      "address": [ {
        "line": [ "272 MAIN ST" ],
        "city": "STONEHAM",
        "state": "MA",
        "postalCode": "02180-3505",
        "country": "US"
      } ],
      "gender": "female"
    },
    "request": {
      "method": "POST",
      "url": "Practitioner",
      "ifNoneExist": "identifier=http://hl7.org/fhir/sid/us-npi|9999958759"
    }
  }, {
    "fullUrl": "urn:uuid:061073b7-3132-d7f7-c92c-3e9ec37a96f3",
    "resource": {
      "resourceType": "PractitionerRole",
      "id": "061073b7-3132-d7f7-c92c-3e9ec37a96f3",
      "meta": {
        "profile": [ "http://hl7.org/fhir/us/core/StructureDefinition/us-core-practitionerrole" ]
      },
      "practitioner": {
        "identifier": {
          "system": "http://hl7.org/fhir/sid/us-npi",
          "value": "9999958759"
        },
        "display": "Dr. Kum811 Muller251"
      },
      "organization": {
        "identifier": {
          "system": "https://github.com/synthetichealth/synthea",
          "value": "1f645c13-be73-3c42-9b77-e1257a5d9d41"
        },
        "display": "PCP88418"
      },
      "code": [ {
        "coding": [ {
          "system": "http://nucc.org/provider-taxonomy",
          "code": "208D00000X",
          "display": "General Practice"
        } ],
        "text": "General Practice"
      } ],
      "specialty": [ {
        "coding": [ {
          "system": "http://nucc.org/provider-taxonomy",
          "code": "208D00000X",
          "display": "General Practice"
        } ],
        "text": "General Practice"
      } ],
      "location": [ {
        "identifier": {
          "system": "https://github.com/synthetichealth/synthea",
          "value": "9ad1f6d2-7ef7-3fe0-91d5-8e79441b8a9b"
        },
        "display": "PCP88418"
      } ],
      "telecom": [ {
        "extension": [ {
          "url": "http://hl7.org/fhir/us/core/StructureDefinition/us-core-direct",
          "valueBoolean": true
        } ],
        "system": "email",
        "value": "Kum811.Muller251@example.com",
        "use": "work"
      } ]
    },
    "request": {
      "method": "POST",
      "url": "PractitionerRole"
    }
  }, {
    "fullUrl": "urn:uuid:e56afa4a-7a6b-3d62-8e22-2744949854d2",
    "resource": {
      "resourceType": "Practitioner",
      "id": "e56afa4a-7a6b-3d62-8e22-2744949854d2",
      "meta": {
        "profile": [ "http://hl7.org/fhir/us/core/StructureDefinition/us-core-practitioner" ]
      },
      "extension": [ {
        "url": "http://synthetichealth.github.io/synthea/utilization-encounters-extension",
        "valueInteger": 38
      } ],
      "identifier": [ {
        "system": "http://hl7.org/fhir/sid/us-npi",
        "value": "9999955339"
      } ],
      "active": true,
      "name": [ {
        "family": "DuBuque211",
        "given": [ "Jose871" ],
        "prefix": [ "Dr." ]
      } ],
      "telecom": [ {
        "extension": [ {
          "url": "http://hl7.org/fhir/us/core/StructureDefinition/us-core-direct",
          "valueBoolean": true
        } ],
        "system": "email",
        "value": "Jose871.DuBuque211@example.com",
        "use": "work"
      } ],
      "address": [ {
        "line": [ "1533 LAKEVIEW AVE" ],
        "city": "DRACUT",
        "state": "MA",
        "postalCode": "01826-3324",
        "country": "US"
      } ],
      "gender": "female"
    },
    "request": {
      "method": "POST",
      "url": "Practitioner",
      "ifNoneExist": "identifier=http://hl7.org/fhir/sid/us-npi|9999955339"
    }
  }, {
    "fullUrl": "urn:uuid:2c5eaab7-6018-34b2-855a-bf65089d7377",
    "resource": {
      "resourceType": "PractitionerRole",
      "id": "2c5eaab7-6018-34b2-855a-bf65089d7377",
      "meta": {
        "profile": [ "http://hl7.org/fhir/us/core/StructureDefinition/us-core-practitionerrole" ]
      },
      "practitioner": {
        "identifier": {
          "system": "http://hl7.org/fhir/sid/us-npi",
          "value": "9999955339"
        },
        "display": "Dr. Jose871 DuBuque211"
      },
      "organization": {
        "identifier": {
          "system": "https://github.com/synthetichealth/synthea",
          "value": "99157068-4f0d-3906-8723-d8b7fda349f5"
        },
        "display": "PCP107381"
      },
      "code": [ {
        "coding": [ {
          "system": "http://nucc.org/provider-taxonomy",
          "code": "208D00000X",
          "display": "General Practice"
        } ],
        "text": "General Practice"
      } ],
      "specialty": [ {
        "coding": [ {
          "system": "http://nucc.org/provider-taxonomy",
          "code": "208D00000X",
          "display": "General Practice"
        } ],
        "text": "General Practice"
      } ],
      "location": [ {
        "identifier": {
          "system": "https://github.com/synthetichealth/synthea",
          "value": "e039be81-7de0-3f0a-a903-e87f9f8e334e"
        },
        "display": "PCP107381"
      } ],
      "telecom": [ {
        "extension": [ {
          "url": "http://hl7.org/fhir/us/core/StructureDefinition/us-core-direct",
          "valueBoolean": true
        } ],
        "system": "email",
        "value": "Jose871.DuBuque211@example.com",
        "use": "work"
      } ]
    },
    "request": {
      "method": "POST",
      "url": "PractitionerRole"
    }
  }, {
    "fullUrl": "urn:uuid:bd77f0b3-e959-3cdf-ab23-6e36783592fe",
    "resource": {
      "resourceType": "Practitioner",
      "id": "bd77f0b3-e959-3cdf-ab23-6e36783592fe",
      "meta": {
        "profile": [ "http://hl7.org/fhir/us/core/StructureDefinition/us-core-practitioner" ]
      },
      "extension": [ {
        "url": "http://synthetichealth.github.io/synthea/utilization-encounters-extension",
        "valueInteger": 39
      } ],
      "identifier": [ {
        "system": "http://hl7.org/fhir/sid/us-npi",
        "value": "9999953829"
      } ],
      "active": true,
      "name": [ {
        "family": "Connelly992",
        "given": [ "Nora0" ],
        "prefix": [ "Dr." ]
      } ],
      "telecom": [ {
        "extension": [ {
          "url": "http://hl7.org/fhir/us/core/StructureDefinition/us-core-direct",
          "valueBoolean": true
        } ],
        "system": "email",
        "value": "Nora0.Connelly992@example.com",
        "use": "work"
      } ],
      "address": [ {
        "line": [ "100 COPELAND DR" ],
        "city": "MANSFIELD",
        "state": "MA",
        "postalCode": "02048-1245",
        "country": "US"
      } ],
      "gender": "female"
    },
    "request": {
      "method": "POST",
      "url": "Practitioner",
      "ifNoneExist": "identifier=http://hl7.org/fhir/sid/us-npi|9999953829"
    }
  }, {
    "fullUrl": "urn:uuid:771fece2-4674-602b-6c82-5eccf4df8360",
    "resource": {
      "resourceType": "PractitionerRole",
      "id": "771fece2-4674-602b-6c82-5eccf4df8360",
      "meta": {
        "profile": [ "http://hl7.org/fhir/us/core/StructureDefinition/us-core-practitionerrole" ]
      },
      "practitioner": {
        "identifier": {
          "system": "http://hl7.org/fhir/sid/us-npi",
          "value": "9999953829"
        },
        "display": "Dr. Nora0 Connelly992"
      },
      "organization": {
        "identifier": {
          "system": "https://github.com/synthetichealth/synthea",
          "value": "2081b743-fb07-3f55-a1f0-1d4334fbb37d"
        },
        "display": "PCP116153"
      },
      "code": [ {
        "coding": [ {
          "system": "http://nucc.org/provider-taxonomy",
          "code": "208D00000X",
          "display": "General Practice"
        } ],
        "text": "General Practice"
      } ],
      "specialty": [ {
        "coding": [ {
          "system": "http://nucc.org/provider-taxonomy",
          "code": "208D00000X",
          "display": "General Practice"
        } ],
        "text": "General Practice"
      } ],
      "location": [ {
        "identifier": {
          "system": "https://github.com/synthetichealth/synthea",
          "value": "9ba3a5ac-c952-3a51-bb5c-607f2a080a6b"
        },
        "display": "PCP116153"
      } ],
      "telecom": [ {
        "system": "phone",
        "value": "508-954-2372"
      }, {
        "extension": [ {
          "url": "http://hl7.org/fhir/us/core/StructureDefinition/us-core-direct",
          "valueBoolean": true
        } ],
        "system": "email",
        "value": "Nora0.Connelly992@example.com",
        "use": "work"
      } ]
    },
    "request": {
      "method": "POST",
      "url": "PractitionerRole"
    }
  }, {
    "fullUrl": "urn:uuid:28b34e55-d376-3ed2-90c7-3b1c5213ea96",
    "resource": {
      "resourceType": "Practitioner",
      "id": "28b34e55-d376-3ed2-90c7-3b1c5213ea96",
      "meta": {
        "profile": [ "http://hl7.org/fhir/us/core/StructureDefinition/us-core-practitioner" ]
      },
      "extension": [ {
        "url": "http://synthetichealth.github.io/synthea/utilization-encounters-extension",
        "valueInteger": 69
      } ],
      "identifier": [ {
        "system": "http://hl7.org/fhir/sid/us-npi",
        "value": "9999948529"
      } ],
      "active": true,
      "name": [ {
        "family": "Yundt842",
        "given": [ "Meryl421" ],
        "prefix": [ "Dr." ]
      } ],
      "telecom": [ {
        "extension": [ {
          "url": "http://hl7.org/fhir/us/core/StructureDefinition/us-core-direct",
          "valueBoolean": true
        } ],
        "system": "email",
        "value": "Meryl421.Yundt842@example.com",
        "use": "work"
      } ],
      "address": [ {
        "line": [ "367 WORCESTER ST" ],
        "city": "WELLESLEY",
        "state": "MA",
        "postalCode": "02181-5346",
        "country": "US"
      } ],
      "gender": "female"
    },
    "request": {
      "method": "POST",
      "url": "Practitioner",
      "ifNoneExist": "identifier=http://hl7.org/fhir/sid/us-npi|9999948529"
    }
  }, {
    "fullUrl": "urn:uuid:a58aa964-3684-4eeb-1913-ecbf85e5e347",
    "resource": {
      "resourceType": "PractitionerRole",
      "id": "a58aa964-3684-4eeb-1913-ecbf85e5e347",
      "meta": {
        "profile": [ "http://hl7.org/fhir/us/core/StructureDefinition/us-core-practitionerrole" ]
      },
      "practitioner": {
        "identifier": {
          "system": "http://hl7.org/fhir/sid/us-npi",
          "value": "9999948529"
        },
        "display": "Dr. Meryl421 Yundt842"
      },
      "organization": {
        "identifier": {
          "system": "https://github.com/synthetichealth/synthea",
          "value": "342bbb13-8f8b-3d5e-abc8-571e6c1d5603"
        },
        "display": "PCP148836"
      },
      "code": [ {
        "coding": [ {
          "system": "http://nucc.org/provider-taxonomy",
          "code": "208D00000X",
          "display": "General Practice"
        } ],
        "text": "General Practice"
      } ],
      "specialty": [ {
        "coding": [ {
          "system": "http://nucc.org/provider-taxonomy",
          "code": "208D00000X",
          "display": "General Practice"
        } ],
        "text": "General Practice"
      } ],
      "location": [ {
        "identifier": {
          "system": "https://github.com/synthetichealth/synthea",
          "value": "081bf186-fa08-3fdb-8830-336cbbea9930"
        },
        "display": "PCP148836"
      } ],
      "telecom": [ {
        "extension": [ {
          "url": "http://hl7.org/fhir/us/core/StructureDefinition/us-core-direct",
          "valueBoolean": true
        } ],
        "system": "email",
        "value": "Meryl421.Yundt842@example.com",
        "use": "work"
      } ]
    },
    "request": {
      "method": "POST",
      "url": "PractitionerRole"
    }
  }, {
    "fullUrl": "urn:uuid:ae5b9db8-c447-36f9-841e-58f3cc4d4972",
    "resource": {
      "resourceType": "Practitioner",
      "id": "ae5b9db8-c447-36f9-841e-58f3cc4d4972",
      "meta": {
        "profile": [ "http://hl7.org/fhir/us/core/StructureDefinition/us-core-practitioner" ]
      },
      "extension": [ {
        "url": "http://synthetichealth.github.io/synthea/utilization-encounters-extension",
        "valueInteger": 38
      } ],
      "identifier": [ {
        "system": "http://hl7.org/fhir/sid/us-npi",
        "value": "9999944149"
      } ],
      "active": true,
      "name": [ {
        "family": "Boehm581",
        "given": [ "Wilbur107" ],
        "prefix": [ "Dr." ]
      } ],
      "telecom": [ {
        "extension": [ {
          "url": "http://hl7.org/fhir/us/core/StructureDefinition/us-core-direct",
          "valueBoolean": true
        } ],
        "system": "email",
        "value": "Wilbur107.Boehm581@example.com",
        "use": "work"
      } ],
      "address": [ {
        "line": [ "1 GENERAL ST" ],
        "city": "LAWRENCE",
        "state": "MA",
        "postalCode": "01841-2961",
        "country": "US"
      } ],
      "gender": "male"
    },
    "request": {
      "method": "POST",
      "url": "Practitioner",
      "ifNoneExist": "identifier=http://hl7.org/fhir/sid/us-npi|9999944149"
    }
  }, {
    "fullUrl": "urn:uuid:6c04bbc3-e9c2-2d66-a707-30a93f98e493",
    "resource": {
      "resourceType": "PractitionerRole",
      "id": "6c04bbc3-e9c2-2d66-a707-30a93f98e493",
      "meta": {
        "profile": [ "http://hl7.org/fhir/us/core/StructureDefinition/us-core-practitionerrole" ]
      },
      "practitioner": {
        "identifier": {
          "system": "http://hl7.org/fhir/sid/us-npi",
          "value": "9999944149"
        },
        "display": "Dr. Wilbur107 Boehm581"
      },
      "organization": {
        "identifier": {
          "system": "https://github.com/synthetichealth/synthea",
          "value": "5a8f2730-6156-364e-9bd6-49a429cf6f6b"
        },
        "display": "L AND M RADIOLOGY, INC."
      },
      "code": [ {
        "coding": [ {
          "system": "http://nucc.org/provider-taxonomy",
          "code": "208D00000X",
          "display": "General Practice"
        } ],
        "text": "General Practice"
      } ],
      "specialty": [ {
        "coding": [ {
          "system": "http://nucc.org/provider-taxonomy",
          "code": "208D00000X",
          "display": "General Practice"
        } ],
        "text": "General Practice"
      } ],
      "location": [ {
        "identifier": {
          "system": "https://github.com/synthetichealth/synthea",
          "value": "31323322-f381-3456-8e66-05a71f70f566"
        },
        "display": "L AND M RADIOLOGY, INC."
      } ],
      "telecom": [ {
        "system": "phone",
        "value": "978-946-8103"
      }, {
        "extension": [ {
          "url": "http://hl7.org/fhir/us/core/StructureDefinition/us-core-direct",
          "valueBoolean": true
        } ],
        "system": "email",
        "value": "Wilbur107.Boehm581@example.com",
        "use": "work"
      } ]
    },
    "request": {
      "method": "POST",
      "url": "PractitionerRole"
    }
  }, {
    "fullUrl": "urn:uuid:be2a4882-0020-3c99-996a-6862b6e473bc",
    "resource": {
      "resourceType": "Practitioner",
      "id": "be2a4882-0020-3c99-996a-6862b6e473bc",
      "meta": {
        "profile": [ "http://hl7.org/fhir/us/core/StructureDefinition/us-core-practitioner" ]
      },
      "extension": [ {
        "url": "http://synthetichealth.github.io/synthea/utilization-encounters-extension",
        "valueInteger": 31
      } ],
      "identifier": [ {
        "system": "http://hl7.org/fhir/sid/us-npi",
        "value": "9999944069"
      } ],
      "active": true,
      "name": [ {
        "family": "Harber290",
        "given": [ "Jeramy610" ],
        "prefix": [ "Dr." ]
      } ],
      "telecom": [ {
        "extension": [ {
          "url": "http://hl7.org/fhir/us/core/StructureDefinition/us-core-direct",
          "valueBoolean": true
        } ],
        "system": "email",
        "value": "Jeramy610.Harber290@example.com",
        "use": "work"
      } ],
      "address": [ {
        "line": [ "135 WEBSTER ST" ],
        "city": "HANOVER",
        "state": "MA",
        "postalCode": "02339-1200",
        "country": "US"
      } ],
      "gender": "male"
    },
    "request": {
      "method": "POST",
      "url": "Practitioner",
      "ifNoneExist": "identifier=http://hl7.org/fhir/sid/us-npi|9999944069"
    }
  }, {
    "fullUrl": "urn:uuid:b392af45-5200-e994-a69f-757eab4f432f",
    "resource": {
      "resourceType": "PractitionerRole",
      "id": "b392af45-5200-e994-a69f-757eab4f432f",
      "meta": {
        "profile": [ "http://hl7.org/fhir/us/core/StructureDefinition/us-core-practitionerrole" ]
      },
      "practitioner": {
        "identifier": {
          "system": "http://hl7.org/fhir/sid/us-npi",
          "value": "9999944069"
        },
        "display": "Dr. Jeramy610 Harber290"
      },
      "organization": {
        "identifier": {
          "system": "https://github.com/synthetichealth/synthea",
          "value": "b0ed7de1-2ddf-3b6b-9142-e02d91d49c23"
        },
        "display": "HARBOR MEDICAL ASSOCIATES, INC."
      },
      "code": [ {
        "coding": [ {
          "system": "http://nucc.org/provider-taxonomy",
          "code": "208D00000X",
          "display": "General Practice"
        } ],
        "text": "General Practice"
      } ],
      "specialty": [ {
        "coding": [ {
          "system": "http://nucc.org/provider-taxonomy",
          "code": "208D00000X",
          "display": "General Practice"
        } ],
        "text": "General Practice"
      } ],
      "location": [ {
        "identifier": {
          "system": "https://github.com/synthetichealth/synthea",
          "value": "2dabfa70-5627-363f-832e-baa256cd5407"
        },
        "display": "HARBOR MEDICAL ASSOCIATES, INC."
      } ],
      "telecom": [ {
        "system": "phone",
        "value": "781-331-1999"
      }, {
        "extension": [ {
          "url": "http://hl7.org/fhir/us/core/StructureDefinition/us-core-direct",
          "valueBoolean": true
        } ],
        "system": "email",
        "value": "Jeramy610.Harber290@example.com",
        "use": "work"
      } ]
    },
    "request": {
      "method": "POST",
      "url": "PractitionerRole"
    }
  }, {
    "fullUrl": "urn:uuid:b1ac74b3-7643-3d53-b775-37813a8cfdbd",
    "resource": {
      "resourceType": "Practitioner",
      "id": "b1ac74b3-7643-3d53-b775-37813a8cfdbd",
      "meta": {
        "profile": [ "http://hl7.org/fhir/us/core/StructureDefinition/us-core-practitioner" ]
      },
      "extension": [ {
        "url": "http://synthetichealth.github.io/synthea/utilization-encounters-extension",
        "valueInteger": 45
      } ],
      "identifier": [ {
        "system": "http://hl7.org/fhir/sid/us-npi",
        "value": "9999939909"
      } ],
      "active": true,
      "name": [ {
        "family": "Stiedemann542",
        "given": [ "Elisha578" ],
        "prefix": [ "Dr." ]
      } ],
      "telecom": [ {
        "extension": [ {
          "url": "http://hl7.org/fhir/us/core/StructureDefinition/us-core-direct",
          "valueBoolean": true
        } ],
        "system": "email",
        "value": "Elisha578.Stiedemann542@example.com",
        "use": "work"
      } ],
      "address": [ {
        "line": [ "214 HOWARD ST" ],
        "city": "FRAMINGHAM",
        "state": "MA",
        "postalCode": "01702-8311",
        "country": "US"
      } ],
      "gender": "female"
    },
    "request": {
      "method": "POST",
      "url": "Practitioner",
      "ifNoneExist": "identifier=http://hl7.org/fhir/sid/us-npi|9999939909"
    }
  }, {
    "fullUrl": "urn:uuid:2b6d548f-25be-41bf-181e-5201b98a827d",
    "resource": {
      "resourceType": "PractitionerRole",
      "id": "2b6d548f-25be-41bf-181e-5201b98a827d",
      "meta": {
        "profile": [ "http://hl7.org/fhir/us/core/StructureDefinition/us-core-practitionerrole" ]
      },
      "practitioner": {
        "identifier": {
          "system": "http://hl7.org/fhir/sid/us-npi",
          "value": "9999939909"
        },
        "display": "Dr. Elisha578 Stiedemann542"
      },
      "organization": {
        "identifier": {
          "system": "https://github.com/synthetichealth/synthea",
          "value": "fe90cb79-f0ff-3ef1-9dbf-5657cedf8332"
        },
        "display": "NEW HORIZONS MEDICAL,  P.C."
      },
      "code": [ {
        "coding": [ {
          "system": "http://nucc.org/provider-taxonomy",
          "code": "208D00000X",
          "display": "General Practice"
        } ],
        "text": "General Practice"
      } ],
      "specialty": [ {
        "coding": [ {
          "system": "http://nucc.org/provider-taxonomy",
          "code": "208D00000X",
          "display": "General Practice"
        } ],
        "text": "General Practice"
      } ],
      "location": [ {
        "identifier": {
          "system": "https://github.com/synthetichealth/synthea",
          "value": "ec05c221-2531-36f4-990c-54dd5fb9afe3"
        },
        "display": "NEW HORIZONS MEDICAL,  P.C."
      } ],
      "telecom": [ {
        "system": "phone",
        "value": "508-872-0700"
      }, {
        "extension": [ {
          "url": "http://hl7.org/fhir/us/core/StructureDefinition/us-core-direct",
          "valueBoolean": true
        } ],
        "system": "email",
        "value": "Elisha578.Stiedemann542@example.com",
        "use": "work"
      } ]
    },
    "request": {
      "method": "POST",
      "url": "PractitionerRole"
    }
  }, {
    "fullUrl": "urn:uuid:f57e3864-9906-3836-beb5-40f4775bf39e",
    "resource": {
      "resourceType": "Practitioner",
      "id": "f57e3864-9906-3836-beb5-40f4775bf39e",
      "meta": {
        "profile": [ "http://hl7.org/fhir/us/core/StructureDefinition/us-core-practitioner" ]
      },
      "extension": [ {
        "url": "http://synthetichealth.github.io/synthea/utilization-encounters-extension",
        "valueInteger": 45
      } ],
      "identifier": [ {
        "system": "http://hl7.org/fhir/sid/us-npi",
        "value": "9999934439"
      } ],
      "active": true,
      "name": [ {
        "family": "Gulgowski816",
        "given": [ "Brant303" ],
        "prefix": [ "Dr." ]
      } ],
      "telecom": [ {
        "extension": [ {
          "url": "http://hl7.org/fhir/us/core/StructureDefinition/us-core-direct",
          "valueBoolean": true
        } ],
        "system": "email",
        "value": "Brant303.Gulgowski816@example.com",
        "use": "work"
      } ],
      "address": [ {
        "line": [ "200 SILVER ST" ],
        "city": "AGAWAM",
        "state": "MA",
        "postalCode": "01001-3067",
        "country": "US"
      } ],
      "gender": "male"
    },
    "request": {
      "method": "POST",
      "url": "Practitioner",
      "ifNoneExist": "identifier=http://hl7.org/fhir/sid/us-npi|9999934439"
    }
  }, {
    "fullUrl": "urn:uuid:6aa88d8e-bd86-6c9e-82a4-31438be7a58a",
    "resource": {
      "resourceType": "PractitionerRole",
      "id": "6aa88d8e-bd86-6c9e-82a4-31438be7a58a",
      "meta": {
        "profile": [ "http://hl7.org/fhir/us/core/StructureDefinition/us-core-practitionerrole" ]
      },
      "practitioner": {
        "identifier": {
          "system": "http://hl7.org/fhir/sid/us-npi",
          "value": "9999934439"
        },
        "display": "Dr. Brant303 Gulgowski816"
      },
      "organization": {
        "identifier": {
          "system": "https://github.com/synthetichealth/synthea",
          "value": "6d76ab92-85e0-3615-b72a-0d9fe04e7c9b"
        },
        "display": "PCP219976"
      },
      "code": [ {
        "coding": [ {
          "system": "http://nucc.org/provider-taxonomy",
          "code": "208D00000X",
          "display": "General Practice"
        } ],
        "text": "General Practice"
      } ],
      "specialty": [ {
        "coding": [ {
          "system": "http://nucc.org/provider-taxonomy",
          "code": "208D00000X",
          "display": "General Practice"
        } ],
        "text": "General Practice"
      } ],
      "location": [ {
        "identifier": {
          "system": "https://github.com/synthetichealth/synthea",
          "value": "6901e774-04fa-32a1-adb4-e157d3e1f499"
        },
        "display": "PCP219976"
      } ],
      "telecom": [ {
        "extension": [ {
          "url": "http://hl7.org/fhir/us/core/StructureDefinition/us-core-direct",
          "valueBoolean": true
        } ],
        "system": "email",
        "value": "Brant303.Gulgowski816@example.com",
        "use": "work"
      } ]
    },
    "request": {
      "method": "POST",
      "url": "PractitionerRole"
    }
  }, {
    "fullUrl": "urn:uuid:6a834288-37b0-3677-adfe-f09c098d4fb5",
    "resource": {
      "resourceType": "Practitioner",
      "id": "6a834288-37b0-3677-adfe-f09c098d4fb5",
      "meta": {
        "profile": [ "http://hl7.org/fhir/us/core/StructureDefinition/us-core-practitioner" ]
      },
      "extension": [ {
        "url": "http://synthetichealth.github.io/synthea/utilization-encounters-extension",
        "valueInteger": 32
      } ],
      "identifier": [ {
        "system": "http://hl7.org/fhir/sid/us-npi",
        "value": "9999927339"
      } ],
      "active": true,
      "name": [ {
        "family": "Gaylord332",
        "given": [ "Giselle809" ],
        "prefix": [ "Dr." ]
      } ],
      "telecom": [ {
        "extension": [ {
          "url": "http://hl7.org/fhir/us/core/StructureDefinition/us-core-direct",
          "valueBoolean": true
        } ],
        "system": "email",
        "value": "Giselle809.Gaylord332@example.com",
        "use": "work"
      } ],
      "address": [ {
        "line": [ "950 CAMBRIDGE ST" ],
        "city": "CAMBRIDGE",
        "state": "MA",
        "postalCode": "02141-1001",
        "country": "US"
      } ],
      "gender": "female"
    },
    "request": {
      "method": "POST",
      "url": "Practitioner",
      "ifNoneExist": "identifier=http://hl7.org/fhir/sid/us-npi|9999927339"
    }
  }, {
    "fullUrl": "urn:uuid:19207399-f261-aea3-9e72-5f6a0766b682",
    "resource": {
      "resourceType": "PractitionerRole",
      "id": "19207399-f261-aea3-9e72-5f6a0766b682",
      "meta": {
        "profile": [ "http://hl7.org/fhir/us/core/StructureDefinition/us-core-practitionerrole" ]
      },
      "practitioner": {
        "identifier": {
          "system": "http://hl7.org/fhir/sid/us-npi",
          "value": "9999927339"
        },
        "display": "Dr. Giselle809 Gaylord332"
      },
      "organization": {
        "identifier": {
          "system": "https://github.com/synthetichealth/synthea",
          "value": "1c54a268-3318-36f9-af81-4a428e5a16ee"
        },
        "display": "PCP263375"
      },
      "code": [ {
        "coding": [ {
          "system": "http://nucc.org/provider-taxonomy",
          "code": "208D00000X",
          "display": "General Practice"
        } ],
        "text": "General Practice"
      } ],
      "specialty": [ {
        "coding": [ {
          "system": "http://nucc.org/provider-taxonomy",
          "code": "208D00000X",
          "display": "General Practice"
        } ],
        "text": "General Practice"
      } ],
      "location": [ {
        "identifier": {
          "system": "https://github.com/synthetichealth/synthea",
          "value": "d8403c84-0296-3dd8-8ef5-6925f9a797d7"
        },
        "display": "PCP263375"
      } ],
      "telecom": [ {
        "extension": [ {
          "url": "http://hl7.org/fhir/us/core/StructureDefinition/us-core-direct",
          "valueBoolean": true
        } ],
        "system": "email",
        "value": "Giselle809.Gaylord332@example.com",
        "use": "work"
      } ]
    },
    "request": {
      "method": "POST",
      "url": "PractitionerRole"
    }
  }, {
    "fullUrl": "urn:uuid:bbb2ce4e-95c2-3db0-98c8-ca7ef115611d",
    "resource": {
      "resourceType": "Practitioner",
      "id": "bbb2ce4e-95c2-3db0-98c8-ca7ef115611d",
      "meta": {
        "profile": [ "http://hl7.org/fhir/us/core/StructureDefinition/us-core-practitioner" ]
      },
      "extension": [ {
        "url": "http://synthetichealth.github.io/synthea/utilization-encounters-extension",
        "valueInteger": 44
      } ],
      "identifier": [ {
        "system": "http://hl7.org/fhir/sid/us-npi",
        "value": "9999923739"
      } ],
      "active": true,
      "name": [ {
        "family": "Hudson301",
        "given": [ "Noelle559" ],
        "prefix": [ "Dr." ]
      } ],
      "telecom": [ {
        "extension": [ {
          "url": "http://hl7.org/fhir/us/core/StructureDefinition/us-core-direct",
          "valueBoolean": true
        } ],
        "system": "email",
        "value": "Noelle559.Hudson301@example.com",
        "use": "work"
      } ],
      "address": [ {
        "line": [ "262 NEW LUDLOW RD" ],
        "city": "CHICOPEE",
        "state": "MA",
        "postalCode": "01020-4488",
        "country": "US"
      } ],
      "gender": "female"
    },
    "request": {
      "method": "POST",
      "url": "Practitioner",
      "ifNoneExist": "identifier=http://hl7.org/fhir/sid/us-npi|9999923739"
    }
  }, {
    "fullUrl": "urn:uuid:f2903bd8-43f5-7091-73ba-9eb34a5ed165",
    "resource": {
      "resourceType": "PractitionerRole",
      "id": "f2903bd8-43f5-7091-73ba-9eb34a5ed165",
      "meta": {
        "profile": [ "http://hl7.org/fhir/us/core/StructureDefinition/us-core-practitionerrole" ]
      },
      "practitioner": {
        "identifier": {
          "system": "http://hl7.org/fhir/sid/us-npi",
          "value": "9999923739"
        },
        "display": "Dr. Noelle559 Hudson301"
      },
      "organization": {
        "identifier": {
          "system": "https://github.com/synthetichealth/synthea",
          "value": "b03dba4f-892f-365c-bfd1-bfcfa7a98d5d"
        },
        "display": "WESTERN MASS PHYSICIAN ASSOCIATES INC"
      },
      "code": [ {
        "coding": [ {
          "system": "http://nucc.org/provider-taxonomy",
          "code": "208D00000X",
          "display": "General Practice"
        } ],
        "text": "General Practice"
      } ],
      "specialty": [ {
        "coding": [ {
          "system": "http://nucc.org/provider-taxonomy",
          "code": "208D00000X",
          "display": "General Practice"
        } ],
        "text": "General Practice"
      } ],
      "location": [ {
        "identifier": {
          "system": "https://github.com/synthetichealth/synthea",
          "value": "b08b92af-3bd2-33b5-8d61-335e7db5f4da"
        },
        "display": "WESTERN MASS PHYSICIAN ASSOCIATES INC"
      } ],
      "telecom": [ {
        "system": "phone",
        "value": "413-552-3250"
      }, {
        "extension": [ {
          "url": "http://hl7.org/fhir/us/core/StructureDefinition/us-core-direct",
          "valueBoolean": true
        } ],
        "system": "email",
        "value": "Noelle559.Hudson301@example.com",
        "use": "work"
      } ]
    },
    "request": {
      "method": "POST",
      "url": "PractitionerRole"
    }
  }, {
    "fullUrl": "urn:uuid:46e55353-0c9b-3cd4-9277-6b0180fd6809",
    "resource": {
      "resourceType": "Practitioner",
      "id": "46e55353-0c9b-3cd4-9277-6b0180fd6809",
      "meta": {
        "profile": [ "http://hl7.org/fhir/us/core/StructureDefinition/us-core-practitioner" ]
      },
      "extension": [ {
        "url": "http://synthetichealth.github.io/synthea/utilization-encounters-extension",
        "valueInteger": 20
      } ],
      "identifier": [ {
        "system": "http://hl7.org/fhir/sid/us-npi",
        "value": "9999922359"
      } ],
      "active": true,
      "name": [ {
        "family": "Fay398",
        "given": [ "Tracee120" ],
        "prefix": [ "Dr." ]
      } ],
      "telecom": [ {
        "extension": [ {
          "url": "http://hl7.org/fhir/us/core/StructureDefinition/us-core-direct",
          "valueBoolean": true
        } ],
        "system": "email",
        "value": "Tracee120.Fay398@example.com",
        "use": "work"
      } ],
      "address": [ {
        "line": [ "99 LONGWATER CIR" ],
        "city": "NORWELL",
        "state": "MA",
        "postalCode": "02061-1643",
        "country": "US"
      } ],
      "gender": "female"
    },
    "request": {
      "method": "POST",
      "url": "Practitioner",
      "ifNoneExist": "identifier=http://hl7.org/fhir/sid/us-npi|9999922359"
    }
  }, {
    "fullUrl": "urn:uuid:37087ddf-5587-ab50-e764-88b8949ba5fa",
    "resource": {
      "resourceType": "PractitionerRole",
      "id": "37087ddf-5587-ab50-e764-88b8949ba5fa",
      "meta": {
        "profile": [ "http://hl7.org/fhir/us/core/StructureDefinition/us-core-practitionerrole" ]
      },
      "practitioner": {
        "identifier": {
          "system": "http://hl7.org/fhir/sid/us-npi",
          "value": "9999922359"
        },
        "display": "Dr. Tracee120 Fay398"
      },
      "organization": {
        "identifier": {
          "system": "https://github.com/synthetichealth/synthea",
          "value": "f21bfa6a-689c-393c-95c9-4435858a49c2"
        },
        "display": "SPEECH LANGUAGE PATHOLOGY CENTER"
      },
      "code": [ {
        "coding": [ {
          "system": "http://nucc.org/provider-taxonomy",
          "code": "208D00000X",
          "display": "General Practice"
        } ],
        "text": "General Practice"
      } ],
      "specialty": [ {
        "coding": [ {
          "system": "http://nucc.org/provider-taxonomy",
          "code": "208D00000X",
          "display": "General Practice"
        } ],
        "text": "General Practice"
      } ],
      "location": [ {
        "identifier": {
          "system": "https://github.com/synthetichealth/synthea",
          "value": "be5909a7-40f5-3c09-becf-5da79d837833"
        },
        "display": "SPEECH LANGUAGE PATHOLOGY CENTER"
      } ],
      "telecom": [ {
        "system": "phone",
        "value": "781-792-2700"
      }, {
        "extension": [ {
          "url": "http://hl7.org/fhir/us/core/StructureDefinition/us-core-direct",
          "valueBoolean": true
        } ],
        "system": "email",
        "value": "Tracee120.Fay398@example.com",
        "use": "work"
      } ]
    },
    "request": {
      "method": "POST",
      "url": "PractitionerRole"
    }
  }, {
    "fullUrl": "urn:uuid:91efa397-57ce-350f-b0d8-3f40b2cab9dc",
    "resource": {
      "resourceType": "Practitioner",
      "id": "91efa397-57ce-350f-b0d8-3f40b2cab9dc",
      "meta": {
        "profile": [ "http://hl7.org/fhir/us/core/StructureDefinition/us-core-practitioner" ]
      },
      "extension": [ {
        "url": "http://synthetichealth.github.io/synthea/utilization-encounters-extension",
        "valueInteger": 48
      } ],
      "identifier": [ {
        "system": "http://hl7.org/fhir/sid/us-npi",
        "value": "9999915549"
      } ],
      "active": true,
      "name": [ {
        "family": "Cronin387",
        "given": [ "Celsa248" ],
        "prefix": [ "Dr." ]
      } ],
      "telecom": [ {
        "extension": [ {
          "url": "http://hl7.org/fhir/us/core/StructureDefinition/us-core-direct",
          "valueBoolean": true
        } ],
        "system": "email",
        "value": "Celsa248.Cronin387@example.com",
        "use": "work"
      } ],
      "address": [ {
        "line": [ "2 BELMONT ST" ],
        "city": "EASTON",
        "state": "MA",
        "postalCode": "02334",
        "country": "US"
      } ],
      "gender": "female"
    },
    "request": {
      "method": "POST",
      "url": "Practitioner",
      "ifNoneExist": "identifier=http://hl7.org/fhir/sid/us-npi|9999915549"
    }
  }, {
    "fullUrl": "urn:uuid:6730c09d-94ac-bd04-a6f1-3ff7667ca504",
    "resource": {
      "resourceType": "PractitionerRole",
      "id": "6730c09d-94ac-bd04-a6f1-3ff7667ca504",
      "meta": {
        "profile": [ "http://hl7.org/fhir/us/core/StructureDefinition/us-core-practitionerrole" ]
      },
      "practitioner": {
        "identifier": {
          "system": "http://hl7.org/fhir/sid/us-npi",
          "value": "9999915549"
        },
        "display": "Dr. Celsa248 Cronin387"
      },
      "organization": {
        "identifier": {
          "system": "https://github.com/synthetichealth/synthea",
          "value": "ca2eaac0-decd-3e6b-9306-da358c0fcbf5"
        },
        "display": "MARATHON PHYSICAL THERAPY AND SPORTS MEDICINE, LLC"
      },
      "code": [ {
        "coding": [ {
          "system": "http://nucc.org/provider-taxonomy",
          "code": "208D00000X",
          "display": "General Practice"
        } ],
        "text": "General Practice"
      } ],
      "specialty": [ {
        "coding": [ {
          "system": "http://nucc.org/provider-taxonomy",
          "code": "208D00000X",
          "display": "General Practice"
        } ],
        "text": "General Practice"
      } ],
      "location": [ {
        "identifier": {
          "system": "https://github.com/synthetichealth/synthea",
          "value": "8edfd371-82c9-3746-9499-c2da88b213a1"
        },
        "display": "MARATHON PHYSICAL THERAPY AND SPORTS MEDICINE, LLC"
      } ],
      "telecom": [ {
        "system": "phone",
        "value": "857-444-7026"
      }, {
        "extension": [ {
          "url": "http://hl7.org/fhir/us/core/StructureDefinition/us-core-direct",
          "valueBoolean": true
        } ],
        "system": "email",
        "value": "Celsa248.Cronin387@example.com",
        "use": "work"
      } ]
    },
    "request": {
      "method": "POST",
      "url": "PractitionerRole"
    }
  }, {
    "fullUrl": "urn:uuid:7f54fb2e-c076-3e30-b703-d08bd8e24ff1",
    "resource": {
      "resourceType": "Practitioner",
      "id": "7f54fb2e-c076-3e30-b703-d08bd8e24ff1",
      "meta": {
        "profile": [ "http://hl7.org/fhir/us/core/StructureDefinition/us-core-practitioner" ]
      },
      "extension": [ {
        "url": "http://synthetichealth.github.io/synthea/utilization-encounters-extension",
        "valueInteger": 37
      } ],
      "identifier": [ {
        "system": "http://hl7.org/fhir/sid/us-npi",
        "value": "9999910639"
      } ],
      "active": true,
      "name": [ {
        "family": "Goodwin327",
        "given": [ "Travis723" ],
        "prefix": [ "Dr." ]
      } ],
      "telecom": [ {
        "extension": [ {
          "url": "http://hl7.org/fhir/us/core/StructureDefinition/us-core-direct",
          "valueBoolean": true
        } ],
        "system": "email",
        "value": "Travis723.Goodwin327@example.com",
        "use": "work"
      } ],
      "address": [ {
        "line": [ "208 MILL RD" ],
        "city": "FAIRHAVEN",
        "state": "MA",
        "postalCode": "02719-5208",
        "country": "US"
      } ],
      "gender": "male"
    },
    "request": {
      "method": "POST",
      "url": "Practitioner",
      "ifNoneExist": "identifier=http://hl7.org/fhir/sid/us-npi|9999910639"
    }
  }, {
    "fullUrl": "urn:uuid:4b1a717b-b854-fb5b-302a-358a14bd4cb3",
    "resource": {
      "resourceType": "PractitionerRole",
      "id": "4b1a717b-b854-fb5b-302a-358a14bd4cb3",
      "meta": {
        "profile": [ "http://hl7.org/fhir/us/core/StructureDefinition/us-core-practitionerrole" ]
      },
      "practitioner": {
        "identifier": {
          "system": "http://hl7.org/fhir/sid/us-npi",
          "value": "9999910639"
        },
        "display": "Dr. Travis723 Goodwin327"
      },
      "organization": {
        "identifier": {
          "system": "https://github.com/synthetichealth/synthea",
          "value": "4d9877c9-5eb6-3db0-8bdb-cd2b01a6b668"
        },
        "display": "SOUTHCOAST PHYSICIANS GROUP, INC.."
      },
      "code": [ {
        "coding": [ {
          "system": "http://nucc.org/provider-taxonomy",
          "code": "208D00000X",
          "display": "General Practice"
        } ],
        "text": "General Practice"
      } ],
      "specialty": [ {
        "coding": [ {
          "system": "http://nucc.org/provider-taxonomy",
          "code": "208D00000X",
          "display": "General Practice"
        } ],
        "text": "General Practice"
      } ],
      "location": [ {
        "identifier": {
          "system": "https://github.com/synthetichealth/synthea",
          "value": "436aace6-4875-3355-b878-d08713206859"
        },
        "display": "SOUTHCOAST PHYSICIANS GROUP, INC.."
      } ],
      "telecom": [ {
        "system": "phone",
        "value": "508-996-1800"
      }, {
        "extension": [ {
          "url": "http://hl7.org/fhir/us/core/StructureDefinition/us-core-direct",
          "valueBoolean": true
        } ],
        "system": "email",
        "value": "Travis723.Goodwin327@example.com",
        "use": "work"
      } ]
    },
    "request": {
      "method": "POST",
      "url": "PractitionerRole"
    }
  }, {
    "fullUrl": "urn:uuid:b98b58ef-a260-39e2-a5d6-096ae2b7564a",
    "resource": {
      "resourceType": "Practitioner",
      "id": "b98b58ef-a260-39e2-a5d6-096ae2b7564a",
      "meta": {
        "profile": [ "http://hl7.org/fhir/us/core/StructureDefinition/us-core-practitioner" ]
      },
      "extension": [ {
        "url": "http://synthetichealth.github.io/synthea/utilization-encounters-extension",
        "valueInteger": 49
      } ],
      "identifier": [ {
        "system": "http://hl7.org/fhir/sid/us-npi",
        "value": "9999908639"
      } ],
      "active": true,
      "name": [ {
        "family": "Baumbach677",
        "given": [ "Neoma676" ],
        "prefix": [ "Dr." ]
      } ],
      "telecom": [ {
        "extension": [ {
          "url": "http://hl7.org/fhir/us/core/StructureDefinition/us-core-direct",
          "valueBoolean": true
        } ],
        "system": "email",
        "value": "Neoma676.Baumbach677@example.com",
        "use": "work"
      } ],
      "address": [ {
        "line": [ "55 HOSPITAL DR" ],
        "city": "WINCHENDON",
        "state": "MA",
        "postalCode": "01475-1820",
        "country": "US"
      } ],
      "gender": "female"
    },
    "request": {
      "method": "POST",
      "url": "Practitioner",
      "ifNoneExist": "identifier=http://hl7.org/fhir/sid/us-npi|9999908639"
    }
  }, {
    "fullUrl": "urn:uuid:e629a9c0-6c70-9726-48d0-073afd11485d",
    "resource": {
      "resourceType": "PractitionerRole",
      "id": "e629a9c0-6c70-9726-48d0-073afd11485d",
      "meta": {
        "profile": [ "http://hl7.org/fhir/us/core/StructureDefinition/us-core-practitionerrole" ]
      },
      "practitioner": {
        "identifier": {
          "system": "http://hl7.org/fhir/sid/us-npi",
          "value": "9999908639"
        },
        "display": "Dr. Neoma676 Baumbach677"
      },
      "organization": {
        "identifier": {
          "system": "https://github.com/synthetichealth/synthea",
          "value": "5d4a38f6-6b92-35b4-9a6e-16304971ce2b"
        },
        "display": "WACHUSETT RADIOLOGY INC"
      },
      "code": [ {
        "coding": [ {
          "system": "http://nucc.org/provider-taxonomy",
          "code": "208D00000X",
          "display": "General Practice"
        } ],
        "text": "General Practice"
      } ],
      "specialty": [ {
        "coding": [ {
          "system": "http://nucc.org/provider-taxonomy",
          "code": "208D00000X",
          "display": "General Practice"
        } ],
        "text": "General Practice"
      } ],
      "location": [ {
        "identifier": {
          "system": "https://github.com/synthetichealth/synthea",
          "value": "e9809683-ce6b-3383-9f7a-7d6053ffcfd7"
        },
        "display": "WACHUSETT RADIOLOGY INC"
      } ],
      "telecom": [ {
        "system": "phone",
        "value": "978-297-2311"
      }, {
        "extension": [ {
          "url": "http://hl7.org/fhir/us/core/StructureDefinition/us-core-direct",
          "valueBoolean": true
        } ],
        "system": "email",
        "value": "Neoma676.Baumbach677@example.com",
        "use": "work"
      } ]
    },
    "request": {
      "method": "POST",
      "url": "PractitionerRole"
    }
  }, {
    "fullUrl": "urn:uuid:e03157e6-1877-3b97-99c9-e0dd4f467693",
    "resource": {
      "resourceType": "Practitioner",
      "id": "e03157e6-1877-3b97-99c9-e0dd4f467693",
      "meta": {
        "profile": [ "http://hl7.org/fhir/us/core/StructureDefinition/us-core-practitioner" ]
      },
      "extension": [ {
        "url": "http://synthetichealth.github.io/synthea/utilization-encounters-extension",
        "valueInteger": 29
      } ],
      "identifier": [ {
        "system": "http://hl7.org/fhir/sid/us-npi",
        "value": "9999908469"
      } ],
      "active": true,
      "name": [ {
        "family": "Schultz619",
        "given": [ "Marybelle759" ],
        "prefix": [ "Dr." ]
      } ],
      "telecom": [ {
        "extension": [ {
          "url": "http://hl7.org/fhir/us/core/StructureDefinition/us-core-direct",
          "valueBoolean": true
        } ],
        "system": "email",
        "value": "Marybelle759.Schultz619@example.com",
        "use": "work"
      } ],
      "address": [ {
        "line": [ "63 N MAIN ST" ],
        "city": "ATTLEBORO",
        "state": "MA",
        "postalCode": "02703-2219",
        "country": "US"
      } ],
      "gender": "female"
    },
    "request": {
      "method": "POST",
      "url": "Practitioner",
      "ifNoneExist": "identifier=http://hl7.org/fhir/sid/us-npi|9999908469"
    }
  }, {
    "fullUrl": "urn:uuid:73fa6632-72b5-a52b-da4a-b9bd1336576d",
    "resource": {
      "resourceType": "PractitionerRole",
      "id": "73fa6632-72b5-a52b-da4a-b9bd1336576d",
      "meta": {
        "profile": [ "http://hl7.org/fhir/us/core/StructureDefinition/us-core-practitionerrole" ]
      },
      "practitioner": {
        "identifier": {
          "system": "http://hl7.org/fhir/sid/us-npi",
          "value": "9999908469"
        },
        "display": "Dr. Marybelle759 Schultz619"
      },
      "organization": {
        "identifier": {
          "system": "https://github.com/synthetichealth/synthea",
          "value": "8618df85-fca3-339e-aba6-2000282332aa"
        },
        "display": "STURDY MEMORIAL ASSOCIATES, INC."
      },
      "code": [ {
        "coding": [ {
          "system": "http://nucc.org/provider-taxonomy",
          "code": "208D00000X",
          "display": "General Practice"
        } ],
        "text": "General Practice"
      } ],
      "specialty": [ {
        "coding": [ {
          "system": "http://nucc.org/provider-taxonomy",
          "code": "208D00000X",
          "display": "General Practice"
        } ],
        "text": "General Practice"
      } ],
      "location": [ {
        "identifier": {
          "system": "https://github.com/synthetichealth/synthea",
          "value": "d2d3c65b-5157-37ac-9b54-7b8d70437255"
        },
        "display": "STURDY MEMORIAL ASSOCIATES, INC."
      } ],
      "telecom": [ {
        "system": "phone",
        "value": "508-455-0442"
      }, {
        "extension": [ {
          "url": "http://hl7.org/fhir/us/core/StructureDefinition/us-core-direct",
          "valueBoolean": true
        } ],
        "system": "email",
        "value": "Marybelle759.Schultz619@example.com",
        "use": "work"
      } ]
    },
    "request": {
      "method": "POST",
      "url": "PractitionerRole"
    }
  } ]
}
