START,STOP,PATIENT,ENCOUNTER,CODE,DESCRIPTION
2019-11-23,,cb91c278-7c90-1cae-3b43-f5082d9f6ece,0eaeb3cd-7861-d7c6-747a-63e0a70700cd,53741008,Coronary Heart Disease
1980-05-15,,df713c7e-47c8-0c87-c0c2-df1802f3b847,37d516cf-ab3a-fba1-e6c3-bb2ec0039fd3,128613002,Seizure disorder
1980-05-15,,df713c7e-47c8-0c87-c0c2-df1802f3b847,37d516cf-ab3a-fba1-e6c3-bb2ec0039fd3,703151001,History of single seizure (situation)
2020-07-12,,f852be14-d93a-159a-dfcb-59631e4f8aa4,476a1f70-20c0-ddf7-a6cc-131808328130,128613002,Seizure disorder
2020-07-12,,f852be14-d93a-159a-dfcb-59631e4f8aa4,476a1f70-20c0-ddf7-a6cc-131808328130,703151001,History of single seizure (situation)
2016-11-19,,82257e11-3837-f77e-3ea2-56ac99a47eed,f011cecf-c91f-9d33-5fb7-6c6a689719b5,230690007,Stroke
1990-12-04,,b69b6b73-6e4f-173b-13e7-e9d5f8d0d023,13b6c153-8d57-2f97-7344-843de4894506,230690007,Stroke
2014-09-07,,e9baa9cd-ac84-eca0-057e-afb3485715b2,17a89fce-eebc-3a56-9465-af2b4ea948d2,49436004,Atrial Fibrillation
1992-10-29,,5f23ef40-0bda-364a-9bf6-4496d1f48c38,8ab710aa-f89a-8122-8e98-94b89d34c3b1,53741008,Coronary Heart Disease
1998-08-13,,5f23ef40-0bda-364a-9bf6-4496d1f48c38,0773ebc4-5e79-cf7f-3cf2-38700f8b1cb1,22298006,Myocardial Infarction
1998-08-13,,5f23ef40-0bda-364a-9bf6-4496d1f48c38,0773ebc4-5e79-cf7f-3cf2-38700f8b1cb1,399211009,History of myocardial infarction (situation)
2002-03-08,,e5661309-a2b7-3824-214f-4892ba6349bb,e83c0861-90ee-20d6-44d7-8bafb05b0102,128613002,Seizure disorder
2002-03-08,,e5661309-a2b7-3824-214f-4892ba6349bb,e83c0861-90ee-20d6-44d7-8bafb05b0102,703151001,History of single seizure (situation)
2003-08-15,,e5661309-a2b7-3824-214f-4892ba6349bb,37f41a08-3ed9-2deb-873a-efd6b5f4a977,84757009,Epilepsy
2015-02-27,,e5661309-a2b7-3824-214f-4892ba6349bb,7a858228-84e9-242d-ab7d-f4cf77fbc6b7,53741008,Coronary Heart Disease
2019-02-26,,f2c3e2d9-4d8b-ce98-7d8b-804efdc26be1,450030b6-13e6-9470-6e13-d808273a3af6,49436004,Atrial Fibrillation
1978-05-09,,e14b3b8e-756f-be7c-fc1c-93af7c1a8faf,32a7657e-5146-10f6-9795-837b91c58312,128613002,Seizure disorder
1978-05-09,,e14b3b8e-756f-be7c-fc1c-93af7c1a8faf,32a7657e-5146-10f6-9795-837b91c58312,703151001,History of single seizure (situation)
1984-11-11,,20c70061-f645-f577-fe72-c29a4ff1a027,76368acb-836a-e557-267d-81bc7cccac97,410429000,Cardiac Arrest
1984-11-11,,20c70061-f645-f577-fe72-c29a4ff1a027,76368acb-836a-e557-267d-81bc7cccac97,429007001,History of cardiac arrest (situation)
1986-06-08,,20c70061-f645-f577-fe72-c29a4ff1a027,6854434b-6fd5-0d1f-2234-f6f294f3fd49,53741008,Coronary Heart Disease
2021-02-07,,20c70061-f645-f577-fe72-c29a4ff1a027,e2c0de06-ef6f-bccd-6bd9-0df39c1aa470,22298006,Myocardial Infarction
2021-02-07,,20c70061-f645-f577-fe72-c29a4ff1a027,e2c0de06-ef6f-bccd-6bd9-0df39c1aa470,399211009,History of myocardial infarction (situation)
2017-05-20,,4af0b725-ad9a-3946-d92b-70034cacc9f4,37905e56-c165-6039-e892-bcc8de5e7fff,49436004,Atrial Fibrillation
2005-04-20,,b052a0ea-27ef-dae4-4b71-ecbb227e7d31,d29c5cd8-c29f-a978-ed25-6864b3bbd877,410429000,Cardiac Arrest
2005-04-20,,b052a0ea-27ef-dae4-4b71-ecbb227e7d31,d29c5cd8-c29f-a978-ed25-6864b3bbd877,429007001,History of cardiac arrest (situation)
1984-11-03,,923e06c7-3c48-68d6-227a-fda3afe6f7f5,18abe071-0585-76bf-c654-42ffc3d153de,410429000,Cardiac Arrest
1984-11-03,,923e06c7-3c48-68d6-227a-fda3afe6f7f5,18abe071-0585-76bf-c654-42ffc3d153de,429007001,History of cardiac arrest (situation)
2005-04-10,,b2f9ab57-1a76-a45f-67e2-0a09230a7524,46fb9e83-64e8-0186-54dd-7213a9100819,230690007,Stroke
2001-02-17,,c23f1287-5b2e-6e0b-2182-6b9263ae63fc,6fcb089b-c570-9f25-58b4-28e4e0021e1a,230690007,Stroke
2001-06-21,,aee6eecf-a4bc-2e47-9658-ffc5ff7a8d66,37ebd729-4ff7-3c26-148a-2640624f6d1a,53741008,Coronary Heart Disease
2013-02-27,,2a07b7f7-5182-43b9-693c-7a37ee108984,be6a9b64-b2c6-3966-ed06-1112842e032d,230690007,Stroke
2009-11-26,,75495c28-9994-213c-1307-787c01ddd367,6c671c30-d858-1c78-c655-197b0dbc0c53,49436004,Atrial Fibrillation
2015-01-27,,5945d696-61ed-650a-c8dc-9ffa9ca1748e,07a12e9a-af3f-090d-a4df-67a7e0a81a6f,128613002,Seizure disorder
2015-01-27,,5945d696-61ed-650a-c8dc-9ffa9ca1748e,07a12e9a-af3f-090d-a4df-67a7e0a81a6f,703151001,History of single seizure (situation)
2018-11-15,,5945d696-61ed-650a-c8dc-9ffa9ca1748e,4d76ca04-7474-8c5a-be03-a6a403e92b63,84757009,Epilepsy
1982-03-21,,e505f948-5adc-5c76-4a83-8f1c3f405334,00911b0a-59af-fe22-b483-ee73a9aa8d40,128613002,Seizure disorder
1982-03-21,,e505f948-5adc-5c76-4a83-8f1c3f405334,00911b0a-59af-fe22-b483-ee73a9aa8d40,703151001,History of single seizure (situation)
1982-03-21,,e505f948-5adc-5c76-4a83-8f1c3f405334,00911b0a-59af-fe22-b483-ee73a9aa8d40,84757009,Epilepsy
1948-06-27,,06d2001d-28e4-10aa-674b-1e4626b08dde,b9880601-26af-91de-2c9d-09d3b5d5185d,128613002,Seizure disorder
1948-06-27,,06d2001d-28e4-10aa-674b-1e4626b08dde,b9880601-26af-91de-2c9d-09d3b5d5185d,703151001,History of single seizure (situation)
1948-06-27,,06d2001d-28e4-10aa-674b-1e4626b08dde,b9880601-26af-91de-2c9d-09d3b5d5185d,84757009,Epilepsy
1962-01-13,,a7a2c1c0-e2fb-63f6-6b5a-6caa0738fb8b,2aa8785d-65f0-dbd2-1006-a1e2cf7445a7,410429000,Cardiac Arrest
1962-01-13,,a7a2c1c0-e2fb-63f6-6b5a-6caa0738fb8b,2aa8785d-65f0-dbd2-1006-a1e2cf7445a7,429007001,History of cardiac arrest (situation)
2008-03-23,,8bd8c389-b141-82f2-8b3b-c731a0ab5183,6ccff94c-e28d-1161-5e2e-ecaa66f03e95,230690007,Stroke
2016-06-11,,b32d3e2a-7849-04e1-38d1-2c25fad2f988,58d4e3b0-1abc-180c-20de-bc5954f28757,230690007,Stroke
2014-12-14,,4c00248d-13f1-a8d3-9ae6-cde833f884df,d5341c6d-6fb6-813b-8ccd-accd0610d6e6,49436004,Atrial Fibrillation
1982-05-12,,b2c2fd3d-c272-952d-3615-5c196402cb40,c946dd8c-6cbe-ff0a-bc66-b38c63b356fc,53741008,Coronary Heart Disease
1988-09-28,,b2c2fd3d-c272-952d-3615-5c196402cb40,9d720783-4510-5c78-1068-9e4ed9f4fcab,22298006,Myocardial Infarction
1988-09-28,,b2c2fd3d-c272-952d-3615-5c196402cb40,9d720783-4510-5c78-1068-9e4ed9f4fcab,399211009,History of myocardial infarction (situation)
1968-06-25,,9972bcdc-94a5-d82e-37c4-ffbbbd55c7dd,0c541cf8-6183-3b01-9200-978d3c98e215,230690007,Stroke
1964-04-14,,0b4b1acc-5ace-a5f7-613a-7f2a152c2a69,257d3b63-eeb3-066f-2733-fc047a2b0c72,410429000,Cardiac Arrest
1964-04-14,,0b4b1acc-5ace-a5f7-613a-7f2a152c2a69,257d3b63-eeb3-066f-2733-fc047a2b0c72,429007001,History of cardiac arrest (situation)
2000-03-08,,8eebc979-edbb-ed7c-1d09-cd13b2f32746,325c7c3f-fe87-1c64-2cf1-9487e83398bf,230690007,Stroke
1976-07-27,,c42c26e1-0cf6-0324-ff76-03ee2c4e0be9,61ac7c38-f7ba-3818-3832-22337027d3cf,49436004,Atrial Fibrillation
1977-08-02,,c42c26e1-0cf6-0324-ff76-03ee2c4e0be9,f99e0f7a-8d5e-e7f6-dd96-f1fafcce417d,53741008,Coronary Heart Disease
1979-07-31,,c42c26e1-0cf6-0324-ff76-03ee2c4e0be9,427949ce-abad-fbc3-4efc-a420cf70c09f,22298006,Myocardial Infarction
1979-07-31,,c42c26e1-0cf6-0324-ff76-03ee2c4e0be9,427949ce-abad-fbc3-4efc-a420cf70c09f,399211009,History of myocardial infarction (situation)
2017-04-23,,b7ba94e0-d061-0605-074f-203f04c8bcb8,2bb8d4a7-400d-a59b-685f-86118ec469ae,230690007,Stroke
1999-07-29,,62af0c18-ebcf-2dcd-d51d-cfc63efc56c9,d8832900-2911-c4f2-dbe4-9667784e0ac2,53741008,Coronary Heart Disease
1987-04-09,,42fccba5-bbf5-5ec6-042c-7938f3fa5a5c,3450038c-984c-11e4-8a5b-110d5ea936b7,53741008,Coronary Heart Disease
1992-07-16,,42fccba5-bbf5-5ec6-042c-7938f3fa5a5c,dffac1d3-9bf4-6a56-a781-5493a3fcc417,22298006,Myocardial Infarction
1992-07-16,,42fccba5-bbf5-5ec6-042c-7938f3fa5a5c,dffac1d3-9bf4-6a56-a781-5493a3fcc417,399211009,History of myocardial infarction (situation)
1986-10-20,,65567bde-6a67-2eb5-20ea-eba3748875f6,0966ac3f-079e-82b0-f8f0-a5f8f1c5026a,53741008,Coronary Heart Disease
1992-07-20,,65567bde-6a67-2eb5-20ea-eba3748875f6,3db99176-c5e6-e4ab-0ab3-7f5fcd501b6b,22298006,Myocardial Infarction
1992-07-20,,65567bde-6a67-2eb5-20ea-eba3748875f6,3db99176-c5e6-e4ab-0ab3-7f5fcd501b6b,399211009,History of myocardial infarction (situation)
1991-03-01,,b5c227ce-51e7-3dde-c7c8-b7394b21c4ed,a72331e0-556f-ff8b-d68a-a8914d510209,128613002,Seizure disorder
1991-03-01,,b5c227ce-51e7-3dde-c7c8-b7394b21c4ed,a72331e0-556f-ff8b-d68a-a8914d510209,703151001,History of single seizure (situation)
1991-03-01,,b5c227ce-51e7-3dde-c7c8-b7394b21c4ed,a72331e0-556f-ff8b-d68a-a8914d510209,84757009,Epilepsy
1981-06-08,,4707ca30-f8b0-c89d-1476-de64c0a6734f,5eff1656-299d-aa31-a1f0-556534975005,128613002,Seizure disorder
1981-06-08,,4707ca30-f8b0-c89d-1476-de64c0a6734f,5eff1656-299d-aa31-a1f0-556534975005,703151001,History of single seizure (situation)
1999-07-17,,93f0a345-6c49-4b64-5224-2f4c700cf599,8d95b69b-e60b-90e0-27da-ad43968030fd,128613002,Seizure disorder
1999-07-17,,93f0a345-6c49-4b64-5224-2f4c700cf599,8d95b69b-e60b-90e0-27da-ad43968030fd,703151001,History of single seizure (situation)
2000-09-22,,93f0a345-6c49-4b64-5224-2f4c700cf599,8c08e6f7-397a-8078-5930-29a4b56d8e63,84757009,Epilepsy
2018-01-07,,b33cb26e-7ea1-b135-80d8-feb2912af2d9,f7c42b4c-ce22-1c81-849d-a691a6196fe2,49436004,Atrial Fibrillation
2000-12-28,,d11dbf04-d4c2-8fac-cb62-274cd8207542,de4171d0-8f40-834e-daf8-00a1517f28b2,230690007,Stroke
1985-11-09,,2964638d-aa3f-5034-59ab-8108ad6143c8,aeedd960-6571-3193-cc27-37865dec1104,410429000,Cardiac Arrest
1985-11-09,,2964638d-aa3f-5034-59ab-8108ad6143c8,aeedd960-6571-3193-cc27-37865dec1104,429007001,History of cardiac arrest (situation)
2006-06-13,,66ea0ca6-1a31-268f-eb61-ea1286f77f2b,ae399e42-efe9-e195-4460-e921da8427c4,53741008,Coronary Heart Disease
2017-11-14,,66ea0ca6-1a31-268f-eb61-ea1286f77f2b,9a5e4b9e-a536-62e8-256e-0a962927ea31,22298006,Myocardial Infarction
2017-11-14,,66ea0ca6-1a31-268f-eb61-ea1286f77f2b,9a5e4b9e-a536-62e8-256e-0a962927ea31,399211009,History of myocardial infarction (situation)
1998-11-26,,fea808e4-1ff8-ead5-2a56-344e89ad899d,0dbdc687-7f98-37e6-88fd-b86d23f086c8,230690007,Stroke
2010-10-19,,1f49ddb8-1348-40dd-1255-a7fa0b9317dc,ad12c4dd-1ace-2470-00db-429662c838c5,230690007,Stroke
1994-08-02,,22b4d7ac-3c78-f710-d622-5c13791e7f42,127cb360-59ba-c3fb-b7d7-6ea6e8da98d4,53741008,Coronary Heart Disease
1959-11-12,,44551f27-22cf-bb2e-8006-d97de9dfe498,ec2153f7-2356-ca24-1b47-8b4d0ea010e2,128613002,Seizure disorder
1959-11-12,,44551f27-22cf-bb2e-8006-d97de9dfe498,ec2153f7-2356-ca24-1b47-8b4d0ea010e2,703151001,History of single seizure (situation)
1959-11-12,,44551f27-22cf-bb2e-8006-d97de9dfe498,ec2153f7-2356-ca24-1b47-8b4d0ea010e2,84757009,Epilepsy
2012-06-16,,54800256-49fc-70b4-614d-df48562a43c8,83fe4285-fac3-0719-128c-1ae665221ba1,128613002,Seizure disorder
2012-06-16,,54800256-49fc-70b4-614d-df48562a43c8,83fe4285-fac3-0719-128c-1ae665221ba1,703151001,History of single seizure (situation)
2012-06-16,,54800256-49fc-70b4-614d-df48562a43c8,83fe4285-fac3-0719-128c-1ae665221ba1,84757009,Epilepsy
1996-07-09,,da28fc04-fefe-50b6-2400-f51f102f03b5,15915753-4343-176e-1b0b-a3401f7b3ab8,49436004,Atrial Fibrillation
1996-08-27,,da28fc04-fefe-50b6-2400-f51f102f03b5,fb88f55a-688e-7039-2dbf-ba16ea990f01,230690007,Stroke
2006-10-02,,f3880bfe-abf2-ed35-cf00-3f93c779f6e2,831eeae9-05db-71a8-de49-c71129185d2b,53741008,Coronary Heart Disease
2017-02-07,,64217443-e077-f7b0-d6cd-a06cceb68e29,c1b5cf7b-5876-2d3b-1c94-ad29232ad4ad,53741008,Coronary Heart Disease
2011-04-18,,5f362450-9353-2622-0f5d-b49cfe4ce492,47e49986-3cec-4ddc-430b-a8fe7e4fb440,53741008,Coronary Heart Disease
2013-04-29,,5f362450-9353-2622-0f5d-b49cfe4ce492,6c1803b5-ec99-6685-9d4d-c872d3eaee1f,49436004,Atrial Fibrillation
2016-07-18,,5f362450-9353-2622-0f5d-b49cfe4ce492,49db98f5-bcbc-8315-0096-75dcbb2e6970,230690007,Stroke
2000-10-10,,d8902acb-31b3-5339-50c8-0c693361300f,fdf1b482-abed-f560-f7a3-4ba5db1ee5aa,53741008,Coronary Heart Disease
2019-12-01,,11504c1a-d49c-2f89-ea1a-078eaf3456fe,60e3565e-a5d0-b91d-e55e-ad4fdd3bdb57,230690007,Stroke
2018-08-27,,67e9962b-1290-9232-0109-50a3480fae2b,24b67e39-e6a1-6602-6a3b-ee164dc02324,49436004,Atrial Fibrillation
2020-03-02,,67e9962b-1290-9232-0109-50a3480fae2b,0ef4c53d-8174-e54b-94fb-4a24e501fc57,230690007,Stroke
2016-07-05,,100158db-55e6-47a9-0361-b1b333fb1e1c,8f580f2b-ff60-0ae3-2805-fd1a0c22f4d6,128613002,Seizure disorder
2016-07-05,,100158db-55e6-47a9-0361-b1b333fb1e1c,8f580f2b-ff60-0ae3-2805-fd1a0c22f4d6,703151001,History of single seizure (situation)
2016-12-31,,100158db-55e6-47a9-0361-b1b333fb1e1c,9c43a052-42e9-1ad4-4040-8323b45379c4,84757009,Epilepsy
2003-09-03,,3154ac1b-fe8a-a616-75e4-25950488c699,19a66e70-98a7-3d56-c876-dbd8b60037bf,128613002,Seizure disorder
2003-09-03,,3154ac1b-fe8a-a616-75e4-25950488c699,19a66e70-98a7-3d56-c876-dbd8b60037bf,703151001,History of single seizure (situation)
2015-10-20,,23ad86fd-388c-f023-1766-80667689eb0d,9789c88a-4ed7-1d9d-99c4-128bdd56417f,53741008,Coronary Heart Disease
1969-03-07,,365b21f7-9178-d320-2387-dad93f6e0f0c,39c76621-0b61-2a47-146f-ded7b9f56f7f,128613002,Seizure disorder
1969-03-07,,365b21f7-9178-d320-2387-dad93f6e0f0c,39c76621-0b61-2a47-146f-ded7b9f56f7f,703151001,History of single seizure (situation)
2019-02-15,,11049097-194a-e4dd-0deb-86bce5f35d0a,7f1fda17-0bc3-9086-85d3-12248f27248e,49436004,Atrial Fibrillation
1981-10-24,,5560c4eb-66e7-c8a9-3246-7d149c1a6266,5433dc2d-b812-c166-7bbf-fc54c8297dd9,128613002,Seizure disorder
1981-10-24,,5560c4eb-66e7-c8a9-3246-7d149c1a6266,5433dc2d-b812-c166-7bbf-fc54c8297dd9,703151001,History of single seizure (situation)
1981-10-24,,5560c4eb-66e7-c8a9-3246-7d149c1a6266,5433dc2d-b812-c166-7bbf-fc54c8297dd9,84757009,Epilepsy
1985-06-15,,fcce0aab-a5de-6a8a-ba4d-62c913cc8104,5b12eb2b-7998-15f0-d6a9-64f9b320a97e,128613002,Seizure disorder
1985-06-15,,fcce0aab-a5de-6a8a-ba4d-62c913cc8104,5b12eb2b-7998-15f0-d6a9-64f9b320a97e,703151001,History of single seizure (situation)
1992-09-15,,12fa1fca-2e58-fd63-882a-4e0761a74e86,301f2b63-9140-86d3-23a0-2d4fefa72762,53741008,Coronary Heart Disease
1994-05-10,,12fa1fca-2e58-fd63-882a-4e0761a74e86,b60629fd-4c78-e4e2-3975-62b537187654,22298006,Myocardial Infarction
1994-05-10,,12fa1fca-2e58-fd63-882a-4e0761a74e86,b60629fd-4c78-e4e2-3975-62b537187654,399211009,History of myocardial infarction (situation)
1993-02-08,,4ea6237c-ef5f-c5c7-94a7-b2a97dee5e10,d6a26fd5-1fff-859a-de4d-7f98a93c08ed,230690007,Stroke
2016-05-01,,734414ef-da6a-d59b-2481-e8fb9a0e8e2b,508ab0e5-57cc-5286-3c02-a77e4bd79a5c,410429000,Cardiac Arrest
2016-05-01,,734414ef-da6a-d59b-2481-e8fb9a0e8e2b,508ab0e5-57cc-5286-3c02-a77e4bd79a5c,429007001,History of cardiac arrest (situation)
2017-10-08,,734414ef-da6a-d59b-2481-e8fb9a0e8e2b,7153234f-92c0-2b1c-c532-fe3ad0596bf7,230690007,Stroke
2006-11-10,,e0f50db7-83f9-9f0e-c50d-588840f43592,e451ae0f-29ef-c95a-be45-7e66caa0933c,230690007,Stroke
1972-11-20,,0b83216c-6029-cc4c-9409-1b1840829a76,1157fe88-91c8-d710-ef04-5b61c38167f6,53741008,Coronary Heart Disease
1930-06-18,,bd68519e-015b-8562-2b02-9bbf5592391b,4997eae1-b589-0f41-131f-b039048ea114,410429000,Cardiac Arrest
1930-06-18,,bd68519e-015b-8562-2b02-9bbf5592391b,4997eae1-b589-0f41-131f-b039048ea114,429007001,History of cardiac arrest (situation)
2017-05-31,,bd68519e-015b-8562-2b02-9bbf5592391b,2881bb67-5ee5-a706-a793-7906fafee101,49436004,Atrial Fibrillation
1966-04-02,,96fe2dd4-502f-2064-fb7d-59e323354fcc,2b38ed11-dd1c-f146-c991-3334b98f83bd,128613002,Seizure disorder
1966-04-02,,96fe2dd4-502f-2064-fb7d-59e323354fcc,2b38ed11-dd1c-f146-c991-3334b98f83bd,703151001,History of single seizure (situation)
1966-04-02,,96fe2dd4-502f-2064-fb7d-59e323354fcc,2b38ed11-dd1c-f146-c991-3334b98f83bd,84757009,Epilepsy
1985-12-27,,b9320ea0-b9b9-f8a1-c384-a8cc697c842a,7c88c6f3-8fe2-395d-fc76-dcf9dbc1bdeb,230690007,Stroke
1995-05-26,,b9320ea0-b9b9-f8a1-c384-a8cc697c842a,715302d4-63ad-d6ad-459d-a0643546690f,49436004,Atrial Fibrillation
1997-06-06,,b9320ea0-b9b9-f8a1-c384-a8cc697c842a,fa478120-0251-8296-9923-ae4a10840906,53741008,Coronary Heart Disease
2013-11-01,,b9320ea0-b9b9-f8a1-c384-a8cc697c842a,c1616dac-0cc1-1242-0e32-32e053f295d7,22298006,Myocardial Infarction
2013-11-01,,b9320ea0-b9b9-f8a1-c384-a8cc697c842a,c1616dac-0cc1-1242-0e32-32e053f295d7,399211009,History of myocardial infarction (situation)
2014-03-24,,7f6b7b3d-2211-85c7-9ba3-c1c61622f77c,7cbf2374-3ca6-9c3c-f251-0d5748669a39,49436004,Atrial Fibrillation
1988-04-15,,89fdad28-e238-35a3-3a9f-e3c9c166097b,b583b064-be29-cc93-2a96-9a32f0627ad0,49436004,Atrial Fibrillation
1997-06-06,,89fdad28-e238-35a3-3a9f-e3c9c166097b,738429c2-0eaa-a7f1-053a-61ed80414ab4,53741008,Coronary Heart Disease
1999-04-16,,89fdad28-e238-35a3-3a9f-e3c9c166097b,401d01ee-47e5-7281-1c6a-864743efbd0e,22298006,Myocardial Infarction
1999-04-16,,89fdad28-e238-35a3-3a9f-e3c9c166097b,401d01ee-47e5-7281-1c6a-864743efbd0e,399211009,History of myocardial infarction (situation)
1996-09-24,,3273d848-6afa-172f-b9a9-4fe299687176,fac62479-43c9-78c4-0723-11d5035491a8,230690007,Stroke
1975-06-03,,de68655c-11c8-92a1-1901-a70bf50b5a1a,13dc7f84-ccf8-a782-d9f1-1e1e20c489fb,128613002,Seizure disorder
1975-06-03,,de68655c-11c8-92a1-1901-a70bf50b5a1a,13dc7f84-ccf8-a782-d9f1-1e1e20c489fb,703151001,History of single seizure (situation)
1975-06-03,,de68655c-11c8-92a1-1901-a70bf50b5a1a,13dc7f84-ccf8-a782-d9f1-1e1e20c489fb,84757009,Epilepsy
1944-02-18,,925cd542-1329-400d-1597-92f6b1dd1166,8d450773-0ae0-2aff-653d-de2ecc0d0c84,53741008,Coronary Heart Disease
2015-03-01,,f9a2a913-7b81-b713-860a-bd32e57e9f81,7ac1f49f-d927-cbeb-e3f7-7fa06e3666ba,230690007,Stroke
1982-06-12,,fd263817-8fa3-c892-b4e8-9369baad8fc3,6156804b-1876-9a0f-ccc5-21ddfe59c7ea,128613002,Seizure disorder
1982-06-12,,fd263817-8fa3-c892-b4e8-9369baad8fc3,6156804b-1876-9a0f-ccc5-21ddfe59c7ea,703151001,History of single seizure (situation)
1982-06-12,,fd263817-8fa3-c892-b4e8-9369baad8fc3,6156804b-1876-9a0f-ccc5-21ddfe59c7ea,84757009,Epilepsy
2002-12-19,,3057427b-da0f-4c80-9a34-57178fbc9cd1,cab5dfe0-5d45-3a24-d945-1f66d5480e0f,230690007,Stroke
1970-08-17,,6e58ea0e-5dfd-632a-2a2d-6d036cc78430,3861940f-04f2-cd46-ea58-5ea5974e70cd,410429000,Cardiac Arrest
1970-08-17,,6e58ea0e-5dfd-632a-2a2d-6d036cc78430,3861940f-04f2-cd46-ea58-5ea5974e70cd,429007001,History of cardiac arrest (situation)
2013-12-16,,6e58ea0e-5dfd-632a-2a2d-6d036cc78430,7d95a883-b1fb-0455-61c8-53ff101b85d4,49436004,Atrial Fibrillation
2012-10-14,,cb8494dc-6bfd-f9d7-47ff-78aa25a6fa74,e3913fb3-2012-6b7b-c129-126346406b12,49436004,Atrial Fibrillation
1962-09-19,,785d9fb4-1935-0494-fddf-fd7554f0021b,74b14d49-e26e-a81c-7408-c3e05abeda90,49436004,Atrial Fibrillation
1978-04-26,,785d9fb4-1935-0494-fddf-fd7554f0021b,a017baa6-18bb-929c-06db-2b368f291edd,230690007,Stroke
1963-12-18,,c111d743-9fd4-2566-a861-32cae394105e,28546be5-1526-aee8-2817-ba5df4642fd2,128613002,Seizure disorder
1963-12-18,,c111d743-9fd4-2566-a861-32cae394105e,28546be5-1526-aee8-2817-ba5df4642fd2,703151001,History of single seizure (situation)
1965-01-20,,c111d743-9fd4-2566-a861-32cae394105e,8813e20f-ce18-ff67-2f28-cfe6a3c18f61,84757009,Epilepsy
2013-10-07,,6396e4ee-f27f-03ef-5cd5-ad50237daf7f,41ff2ec7-997a-62bb-c6e4-1450f803f243,49436004,Atrial Fibrillation
1954-04-08,,7ef3859d-9d71-0b04-4aab-6bb3a9dffa43,3e12824b-b632-75a1-6be6-45d5735f8382,128613002,Seizure disorder
1954-04-08,,7ef3859d-9d71-0b04-4aab-6bb3a9dffa43,3e12824b-b632-75a1-6be6-45d5735f8382,703151001,History of single seizure (situation)
2000-04-18,,310cf7b4-4781-0371-8d6c-70077f0911b3,4355b08d-15be-f2fe-a8fd-aa9389f5fa45,410429000,Cardiac Arrest
2000-04-18,,310cf7b4-4781-0371-8d6c-70077f0911b3,4355b08d-15be-f2fe-a8fd-aa9389f5fa45,429007001,History of cardiac arrest (situation)
2018-06-12,,310cf7b4-4781-0371-8d6c-70077f0911b3,236baa8e-8147-66f2-1eb7-f1f2e75053b7,53741008,Coronary Heart Disease
1967-11-04,,568dc11d-8c3a-8d1e-6cb3-8b7236707f3e,d7d9546e-7d59-3aff-a945-cb51ba156f08,128613002,Seizure disorder
1967-11-04,,568dc11d-8c3a-8d1e-6cb3-8b7236707f3e,d7d9546e-7d59-3aff-a945-cb51ba156f08,703151001,History of single seizure (situation)
1970-03-24,,568dc11d-8c3a-8d1e-6cb3-8b7236707f3e,a957631d-df44-fca5-2f19-ccd18beee17d,410429000,Cardiac Arrest
1970-03-24,,568dc11d-8c3a-8d1e-6cb3-8b7236707f3e,a957631d-df44-fca5-2f19-ccd18beee17d,429007001,History of cardiac arrest (situation)
1957-10-04,,b165293d-0147-9954-197b-e8415e43a797,5427fbcd-f83e-37d0-c0af-3d940dc45b5f,410429000,Cardiac Arrest
1957-10-04,,b165293d-0147-9954-197b-e8415e43a797,5427fbcd-f83e-37d0-c0af-3d940dc45b5f,429007001,History of cardiac arrest (situation)
2011-10-28,,b165293d-0147-9954-197b-e8415e43a797,71321a1c-f81e-d164-57b4-ae847a2c01ff,53741008,Coronary Heart Disease
1978-09-06,,e05919de-78a6-ac68-3f3a-726e49a72738,a2999a06-ba1b-2ef2-d240-c020a1a14977,128613002,Seizure disorder
1978-09-06,,e05919de-78a6-ac68-3f3a-726e49a72738,a2999a06-ba1b-2ef2-d240-c020a1a14977,703151001,History of single seizure (situation)
1978-09-06,,e05919de-78a6-ac68-3f3a-726e49a72738,a2999a06-ba1b-2ef2-d240-c020a1a14977,84757009,Epilepsy
2005-06-27,,6ac2c504-86ad-ada7-75f8-c9c7c14ed85b,54a437e8-ac86-2e4c-17f3-97a704fb7d9b,53741008,Coronary Heart Disease
2019-07-25,,bfb2c77c-556a-a44f-f865-b26b9f3199c4,e71f3f31-8aa5-1767-499a-73c39ab2a7e9,53741008,Coronary Heart Disease
1971-10-17,,8e233acf-8edd-01a5-a8b1-5897a7fb8be7,85874fc5-90fd-a1bb-7f90-b1a76105a39d,49436004,Atrial Fibrillation
1996-03-03,,8e233acf-8edd-01a5-a8b1-5897a7fb8be7,0304902c-47e5-00a2-a459-782533a40189,53741008,Coronary Heart Disease
2019-02-24,,8e233acf-8edd-01a5-a8b1-5897a7fb8be7,1655910d-55d7-5741-6a67-961ae4c79ca3,230690007,Stroke
1999-02-07,,aa0d210e-40d6-cc9f-cecb-f99886b1ee62,de07ab27-ee4e-86b9-35d7-38e40f0d3cfb,53741008,Coronary Heart Disease
2008-03-23,,7f051152-e346-95dd-042b-ad94d9c9dbd0,64a8b0a6-5f1e-51ad-b975-a6e73c027a09,53741008,Coronary Heart Disease
2015-10-11,,7f051152-e346-95dd-042b-ad94d9c9dbd0,7c8b174a-95a6-a33d-422d-1cabd18007ed,230690007,Stroke
1939-12-06,,27a2833e-969f-5e58-697c-a949101b5053,28e0d52a-3582-2427-aa45-5f0c3362a348,53741008,Coronary Heart Disease
1980-04-09,,27a2833e-969f-5e58-697c-a949101b5053,95c4a2be-4bb3-d628-4a05-3fd267d90f30,410429000,Cardiac Arrest
1980-04-09,,27a2833e-969f-5e58-697c-a949101b5053,95c4a2be-4bb3-d628-4a05-3fd267d90f30,429007001,History of cardiac arrest (situation)
2017-10-16,,23b49184-36d3-04e0-4b59-badd560d5a9e,a3182f7e-c6d8-f5ae-b865-c8d443cf23cd,53741008,Coronary Heart Disease
1999-01-31,,bd0e64b0-e12a-1973-c517-ad8305cab48b,fce58301-fd71-8389-1c55-09fd10f297a3,49436004,Atrial Fibrillation
2001-03-18,,bd0e64b0-e12a-1973-c517-ad8305cab48b,df46e404-6191-fbf2-3885-8a79c77391a4,230690007,Stroke
2016-01-20,,77d1c6a7-042e-1301-d264-c429ec482e0d,9c3bd4f0-6ed1-ce32-b825-e5c5c21c9c68,230690007,Stroke
1919-10-17,,d9049bd1-c9f7-f7a8-87da-c8d9a5e05ff3,c69c30b1-37cc-07f5-aae7-9fba16582b95,128613002,Seizure disorder
1919-10-17,,d9049bd1-c9f7-f7a8-87da-c8d9a5e05ff3,c69c30b1-37cc-07f5-aae7-9fba16582b95,703151001,History of single seizure (situation)
1997-01-19,,d9049bd1-c9f7-f7a8-87da-c8d9a5e05ff3,95e6113b-b91f-2e5d-e45a-ad4784967ea1,49436004,Atrial Fibrillation
