START,STOP,PATIENT,ENCOUNTER,CODE,DESCRIPTION,UDI
2014-09-08T01:52:43Z,,e9baa9cd-ac84-eca0-057e-afb3485715b2,17a89fce-eebc-3a56-9465-af2b4ea948d2,706004007,Implantable cardiac pacemaker (physical object),(01)47468486480757(11)140817(17)390901(10)26915848477(21)238649408164619
1998-08-13T10:25:25Z,,5f23ef40-0bda-364a-9bf6-4496d1f48c38,0773ebc4-5e79-cf7f-3cf2-38700f8b1cb1,705643001,Coronary artery stent (physical object),(01)74893848581764(11)980723(17)230807(10)17762482(21)1463331410197
1984-11-11T08:05:46Z,,20c70061-f645-f577-fe72-c29a4ff1a027,76368acb-836a-e557-267d-81bc7cccac97,72506001,Implantable defibrillator  device (physical object),(01)55685453254760(11)841021(17)091105(10)2650171234450594(21)112593607127
2021-02-07T08:05:46Z,,20c70061-f645-f577-fe72-c29a4ff1a027,e2c0de06-ef6f-bccd-6bd9-0df39c1aa470,705643001,Coronary artery stent (physical object),(01)89118807923755(11)210117(17)460201(10)2818334219(21)32339
2005-04-20T21:42:23Z,,b052a0ea-27ef-dae4-4b71-ecbb227e7d31,d29c5cd8-c29f-a978-ed25-6864b3bbd877,72506001,Implantable defibrillator  device (physical object),(01)37253238482356(11)050330(17)300414(10)505930420346816(21)325890864
1984-11-03T12:32:01Z,,923e06c7-3c48-68d6-227a-fda3afe6f7f5,18abe071-0585-76bf-c654-42ffc3d153de,72506001,Implantable defibrillator  device (physical object),(01)24707403671420(11)841013(17)091028(10)3285269590(21)70367998527
1962-01-14T05:32:55Z,,a7a2c1c0-e2fb-63f6-6b5a-6caa0738fb8b,2aa8785d-65f0-dbd2-1006-a1e2cf7445a7,72506001,Implantable defibrillator  device (physical object),(01)13213441610171(11)611223(17)870107(10)48553(21)6430829931
1988-09-28T16:40:52Z,,b2c2fd3d-c272-952d-3615-5c196402cb40,9d720783-4510-5c78-1068-9e4ed9f4fcab,705643001,Coronary artery stent (physical object),(01)55842355102893(11)880907(17)130922(10)2678(21)7402050648755
1964-04-15T00:07:00Z,,0b4b1acc-5ace-a5f7-613a-7f2a152c2a69,257d3b63-eeb3-066f-2733-fc047a2b0c72,72506001,Implantable defibrillator  device (physical object),(01)82195320735992(11)640324(17)890408(10)489037(21)606364336
1979-07-31T06:11:19Z,,c42c26e1-0cf6-0324-ff76-03ee2c4e0be9,427949ce-abad-fbc3-4efc-a420cf70c09f,705643001,Coronary artery stent (physical object),(01)83498177987152(11)790710(17)040724(10)305533053317(21)1899
1992-07-16T19:42:56Z,,42fccba5-bbf5-5ec6-042c-7938f3fa5a5c,dffac1d3-9bf4-6a56-a781-5493a3fcc417,705643001,Coronary artery stent (physical object),(01)66882722992275(11)920625(17)170710(10)52130(21)47914494534328
1992-07-20T07:03:17Z,,65567bde-6a67-2eb5-20ea-eba3748875f6,3db99176-c5e6-e4ab-0ab3-7f5fcd501b6b,705643001,Coronary artery stent (physical object),(01)16427135181506(11)920629(17)170714(10)7374400195760(21)52650384936632
1985-11-09T06:38:56Z,,2964638d-aa3f-5034-59ab-8108ad6143c8,aeedd960-6571-3193-cc27-37865dec1104,72506001,Implantable defibrillator  device (physical object),(01)66789627236569(11)851019(17)101103(10)4311(21)778165123
2017-11-14T13:08:01Z,,66ea0ca6-1a31-268f-eb61-ea1286f77f2b,9a5e4b9e-a536-62e8-256e-0a962927ea31,705643001,Coronary artery stent (physical object),(01)27768838712489(11)171024(17)421108(10)747913996327602(21)840952283353843
2020-11-24T09:44:19Z,,da28fc04-fefe-50b6-2400-f51f102f03b5,7a71290a-bac7-fd77-246f-039d55d5bc77,706004007,Implantable cardiac pacemaker (physical object),(01)11866680111432(11)201103(17)451118(10)1965(21)4142114243
1994-05-11T03:55:16Z,,12fa1fca-2e58-fd63-882a-4e0761a74e86,b60629fd-4c78-e4e2-3975-62b537187654,705643001,Coronary artery stent (physical object),(01)37223914280462(11)940419(17)190504(10)341463872205143(21)3632121816020870444
2016-05-01T13:59:49Z,,734414ef-da6a-d59b-2481-e8fb9a0e8e2b,508ab0e5-57cc-5286-3c02-a77e4bd79a5c,72506001,Implantable defibrillator  device (physical object),(01)87479861600552(11)160410(17)410425(10)36089376574406(21)121642557641
1930-06-18T21:00:57Z,,bd68519e-015b-8562-2b02-9bbf5592391b,4997eae1-b589-0f41-131f-b039048ea114,72506001,Implantable defibrillator  device (physical object),(01)78422705797991(11)300528(17)550612(10)89044088233929(21)38500263788576103
2006-07-28T17:43:41Z,,b9320ea0-b9b9-f8a1-c384-a8cc697c842a,10abd64d-8733-093b-f7a6-68bb96ee7f94,706004007,Implantable cardiac pacemaker (physical object),(01)51951196142929(11)060707(17)310722(10)27625(21)4422329490089
2013-11-01T17:43:41Z,,b9320ea0-b9b9-f8a1-c384-a8cc697c842a,c1616dac-0cc1-1242-0e32-32e053f295d7,705643001,Coronary artery stent (physical object),(01)73107474064573(11)131011(17)381026(10)3051004675(21)51194684070652355
1999-04-16T17:43:41Z,,89fdad28-e238-35a3-3a9f-e3c9c166097b,401d01ee-47e5-7281-1c6a-864743efbd0e,705643001,Coronary artery stent (physical object),(01)20446009876061(11)990326(17)240409(10)347679(21)524697044089775025
1970-08-17T21:09:44Z,,6e58ea0e-5dfd-632a-2a2d-6d036cc78430,3861940f-04f2-cd46-ea58-5ea5974e70cd,72506001,Implantable defibrillator  device (physical object),(01)35614471439382(11)700727(17)950811(10)4201(21)22637193769160957
2000-04-18T20:25:25Z,,310cf7b4-4781-0371-8d6c-70077f0911b3,4355b08d-15be-f2fe-a8fd-aa9389f5fa45,72506001,Implantable defibrillator  device (physical object),(01)22758687351782(11)000328(17)250412(10)1333643614747932498(21)638535688
1970-03-24T10:25:37Z,,568dc11d-8c3a-8d1e-6cb3-8b7236707f3e,a957631d-df44-fca5-2f19-ccd18beee17d,72506001,Implantable defibrillator  device (physical object),(01)25886013828790(11)700303(17)950318(10)27933504225(21)50760734
1957-10-04T13:32:34Z,,b165293d-0147-9954-197b-e8415e43a797,5427fbcd-f83e-37d0-c0af-3d940dc45b5f,72506001,Implantable defibrillator  device (physical object),(01)16350664807646(11)570913(17)820928(10)5347979546854391(21)1496681158
1980-04-09T06:32:13Z,,27a2833e-969f-5e58-697c-a949101b5053,95c4a2be-4bb3-d628-4a05-3fd267d90f30,72506001,Implantable defibrillator  device (physical object),(01)44882787180336(11)800319(17)050403(10)279193688549458186(21)73758678242184718
