START,STOP,PATIENT,PAYER,ENCOUNTER,CODE,DESCRIPTION,BASE_COST,PAYER_COVERAGE,DISPENSES,TOTALCOST,REASONCODE,REASONDESCRIPTION
2019-11-24T01:42:47Z,,cb91c278-7c90-1cae-3b43-f5082d9f6ece,5059a55e-5d6e-34d1-b6cb-d83d16e57bcf,0eaeb3cd-7861-d7c6-747a-63e0a70700cd,309362,Clopidogrel 75 MG Oral Tablet,76.46,0.00,15,1146.90,,
2019-11-24T01:42:47Z,,cb91c278-7c90-1cae-3b43-f5082d9f6ece,5059a55e-5d6e-34d1-b6cb-d83d16e57bcf,0eaeb3cd-7861-d7c6-747a-63e0a70700cd,312961,Simvastatin 20 MG Oral Tablet,15.37,0.00,15,230.55,,
2019-11-24T01:42:47Z,,cb91c278-7c90-1cae-3b43-f5082d9f6ece,5059a55e-5d6e-34d1-b6cb-d83d16e57bcf,0eaeb3cd-7861-d7c6-747a-63e0a70700cd,197361,Amlodipine 5 MG Oral Tablet,66.44,0.00,15,996.60,,
2019-11-24T01:42:47Z,,cb91c278-7c90-1cae-3b43-f5082d9f6ece,5059a55e-5d6e-34d1-b6cb-d83d16e57bcf,0eaeb3cd-7861-d7c6-747a-63e0a70700cd,705129,Nitroglycerin 0.4 MG/ACTUAT Mucosal Spray,47.57,0.00,15,713.55,,
2020-07-12T16:24:54Z,,f852be14-d93a-159a-dfcb-59631e4f8aa4,b3221cfc-24fb-339e-823d-bc4136cbc4ed,476a1f70-20c0-ddf7-a6cc-131808328130,308971,Carbamazepine[Tegretol],225.82,0.00,7,1580.74,,
2016-11-19T16:01:38Z,2016-11-19T16:16:38Z,82257e11-3837-f77e-3ea2-56ac99a47eed,5059a55e-5d6e-34d1-b6cb-d83d16e57bcf,f011cecf-c91f-9d33-5fb7-6c6a689719b5,309362,Clopidogrel 75 MG Oral Tablet,107.74,0.00,1,107.74,,
2016-11-19T16:01:38Z,2016-11-19T16:16:38Z,82257e11-3837-f77e-3ea2-56ac99a47eed,5059a55e-5d6e-34d1-b6cb-d83d16e57bcf,f011cecf-c91f-9d33-5fb7-6c6a689719b5,1804799,Alteplase 100 MG Injection,6664.33,0.00,1,6664.33,,
2014-09-08T01:52:43Z,,e9baa9cd-ac84-eca0-057e-afb3485715b2,7caa7254-5050-3b5e-9eae-bd5ea30e809c,17a89fce-eebc-3a56-9465-af2b4ea948d2,855332,Warfarin Sodium 5 MG Oral Tablet,95.21,0.00,79,7521.59,,
2014-09-08T01:52:43Z,,e9baa9cd-ac84-eca0-057e-afb3485715b2,7caa7254-5050-3b5e-9eae-bd5ea30e809c,17a89fce-eebc-3a56-9465-af2b4ea948d2,897718,Verapamil Hydrochloride 40 MG,84.41,0.00,79,6668.39,,
2014-09-08T01:52:43Z,,e9baa9cd-ac84-eca0-057e-afb3485715b2,7caa7254-5050-3b5e-9eae-bd5ea30e809c,17a89fce-eebc-3a56-9465-af2b4ea948d2,197604,Digoxin 0.125 MG Oral Tablet,92.97,0.00,79,7344.63,,
1992-10-29T10:25:25Z,,5f23ef40-0bda-364a-9bf6-4496d1f48c38,5059a55e-5d6e-34d1-b6cb-d83d16e57bcf,8ab710aa-f89a-8122-8e98-94b89d34c3b1,312961,Simvastatin 20 MG Oral Tablet,42.92,0.00,70,3004.40,,
1992-10-29T10:25:25Z,1998-08-13T10:40:25Z,5f23ef40-0bda-364a-9bf6-4496d1f48c38,5059a55e-5d6e-34d1-b6cb-d83d16e57bcf,8ab710aa-f89a-8122-8e98-94b89d34c3b1,705129,Nitroglycerin 0.4 MG/ACTUAT Mucosal Spray,143.31,0.00,70,10031.70,,
1994-11-10T10:25:25Z,,5f23ef40-0bda-364a-9bf6-4496d1f48c38,5059a55e-5d6e-34d1-b6cb-d83d16e57bcf,3e9f1c13-9d27-aedc-9836-46dde55e72f7,197361,Amlodipine 5 MG Oral Tablet,54.13,0.00,45,2435.85,,
1997-11-27T10:25:25Z,1998-08-13T10:40:25Z,5f23ef40-0bda-364a-9bf6-4496d1f48c38,5059a55e-5d6e-34d1-b6cb-d83d16e57bcf,fca3d639-a2db-e787-c9fa-c3baaea11ff1,309362,Clopidogrel 75 MG Oral Tablet,87.06,0.00,8,696.48,,
1998-08-13T10:25:25Z,1998-08-13T10:40:25Z,5f23ef40-0bda-364a-9bf6-4496d1f48c38,5059a55e-5d6e-34d1-b6cb-d83d16e57bcf,0773ebc4-5e79-cf7f-3cf2-38700f8b1cb1,259255,Atorvastatin 80 MG Oral Tablet,311.55,0.00,1,311.55,,
1998-08-13T10:25:25Z,1998-08-13T10:40:25Z,5f23ef40-0bda-364a-9bf6-4496d1f48c38,5059a55e-5d6e-34d1-b6cb-d83d16e57bcf,0773ebc4-5e79-cf7f-3cf2-38700f8b1cb1,833036,Captopril 25 MG Oral Tablet,109.61,0.00,1,109.61,,
2015-02-27T16:23:20Z,,e5661309-a2b7-3824-214f-4892ba6349bb,047f6ec3-6215-35eb-9608-f9dda363a44c,7a858228-84e9-242d-ab7d-f4cf77fbc6b7,309362,Clopidogrel 75 MG Oral Tablet,108.53,0.00,73,7922.69,,
2015-02-27T16:23:20Z,,e5661309-a2b7-3824-214f-4892ba6349bb,047f6ec3-6215-35eb-9608-f9dda363a44c,7a858228-84e9-242d-ab7d-f4cf77fbc6b7,312961,Simvastatin 20 MG Oral Tablet,20.92,0.00,73,1527.16,,
2015-02-27T16:23:20Z,,e5661309-a2b7-3824-214f-4892ba6349bb,047f6ec3-6215-35eb-9608-f9dda363a44c,7a858228-84e9-242d-ab7d-f4cf77fbc6b7,197361,Amlodipine 5 MG Oral Tablet,28.68,0.00,73,2093.64,,
2015-02-27T16:23:20Z,,e5661309-a2b7-3824-214f-4892ba6349bb,047f6ec3-6215-35eb-9608-f9dda363a44c,7a858228-84e9-242d-ab7d-f4cf77fbc6b7,705129,Nitroglycerin 0.4 MG/ACTUAT Mucosal Spray,303.66,0.00,73,22167.18,,
2019-02-26T12:20:47Z,,f2c3e2d9-4d8b-ce98-7d8b-804efdc26be1,7caa7254-5050-3b5e-9eae-bd5ea30e809c,450030b6-13e6-9470-6e13-d808273a3af6,855332,Warfarin Sodium 5 MG Oral Tablet,60.81,0.00,24,1459.44,,
2019-02-26T12:20:47Z,,f2c3e2d9-4d8b-ce98-7d8b-804efdc26be1,7caa7254-5050-3b5e-9eae-bd5ea30e809c,450030b6-13e6-9470-6e13-d808273a3af6,897718,Verapamil Hydrochloride 40 MG,81.06,0.00,24,1945.44,,
2019-02-26T12:20:47Z,,f2c3e2d9-4d8b-ce98-7d8b-804efdc26be1,7caa7254-5050-3b5e-9eae-bd5ea30e809c,450030b6-13e6-9470-6e13-d808273a3af6,197604,Digoxin 0.125 MG Oral Tablet,30.34,0.00,24,728.16,,
1986-06-08T08:05:46Z,2021-02-07T08:20:46Z,20c70061-f645-f577-fe72-c29a4ff1a027,6e2f1a2d-27bd-3701-8d08-dae202c58632,6854434b-6fd5-0d1f-2234-f6f294f3fd49,705129,Nitroglycerin 0.4 MG/ACTUAT Mucosal Spray,296.25,221.25,422,125017.50,,
1991-07-07T08:05:46Z,,20c70061-f645-f577-fe72-c29a4ff1a027,6e2f1a2d-27bd-3701-8d08-dae202c58632,d8e57045-c25b-3d52-a1af-a2e055feb146,312961,Simvastatin 20 MG Oral Tablet,11.24,0.00,360,4046.40,,
1994-07-24T08:05:46Z,,20c70061-f645-f577-fe72-c29a4ff1a027,6e2f1a2d-27bd-3701-8d08-dae202c58632,3dac7718-a6a8-8681-64c0-2b31bdffab51,197361,Amlodipine 5 MG Oral Tablet,41.28,0.00,323,13333.44,,
1997-08-10T08:05:46Z,2021-02-07T08:20:46Z,20c70061-f645-f577-fe72-c29a4ff1a027,6e2f1a2d-27bd-3701-8d08-dae202c58632,ae45b8d2-a407-1679-320e-7d0a072945a1,309362,Clopidogrel 75 MG Oral Tablet,26.68,0.00,286,7630.48,,
2021-02-07T08:05:46Z,2021-02-07T08:20:46Z,20c70061-f645-f577-fe72-c29a4ff1a027,6e2f1a2d-27bd-3701-8d08-dae202c58632,e2c0de06-ef6f-bccd-6bd9-0df39c1aa470,259255,Atorvastatin 80 MG Oral Tablet,124.94,49.94,1,124.94,,
2021-02-07T08:05:46Z,2021-02-07T08:20:46Z,20c70061-f645-f577-fe72-c29a4ff1a027,6e2f1a2d-27bd-3701-8d08-dae202c58632,e2c0de06-ef6f-bccd-6bd9-0df39c1aa470,833036,Captopril 25 MG Oral Tablet,72.03,0.00,1,72.03,,
2017-05-20T23:42:44Z,,4af0b725-ad9a-3946-d92b-70034cacc9f4,7caa7254-5050-3b5e-9eae-bd5ea30e809c,37905e56-c165-6039-e892-bcc8de5e7fff,855332,Warfarin Sodium 5 MG Oral Tablet,26.62,0.00,46,1224.52,,
2017-05-20T23:42:44Z,,4af0b725-ad9a-3946-d92b-70034cacc9f4,7caa7254-5050-3b5e-9eae-bd5ea30e809c,37905e56-c165-6039-e892-bcc8de5e7fff,897718,Verapamil Hydrochloride 40 MG,36.63,0.00,46,1684.98,,
2017-05-20T23:42:44Z,,4af0b725-ad9a-3946-d92b-70034cacc9f4,7caa7254-5050-3b5e-9eae-bd5ea30e809c,37905e56-c165-6039-e892-bcc8de5e7fff,197604,Digoxin 0.125 MG Oral Tablet,99.70,0.00,46,4586.20,,
2001-02-18T05:39:52Z,2001-02-18T05:54:52Z,c23f1287-5b2e-6e0b-2182-6b9263ae63fc,b1c428d6-4f07-31e0-90f0-68ffa6ff8c76,6fcb089b-c570-9f25-58b4-28e4e0021e1a,309362,Clopidogrel 75 MG Oral Tablet,53.86,0.00,1,53.86,,
2001-02-18T05:39:52Z,2001-02-18T05:54:52Z,c23f1287-5b2e-6e0b-2182-6b9263ae63fc,b1c428d6-4f07-31e0-90f0-68ffa6ff8c76,6fcb089b-c570-9f25-58b4-28e4e0021e1a,1804799,Alteplase 100 MG Injection,6628.95,0.00,1,6628.95,,
2001-06-21T17:05:36Z,,aee6eecf-a4bc-2e47-9658-ffc5ff7a8d66,b3221cfc-24fb-339e-823d-bc4136cbc4ed,37ebd729-4ff7-3c26-148a-2640624f6d1a,309362,Clopidogrel 75 MG Oral Tablet,65.73,0.00,239,15709.47,,
2001-06-21T17:05:36Z,,aee6eecf-a4bc-2e47-9658-ffc5ff7a8d66,b3221cfc-24fb-339e-823d-bc4136cbc4ed,37ebd729-4ff7-3c26-148a-2640624f6d1a,312961,Simvastatin 20 MG Oral Tablet,29.27,0.00,239,6995.53,,
2001-06-21T17:05:36Z,,aee6eecf-a4bc-2e47-9658-ffc5ff7a8d66,b3221cfc-24fb-339e-823d-bc4136cbc4ed,37ebd729-4ff7-3c26-148a-2640624f6d1a,197361,Amlodipine 5 MG Oral Tablet,8.73,0.00,239,2086.47,,
2001-06-21T17:05:36Z,,aee6eecf-a4bc-2e47-9658-ffc5ff7a8d66,b3221cfc-24fb-339e-823d-bc4136cbc4ed,37ebd729-4ff7-3c26-148a-2640624f6d1a,705129,Nitroglycerin 0.4 MG/ACTUAT Mucosal Spray,94.88,0.00,239,22676.32,,
2013-02-27T14:23:58Z,2013-02-27T14:38:58Z,2a07b7f7-5182-43b9-693c-7a37ee108984,7caa7254-5050-3b5e-9eae-bd5ea30e809c,be6a9b64-b2c6-3966-ed06-1112842e032d,309362,Clopidogrel 75 MG Oral Tablet,54.23,14.23,1,54.23,,
2013-02-27T14:23:58Z,2013-02-27T14:38:58Z,2a07b7f7-5182-43b9-693c-7a37ee108984,7caa7254-5050-3b5e-9eae-bd5ea30e809c,be6a9b64-b2c6-3966-ed06-1112842e032d,1804799,Alteplase 100 MG Injection,6517.48,6477.48,1,6517.48,,
2009-11-26T23:14:33Z,,75495c28-9994-213c-1307-787c01ddd367,4d71f845-a6a9-3c39-b242-14d25ef86a8d,6c671c30-d858-1c78-c655-197b0dbc0c53,855332,Warfarin Sodium 5 MG Oral Tablet,58.35,0.00,137,7993.95,,
2009-11-26T23:14:33Z,,75495c28-9994-213c-1307-787c01ddd367,4d71f845-a6a9-3c39-b242-14d25ef86a8d,6c671c30-d858-1c78-c655-197b0dbc0c53,897718,Verapamil Hydrochloride 40 MG,111.86,0.00,137,15324.82,,
2009-11-26T23:14:33Z,,75495c28-9994-213c-1307-787c01ddd367,4d71f845-a6a9-3c39-b242-14d25ef86a8d,6c671c30-d858-1c78-c655-197b0dbc0c53,197604,Digoxin 0.125 MG Oral Tablet,99.06,0.00,137,13571.22,,
2015-01-27T14:22:17Z,2015-10-15T14:22:17Z,5945d696-61ed-650a-c8dc-9ffa9ca1748e,6e2f1a2d-27bd-3701-8d08-dae202c58632,07a12e9a-af3f-090d-a4df-67a7e0a81a6f,204892,clonazePAM 0.25 MG Oral Tablet,163.61,88.61,8,1308.88,,
2016-08-15T12:39:52Z,2016-10-30T12:39:52Z,5945d696-61ed-650a-c8dc-9ffa9ca1748e,6e2f1a2d-27bd-3701-8d08-dae202c58632,2f393f6d-ee62-3605-4f77-2e601978568e,204892,clonazePAM 0.25 MG Oral Tablet,820.16,745.16,2,1640.32,,
2017-08-21T12:39:52Z,2018-03-30T12:39:52Z,5945d696-61ed-650a-c8dc-9ffa9ca1748e,6e2f1a2d-27bd-3701-8d08-dae202c58632,8c33b353-a74a-f51a-f33c-791ece2b7a71,204892,clonazePAM 0.25 MG Oral Tablet,20.62,0.00,7,144.34,,
2018-08-27T12:39:52Z,2019-09-17T17:10:25Z,5945d696-61ed-650a-c8dc-9ffa9ca1748e,6e2f1a2d-27bd-3701-8d08-dae202c58632,1b4ba1f1-2dca-983f-e439-3e4a8da85d7c,308971,Carbamazepine[Tegretol],19.90,0.00,12,238.80,,
2018-11-15T14:46:47Z,,5945d696-61ed-650a-c8dc-9ffa9ca1748e,6e2f1a2d-27bd-3701-8d08-dae202c58632,4d76ca04-7474-8c5a-be03-a6a403e92b63,197591,Diazepam 5 MG Oral Tablet,431.14,0.00,28,12071.92,,
2008-03-23T19:59:59Z,2008-03-23T20:14:59Z,8bd8c389-b141-82f2-8b3b-c731a0ab5183,047f6ec3-6215-35eb-9608-f9dda363a44c,6ccff94c-e28d-1161-5e2e-ecaa66f03e95,309362,Clopidogrel 75 MG Oral Tablet,121.32,0.00,1,121.32,,
2008-03-23T19:59:59Z,2008-03-23T20:14:59Z,8bd8c389-b141-82f2-8b3b-c731a0ab5183,047f6ec3-6215-35eb-9608-f9dda363a44c,6ccff94c-e28d-1161-5e2e-ecaa66f03e95,1804799,Alteplase 100 MG Injection,6848.48,0.00,1,6848.48,,
2016-06-12T04:33:22Z,2016-06-12T04:48:22Z,b32d3e2a-7849-04e1-38d1-2c25fad2f988,4d71f845-a6a9-3c39-b242-14d25ef86a8d,58d4e3b0-1abc-180c-20de-bc5954f28757,309362,Clopidogrel 75 MG Oral Tablet,24.20,0.00,1,24.20,,
2016-06-12T04:33:22Z,2016-06-12T04:48:22Z,b32d3e2a-7849-04e1-38d1-2c25fad2f988,4d71f845-a6a9-3c39-b242-14d25ef86a8d,58d4e3b0-1abc-180c-20de-bc5954f28757,1804799,Alteplase 100 MG Injection,6537.66,0.00,1,6537.66,,
2014-12-14T19:59:59Z,,4c00248d-13f1-a8d3-9ae6-cde833f884df,7caa7254-5050-3b5e-9eae-bd5ea30e809c,d5341c6d-6fb6-813b-8ccd-accd0610d6e6,855332,Warfarin Sodium 5 MG Oral Tablet,74.84,0.00,75,5613.00,,
2014-12-14T19:59:59Z,,4c00248d-13f1-a8d3-9ae6-cde833f884df,7caa7254-5050-3b5e-9eae-bd5ea30e809c,d5341c6d-6fb6-813b-8ccd-accd0610d6e6,897718,Verapamil Hydrochloride 40 MG,26.64,0.00,75,1998.00,,
2014-12-14T19:59:59Z,,4c00248d-13f1-a8d3-9ae6-cde833f884df,7caa7254-5050-3b5e-9eae-bd5ea30e809c,d5341c6d-6fb6-813b-8ccd-accd0610d6e6,197604,Digoxin 0.125 MG Oral Tablet,40.46,0.00,75,3034.50,,
1982-05-12T16:40:52Z,1988-09-28T16:55:52Z,b2c2fd3d-c272-952d-3615-5c196402cb40,5059a55e-5d6e-34d1-b6cb-d83d16e57bcf,c946dd8c-6cbe-ff0a-bc66-b38c63b356fc,705129,Nitroglycerin 0.4 MG/ACTUAT Mucosal Spray,128.45,0.00,77,9890.65,,
1988-09-28T16:40:52Z,1988-09-28T16:55:52Z,b2c2fd3d-c272-952d-3615-5c196402cb40,5059a55e-5d6e-34d1-b6cb-d83d16e57bcf,9d720783-4510-5c78-1068-9e4ed9f4fcab,833036,Captopril 25 MG Oral Tablet,79.42,0.00,1,79.42,,
1976-07-27T06:11:19Z,,c42c26e1-0cf6-0324-ff76-03ee2c4e0be9,047f6ec3-6215-35eb-9608-f9dda363a44c,61ac7c38-f7ba-3818-3832-22337027d3cf,855332,Warfarin Sodium 5 MG Oral Tablet,144.05,0.00,36,5185.80,,
1976-07-27T06:11:19Z,,c42c26e1-0cf6-0324-ff76-03ee2c4e0be9,047f6ec3-6215-35eb-9608-f9dda363a44c,61ac7c38-f7ba-3818-3832-22337027d3cf,197604,Digoxin 0.125 MG Oral Tablet,128.25,0.00,36,4617.00,,
1977-08-02T06:11:19Z,1979-07-31T06:26:19Z,c42c26e1-0cf6-0324-ff76-03ee2c4e0be9,047f6ec3-6215-35eb-9608-f9dda363a44c,f99e0f7a-8d5e-e7f6-dd96-f1fafcce417d,705129,Nitroglycerin 0.4 MG/ACTUAT Mucosal Spray,191.39,0.00,24,4593.36,,
2017-04-23T22:45:21Z,2017-04-23T23:00:21Z,b7ba94e0-d061-0605-074f-203f04c8bcb8,4d71f845-a6a9-3c39-b242-14d25ef86a8d,2bb8d4a7-400d-a59b-685f-86118ec469ae,309362,Clopidogrel 75 MG Oral Tablet,69.09,0.00,1,69.09,,
2017-04-23T22:45:21Z,2017-04-23T23:00:21Z,b7ba94e0-d061-0605-074f-203f04c8bcb8,4d71f845-a6a9-3c39-b242-14d25ef86a8d,2bb8d4a7-400d-a59b-685f-86118ec469ae,1804799,Alteplase 100 MG Injection,6622.04,0.00,1,6622.04,,
1999-07-29T20:55:42Z,,62af0c18-ebcf-2dcd-d51d-cfc63efc56c9,4d71f845-a6a9-3c39-b242-14d25ef86a8d,d8832900-2911-c4f2-dbe4-9667784e0ac2,309362,Clopidogrel 75 MG Oral Tablet,84.83,0.00,262,22225.46,,
1999-07-29T20:55:42Z,,62af0c18-ebcf-2dcd-d51d-cfc63efc56c9,4d71f845-a6a9-3c39-b242-14d25ef86a8d,d8832900-2911-c4f2-dbe4-9667784e0ac2,312961,Simvastatin 20 MG Oral Tablet,42.70,0.00,262,11187.40,,
1999-07-29T20:55:42Z,,62af0c18-ebcf-2dcd-d51d-cfc63efc56c9,4d71f845-a6a9-3c39-b242-14d25ef86a8d,d8832900-2911-c4f2-dbe4-9667784e0ac2,197361,Amlodipine 5 MG Oral Tablet,18.63,0.00,262,4881.06,,
1999-07-29T20:55:42Z,,62af0c18-ebcf-2dcd-d51d-cfc63efc56c9,4d71f845-a6a9-3c39-b242-14d25ef86a8d,d8832900-2911-c4f2-dbe4-9667784e0ac2,705129,Nitroglycerin 0.4 MG/ACTUAT Mucosal Spray,19.20,0.00,262,5030.40,,
1987-04-09T19:42:56Z,1992-07-16T19:57:56Z,42fccba5-bbf5-5ec6-042c-7938f3fa5a5c,047f6ec3-6215-35eb-9608-f9dda363a44c,3450038c-984c-11e4-8a5b-110d5ea936b7,705129,Nitroglycerin 0.4 MG/ACTUAT Mucosal Spray,108.15,0.00,64,6921.60,,
1991-05-02T19:42:56Z,,42fccba5-bbf5-5ec6-042c-7938f3fa5a5c,047f6ec3-6215-35eb-9608-f9dda363a44c,e37b4401-95e0-2915-047d-7eabc3b17ada,312961,Simvastatin 20 MG Oral Tablet,9.24,0.00,14,129.36,,
1992-07-16T19:42:56Z,1992-07-16T19:57:56Z,42fccba5-bbf5-5ec6-042c-7938f3fa5a5c,047f6ec3-6215-35eb-9608-f9dda363a44c,dffac1d3-9bf4-6a56-a781-5493a3fcc417,833036,Captopril 25 MG Oral Tablet,94.78,0.00,1,94.78,,
1986-10-20T07:03:17Z,1992-07-20T07:18:17Z,65567bde-6a67-2eb5-20ea-eba3748875f6,d47b3510-2895-3b70-9897-342d681c769d,0966ac3f-079e-82b0-f8f0-a5f8f1c5026a,705129,Nitroglycerin 0.4 MG/ACTUAT Mucosal Spray,156.36,0.00,70,10945.20,,
1991-10-28T07:03:17Z,,65567bde-6a67-2eb5-20ea-eba3748875f6,d47b3510-2895-3b70-9897-342d681c769d,6f645cd9-8aa6-06fd-be33-bd64d16c585d,312961,Simvastatin 20 MG Oral Tablet,13.72,0.00,9,123.48,,
1992-07-20T07:03:17Z,1992-07-20T07:18:17Z,65567bde-6a67-2eb5-20ea-eba3748875f6,d47b3510-2895-3b70-9897-342d681c769d,3db99176-c5e6-e4ab-0ab3-7f5fcd501b6b,833036,Captopril 25 MG Oral Tablet,78.13,0.00,1,78.13,,
1991-03-02T03:20:32Z,1991-08-09T03:20:32Z,b5c227ce-51e7-3dde-c7c8-b7394b21c4ed,4d71f845-a6a9-3c39-b242-14d25ef86a8d,a72331e0-556f-ff8b-d68a-a8914d510209,308971,Carbamazepine[Tegretol],346.98,0.00,5,1734.90,,
1991-09-21T01:34:55Z,1991-12-29T01:34:55Z,b5c227ce-51e7-3dde-c7c8-b7394b21c4ed,4d71f845-a6a9-3c39-b242-14d25ef86a8d,a7ff35ff-1a1a-7f21-7f25-3752ba503822,308971,Carbamazepine[Tegretol],133.98,0.00,3,401.94,,
1993-06-19T01:34:55Z,1993-10-24T01:34:55Z,b5c227ce-51e7-3dde-c7c8-b7394b21c4ed,4d71f845-a6a9-3c39-b242-14d25ef86a8d,e8dbab69-5bba-f1fb-f63a-663fe40bb24a,308971,Carbamazepine[Tegretol],179.53,0.00,4,718.12,,
1993-12-18T01:34:55Z,1994-04-06T01:34:55Z,b5c227ce-51e7-3dde-c7c8-b7394b21c4ed,4d71f845-a6a9-3c39-b242-14d25ef86a8d,e90380cd-f2ee-7172-7294-8040a1c5d411,308971,Carbamazepine[Tegretol],115.46,0.00,3,346.38,,
1994-08-26T03:25:27Z,,b5c227ce-51e7-3dde-c7c8-b7394b21c4ed,4d71f845-a6a9-3c39-b242-14d25ef86a8d,7343faf3-4365-0891-0b07-dea18acf19a7,308971,Carbamazepine[Tegretol],387.63,0.00,322,124816.86,,
1981-06-09T02:08:05Z,1981-10-02T02:08:05Z,4707ca30-f8b0-c89d-1476-de64c0a6734f,b1c428d6-4f07-31e0-90f0-68ffa6ff8c76,5eff1656-299d-aa31-a1f0-556534975005,308971,Carbamazepine[Tegretol],183.89,0.00,3,551.67,,
1982-02-20T00:51:43Z,1982-08-16T00:51:43Z,4707ca30-f8b0-c89d-1476-de64c0a6734f,b1c428d6-4f07-31e0-90f0-68ffa6ff8c76,44dbcee3-0b82-aa2d-5515-bafd77b3df9d,204892,clonazePAM 0.25 MG Oral Tablet,569.60,0.00,5,2848.00,,
1982-08-16T00:51:43Z,1982-12-08T00:51:43Z,4707ca30-f8b0-c89d-1476-de64c0a6734f,b1c428d6-4f07-31e0-90f0-68ffa6ff8c76,06d8c56e-1382-427c-500f-e9a74d8b7bc7,204892,clonazePAM 0.25 MG Oral Tablet,190.41,0.00,3,571.23,,
1983-08-27T00:51:43Z,,4707ca30-f8b0-c89d-1476-de64c0a6734f,b1c428d6-4f07-31e0-90f0-68ffa6ff8c76,bf9f29c6-83d3-5753-c0de-8322fd5dee93,204892,clonazePAM 0.25 MG Oral Tablet,522.27,0.00,17,8878.59,,
1983-11-19T02:20:07Z,,4707ca30-f8b0-c89d-1476-de64c0a6734f,b1c428d6-4f07-31e0-90f0-68ffa6ff8c76,4311a563-a8e2-f11f-2d85-2118b8d781bb,197591,Diazepam 5 MG Oral Tablet,1610.75,0.00,14,22550.50,,
2001-05-20T01:25:43Z,,93f0a345-6c49-4b64-5224-2f4c700cf599,b1c428d6-4f07-31e0-90f0-68ffa6ff8c76,b6bf83a6-2a0f-f80b-be94-300283337557,308971,Carbamazepine[Tegretol],97.76,0.00,240,23462.40,,
2018-01-07T12:10:35Z,,b33cb26e-7ea1-b135-80d8-feb2912af2d9,5059a55e-5d6e-34d1-b6cb-d83d16e57bcf,f7c42b4c-ce22-1c81-849d-a691a6196fe2,855332,Warfarin Sodium 5 MG Oral Tablet,10.98,0.00,38,417.24,,
2018-01-07T12:10:35Z,,b33cb26e-7ea1-b135-80d8-feb2912af2d9,5059a55e-5d6e-34d1-b6cb-d83d16e57bcf,f7c42b4c-ce22-1c81-849d-a691a6196fe2,897718,Verapamil Hydrochloride 40 MG,174.99,0.00,38,6649.62,,
2018-01-07T12:10:35Z,,b33cb26e-7ea1-b135-80d8-feb2912af2d9,5059a55e-5d6e-34d1-b6cb-d83d16e57bcf,f7c42b4c-ce22-1c81-849d-a691a6196fe2,197604,Digoxin 0.125 MG Oral Tablet,84.54,0.00,38,3212.52,,
2000-12-29T01:07:09Z,2000-12-29T01:22:09Z,d11dbf04-d4c2-8fac-cb62-274cd8207542,d47b3510-2895-3b70-9897-342d681c769d,de4171d0-8f40-834e-daf8-00a1517f28b2,309362,Clopidogrel 75 MG Oral Tablet,121.81,0.00,1,121.81,,
2000-12-29T01:07:09Z,2000-12-29T01:22:09Z,d11dbf04-d4c2-8fac-cb62-274cd8207542,d47b3510-2895-3b70-9897-342d681c769d,de4171d0-8f40-834e-daf8-00a1517f28b2,1804799,Alteplase 100 MG Injection,6801.25,0.00,1,6801.25,,
2006-06-13T13:08:01Z,2017-11-14T13:23:01Z,66ea0ca6-1a31-268f-eb61-ea1286f77f2b,5059a55e-5d6e-34d1-b6cb-d83d16e57bcf,ae399e42-efe9-e195-4460-e921da8427c4,309362,Clopidogrel 75 MG Oral Tablet,19.54,0.00,139,2716.06,,
2006-06-13T13:08:01Z,,66ea0ca6-1a31-268f-eb61-ea1286f77f2b,5059a55e-5d6e-34d1-b6cb-d83d16e57bcf,ae399e42-efe9-e195-4460-e921da8427c4,312961,Simvastatin 20 MG Oral Tablet,9.57,0.00,139,1330.23,,
2006-06-13T13:08:01Z,,66ea0ca6-1a31-268f-eb61-ea1286f77f2b,5059a55e-5d6e-34d1-b6cb-d83d16e57bcf,ae399e42-efe9-e195-4460-e921da8427c4,197361,Amlodipine 5 MG Oral Tablet,3.84,0.00,139,533.76,,
2006-06-13T13:08:01Z,2017-11-14T13:23:01Z,66ea0ca6-1a31-268f-eb61-ea1286f77f2b,5059a55e-5d6e-34d1-b6cb-d83d16e57bcf,ae399e42-efe9-e195-4460-e921da8427c4,705129,Nitroglycerin 0.4 MG/ACTUAT Mucosal Spray,73.75,0.00,139,10251.25,,
2017-11-14T13:08:01Z,2017-11-14T13:23:01Z,66ea0ca6-1a31-268f-eb61-ea1286f77f2b,5059a55e-5d6e-34d1-b6cb-d83d16e57bcf,9a5e4b9e-a536-62e8-256e-0a962927ea31,259255,Atorvastatin 80 MG Oral Tablet,38.41,0.00,1,38.41,,
2017-11-14T13:08:01Z,2017-11-14T13:23:01Z,66ea0ca6-1a31-268f-eb61-ea1286f77f2b,5059a55e-5d6e-34d1-b6cb-d83d16e57bcf,9a5e4b9e-a536-62e8-256e-0a962927ea31,833036,Captopril 25 MG Oral Tablet,59.32,0.00,1,59.32,,
1994-08-03T01:47:56Z,,22b4d7ac-3c78-f710-d622-5c13791e7f42,047f6ec3-6215-35eb-9608-f9dda363a44c,127cb360-59ba-c3fb-b7d7-6ea6e8da98d4,312961,Simvastatin 20 MG Oral Tablet,9.95,0.00,323,3213.85,,
1994-08-03T01:47:56Z,,22b4d7ac-3c78-f710-d622-5c13791e7f42,047f6ec3-6215-35eb-9608-f9dda363a44c,127cb360-59ba-c3fb-b7d7-6ea6e8da98d4,197361,Amlodipine 5 MG Oral Tablet,22.08,0.00,323,7131.84,,
1994-08-03T01:47:56Z,,22b4d7ac-3c78-f710-d622-5c13791e7f42,047f6ec3-6215-35eb-9608-f9dda363a44c,127cb360-59ba-c3fb-b7d7-6ea6e8da98d4,705129,Nitroglycerin 0.4 MG/ACTUAT Mucosal Spray,27.81,0.00,323,8982.63,,
1997-08-20T01:47:56Z,,22b4d7ac-3c78-f710-d622-5c13791e7f42,047f6ec3-6215-35eb-9608-f9dda363a44c,5ea147d0-e9ce-98d9-d486-3ad38d442f0d,309362,Clopidogrel 75 MG Oral Tablet,71.41,0.00,286,20423.26,,
1959-11-13T02:57:29Z,1960-06-06T02:57:29Z,44551f27-22cf-bb2e-8006-d97de9dfe498,d47b3510-2895-3b70-9897-342d681c769d,ec2153f7-2356-ca24-1b47-8b4d0ea010e2,308971,Carbamazepine[Tegretol],32.29,0.00,6,193.74,,
1960-07-20T01:23:40Z,1961-01-15T01:23:40Z,44551f27-22cf-bb2e-8006-d97de9dfe498,d47b3510-2895-3b70-9897-342d681c769d,875f8e68-1038-16a4-f309-95b17dda76f6,204892,clonazePAM 0.25 MG Oral Tablet,169.44,0.00,5,847.20,,
1961-07-26T01:23:40Z,,44551f27-22cf-bb2e-8006-d97de9dfe498,d47b3510-2895-3b70-9897-342d681c769d,ef020d44-51be-fb08-c077-18603949e6b8,308971,Carbamazepine[Tegretol],137.78,0.00,725,99890.50,,
1961-11-30T03:16:28Z,,44551f27-22cf-bb2e-8006-d97de9dfe498,d47b3510-2895-3b70-9897-342d681c769d,9d69d13b-151a-3aa8-531b-c04338937db9,204892,clonazePAM 0.25 MG Oral Tablet,646.27,0.00,721,465960.67,,
2012-06-17T00:27:22Z,2012-12-21T00:27:22Z,54800256-49fc-70b4-614d-df48562a43c8,d47b3510-2895-3b70-9897-342d681c769d,83fe4285-fac3-0719-128c-1ae665221ba1,197591,Diazepam 5 MG Oral Tablet,517.12,0.00,6,3102.72,,
2013-01-12T22:31:25Z,2013-06-13T22:31:25Z,54800256-49fc-70b4-614d-df48562a43c8,d47b3510-2895-3b70-9897-342d681c769d,0652e2c9-b378-0580-4bac-df5fb218fd96,204892,clonazePAM 0.25 MG Oral Tablet,774.15,0.00,5,3870.75,,
2014-01-18T22:31:25Z,2014-06-26T22:31:25Z,54800256-49fc-70b4-614d-df48562a43c8,d47b3510-2895-3b70-9897-342d681c769d,56cf39a4-adc1-3636-40ee-01687c444c03,204892,clonazePAM 0.25 MG Oral Tablet,45.24,0.00,5,226.20,,
1996-07-09T09:44:19Z,,da28fc04-fefe-50b6-2400-f51f102f03b5,b3221cfc-24fb-339e-823d-bc4136cbc4ed,15915753-4343-176e-1b0b-a3401f7b3ab8,855332,Warfarin Sodium 5 MG Oral Tablet,66.61,0.00,300,19983.00,,
1996-07-09T09:44:19Z,,da28fc04-fefe-50b6-2400-f51f102f03b5,b3221cfc-24fb-339e-823d-bc4136cbc4ed,15915753-4343-176e-1b0b-a3401f7b3ab8,897718,Verapamil Hydrochloride 40 MG,65.77,0.00,300,19731.00,,
1996-07-09T09:44:19Z,,da28fc04-fefe-50b6-2400-f51f102f03b5,b3221cfc-24fb-339e-823d-bc4136cbc4ed,15915753-4343-176e-1b0b-a3401f7b3ab8,197604,Digoxin 0.125 MG Oral Tablet,23.81,0.00,300,7143.00,,
2006-10-03T03:49:17Z,,f3880bfe-abf2-ed35-cf00-3f93c779f6e2,5059a55e-5d6e-34d1-b6cb-d83d16e57bcf,831eeae9-05db-71a8-de49-c71129185d2b,309362,Clopidogrel 75 MG Oral Tablet,138.67,0.00,175,24267.25,,
2006-10-03T03:49:17Z,,f3880bfe-abf2-ed35-cf00-3f93c779f6e2,5059a55e-5d6e-34d1-b6cb-d83d16e57bcf,831eeae9-05db-71a8-de49-c71129185d2b,312961,Simvastatin 20 MG Oral Tablet,16.23,0.00,175,2840.25,,
2006-10-03T03:49:17Z,,f3880bfe-abf2-ed35-cf00-3f93c779f6e2,5059a55e-5d6e-34d1-b6cb-d83d16e57bcf,831eeae9-05db-71a8-de49-c71129185d2b,197361,Amlodipine 5 MG Oral Tablet,25.00,0.00,175,4375.00,,
2006-10-03T03:49:17Z,,f3880bfe-abf2-ed35-cf00-3f93c779f6e2,5059a55e-5d6e-34d1-b6cb-d83d16e57bcf,831eeae9-05db-71a8-de49-c71129185d2b,705129,Nitroglycerin 0.4 MG/ACTUAT Mucosal Spray,123.12,0.00,175,21546.00,,
2017-02-07T11:00:18Z,,64217443-e077-f7b0-d6cd-a06cceb68e29,7caa7254-5050-3b5e-9eae-bd5ea30e809c,c1b5cf7b-5876-2d3b-1c94-ad29232ad4ad,309362,Clopidogrel 75 MG Oral Tablet,47.24,0.00,49,2314.76,,
2017-02-07T11:00:18Z,,64217443-e077-f7b0-d6cd-a06cceb68e29,7caa7254-5050-3b5e-9eae-bd5ea30e809c,c1b5cf7b-5876-2d3b-1c94-ad29232ad4ad,312961,Simvastatin 20 MG Oral Tablet,21.80,0.00,49,1068.20,,
2017-02-07T11:00:18Z,,64217443-e077-f7b0-d6cd-a06cceb68e29,7caa7254-5050-3b5e-9eae-bd5ea30e809c,c1b5cf7b-5876-2d3b-1c94-ad29232ad4ad,197361,Amlodipine 5 MG Oral Tablet,20.72,0.00,49,1015.28,,
2017-02-07T11:00:18Z,,64217443-e077-f7b0-d6cd-a06cceb68e29,7caa7254-5050-3b5e-9eae-bd5ea30e809c,c1b5cf7b-5876-2d3b-1c94-ad29232ad4ad,705129,Nitroglycerin 0.4 MG/ACTUAT Mucosal Spray,128.26,0.00,49,6284.74,,
2011-04-18T20:19:12Z,2016-07-18T20:34:12Z,5f362450-9353-2622-0f5d-b49cfe4ce492,5059a55e-5d6e-34d1-b6cb-d83d16e57bcf,47e49986-3cec-4ddc-430b-a8fe7e4fb440,309362,Clopidogrel 75 MG Oral Tablet,27.01,0.00,63,1701.63,,
2011-04-18T20:19:12Z,,5f362450-9353-2622-0f5d-b49cfe4ce492,5059a55e-5d6e-34d1-b6cb-d83d16e57bcf,47e49986-3cec-4ddc-430b-a8fe7e4fb440,312961,Simvastatin 20 MG Oral Tablet,14.51,0.00,120,1741.20,,
2011-04-18T20:19:12Z,,5f362450-9353-2622-0f5d-b49cfe4ce492,5059a55e-5d6e-34d1-b6cb-d83d16e57bcf,47e49986-3cec-4ddc-430b-a8fe7e4fb440,197361,Amlodipine 5 MG Oral Tablet,56.50,0.00,120,6780.00,,
2011-04-18T20:19:12Z,,5f362450-9353-2622-0f5d-b49cfe4ce492,5059a55e-5d6e-34d1-b6cb-d83d16e57bcf,47e49986-3cec-4ddc-430b-a8fe7e4fb440,705129,Nitroglycerin 0.4 MG/ACTUAT Mucosal Spray,26.61,0.00,120,3193.20,,
2013-04-29T20:19:12Z,,5f362450-9353-2622-0f5d-b49cfe4ce492,5059a55e-5d6e-34d1-b6cb-d83d16e57bcf,6c1803b5-ec99-6685-9d4d-c872d3eaee1f,855332,Warfarin Sodium 5 MG Oral Tablet,52.64,0.00,95,5000.80,,
2013-04-29T20:19:12Z,,5f362450-9353-2622-0f5d-b49cfe4ce492,5059a55e-5d6e-34d1-b6cb-d83d16e57bcf,6c1803b5-ec99-6685-9d4d-c872d3eaee1f,897718,Verapamil Hydrochloride 40 MG,18.99,0.00,95,1804.05,,
2013-04-29T20:19:12Z,,5f362450-9353-2622-0f5d-b49cfe4ce492,5059a55e-5d6e-34d1-b6cb-d83d16e57bcf,6c1803b5-ec99-6685-9d4d-c872d3eaee1f,197604,Digoxin 0.125 MG Oral Tablet,95.64,0.00,95,9085.80,,
2016-07-18T20:19:12Z,2016-07-18T20:34:12Z,5f362450-9353-2622-0f5d-b49cfe4ce492,7caa7254-5050-3b5e-9eae-bd5ea30e809c,49db98f5-bcbc-8315-0096-75dcbb2e6970,1804799,Alteplase 100 MG Injection,6811.14,6771.14,1,6811.14,,
2017-05-22T20:19:12Z,,5f362450-9353-2622-0f5d-b49cfe4ce492,7caa7254-5050-3b5e-9eae-bd5ea30e809c,9820c50f-06f0-f56f-919f-17cbeee94367,309362,Clopidogrel 75 MG Oral Tablet,47.41,0.00,45,2133.45,,
2000-10-10T05:25:48Z,,d8902acb-31b3-5339-50c8-0c693361300f,4d71f845-a6a9-3c39-b242-14d25ef86a8d,fdf1b482-abed-f560-f7a3-4ba5db1ee5aa,309362,Clopidogrel 75 MG Oral Tablet,35.20,0.00,248,8729.60,,
2000-10-10T05:25:48Z,,d8902acb-31b3-5339-50c8-0c693361300f,4d71f845-a6a9-3c39-b242-14d25ef86a8d,fdf1b482-abed-f560-f7a3-4ba5db1ee5aa,312961,Simvastatin 20 MG Oral Tablet,21.58,0.00,248,5351.84,,
2000-10-10T05:25:48Z,,d8902acb-31b3-5339-50c8-0c693361300f,4d71f845-a6a9-3c39-b242-14d25ef86a8d,fdf1b482-abed-f560-f7a3-4ba5db1ee5aa,197361,Amlodipine 5 MG Oral Tablet,53.44,0.00,248,13253.12,,
2000-10-10T05:25:48Z,,d8902acb-31b3-5339-50c8-0c693361300f,4d71f845-a6a9-3c39-b242-14d25ef86a8d,fdf1b482-abed-f560-f7a3-4ba5db1ee5aa,705129,Nitroglycerin 0.4 MG/ACTUAT Mucosal Spray,199.40,0.00,248,49451.20,,
2019-12-01T18:00:24Z,2019-12-01T18:15:24Z,11504c1a-d49c-2f89-ea1a-078eaf3456fe,6e2f1a2d-27bd-3701-8d08-dae202c58632,60e3565e-a5d0-b91d-e55e-ad4fdd3bdb57,309362,Clopidogrel 75 MG Oral Tablet,52.22,0.00,1,52.22,,
2019-12-01T18:00:24Z,2019-12-01T18:15:24Z,11504c1a-d49c-2f89-ea1a-078eaf3456fe,6e2f1a2d-27bd-3701-8d08-dae202c58632,60e3565e-a5d0-b91d-e55e-ad4fdd3bdb57,1804799,Alteplase 100 MG Injection,6254.04,6179.04,1,6254.04,,
2018-08-27T23:59:33Z,,67e9962b-1290-9232-0109-50a3480fae2b,047f6ec3-6215-35eb-9608-f9dda363a44c,24b67e39-e6a1-6602-6a3b-ee164dc02324,855332,Warfarin Sodium 5 MG Oral Tablet,160.59,0.00,30,4817.70,,
2018-08-27T23:59:33Z,,67e9962b-1290-9232-0109-50a3480fae2b,047f6ec3-6215-35eb-9608-f9dda363a44c,24b67e39-e6a1-6602-6a3b-ee164dc02324,897718,Verapamil Hydrochloride 40 MG,56.09,0.00,30,1682.70,,
2018-08-27T23:59:33Z,,67e9962b-1290-9232-0109-50a3480fae2b,047f6ec3-6215-35eb-9608-f9dda363a44c,24b67e39-e6a1-6602-6a3b-ee164dc02324,197604,Digoxin 0.125 MG Oral Tablet,73.49,0.00,30,2204.70,,
2020-03-02T23:59:33Z,2020-03-03T00:14:33Z,67e9962b-1290-9232-0109-50a3480fae2b,047f6ec3-6215-35eb-9608-f9dda363a44c,0ef4c53d-8174-e54b-94fb-4a24e501fc57,309362,Clopidogrel 75 MG Oral Tablet,103.67,0.00,1,103.67,,
2020-03-02T23:59:33Z,2020-03-03T00:14:33Z,67e9962b-1290-9232-0109-50a3480fae2b,047f6ec3-6215-35eb-9608-f9dda363a44c,0ef4c53d-8174-e54b-94fb-4a24e501fc57,1804799,Alteplase 100 MG Injection,6801.30,0.00,1,6801.30,,
2016-07-06T05:45:18Z,2017-05-09T06:52:08Z,100158db-55e6-47a9-0361-b1b333fb1e1c,047f6ec3-6215-35eb-9608-f9dda363a44c,8f580f2b-ff60-0ae3-2805-fd1a0c22f4d6,197591,Diazepam 5 MG Oral Tablet,1169.18,0.00,10,11691.80,,
2015-10-21T03:23:46Z,,23ad86fd-388c-f023-1766-80667689eb0d,d47b3510-2895-3b70-9897-342d681c769d,9789c88a-4ed7-1d9d-99c4-128bdd56417f,309362,Clopidogrel 75 MG Oral Tablet,49.78,0.00,65,3235.70,,
2015-10-21T03:23:46Z,,23ad86fd-388c-f023-1766-80667689eb0d,d47b3510-2895-3b70-9897-342d681c769d,9789c88a-4ed7-1d9d-99c4-128bdd56417f,312961,Simvastatin 20 MG Oral Tablet,35.76,0.00,65,2324.40,,
2015-10-21T03:23:46Z,,23ad86fd-388c-f023-1766-80667689eb0d,d47b3510-2895-3b70-9897-342d681c769d,9789c88a-4ed7-1d9d-99c4-128bdd56417f,197361,Amlodipine 5 MG Oral Tablet,45.63,0.00,65,2965.95,,
2015-10-21T03:23:46Z,,23ad86fd-388c-f023-1766-80667689eb0d,d47b3510-2895-3b70-9897-342d681c769d,9789c88a-4ed7-1d9d-99c4-128bdd56417f,705129,Nitroglycerin 0.4 MG/ACTUAT Mucosal Spray,118.70,0.00,65,7715.50,,
1969-03-08T02:51:34Z,1969-10-25T05:21:07Z,365b21f7-9178-d320-2387-dad93f6e0f0c,4d71f845-a6a9-3c39-b242-14d25ef86a8d,39c76621-0b61-2a47-146f-ded7b9f56f7f,197591,Diazepam 5 MG Oral Tablet,1450.01,0.00,7,10150.07,,
1971-11-09T01:00:56Z,1972-10-22T03:42:38Z,365b21f7-9178-d320-2387-dad93f6e0f0c,4d71f845-a6a9-3c39-b242-14d25ef86a8d,9687e115-0e97-5009-7f32-0e79f7a68bfa,197591,Diazepam 5 MG Oral Tablet,1638.18,0.00,11,18019.98,,
1974-11-12T01:00:56Z,1975-01-12T01:00:56Z,365b21f7-9178-d320-2387-dad93f6e0f0c,4d71f845-a6a9-3c39-b242-14d25ef86a8d,b070cd6f-d38d-b19d-03ad-4f5a032d7cf3,197591,Diazepam 5 MG Oral Tablet,2261.79,0.00,2,4523.58,,
1977-11-15T01:00:56Z,,365b21f7-9178-d320-2387-dad93f6e0f0c,4d71f845-a6a9-3c39-b242-14d25ef86a8d,efa363ab-b5fd-ff4a-3785-f3af18efd318,197591,Diazepam 5 MG Oral Tablet,553.87,0.00,527,291889.49,,
2019-02-15T07:08:44Z,,11049097-194a-e4dd-0deb-86bce5f35d0a,7caa7254-5050-3b5e-9eae-bd5ea30e809c,7f1fda17-0bc3-9086-85d3-12248f27248e,855332,Warfarin Sodium 5 MG Oral Tablet,57.44,0.00,24,1378.56,,
2019-02-15T07:08:44Z,,11049097-194a-e4dd-0deb-86bce5f35d0a,7caa7254-5050-3b5e-9eae-bd5ea30e809c,7f1fda17-0bc3-9086-85d3-12248f27248e,897718,Verapamil Hydrochloride 40 MG,149.83,0.00,24,3595.92,,
2019-02-15T07:08:44Z,,11049097-194a-e4dd-0deb-86bce5f35d0a,7caa7254-5050-3b5e-9eae-bd5ea30e809c,7f1fda17-0bc3-9086-85d3-12248f27248e,197604,Digoxin 0.125 MG Oral Tablet,39.08,0.00,24,937.92,,
1992-09-16T03:55:16Z,,12fa1fca-2e58-fd63-882a-4e0761a74e86,047f6ec3-6215-35eb-9608-f9dda363a44c,301f2b63-9140-86d3-23a0-2d4fefa72762,312961,Simvastatin 20 MG Oral Tablet,12.26,0.00,27,331.02,,
1992-09-16T03:55:16Z,1994-05-11T04:10:16Z,12fa1fca-2e58-fd63-882a-4e0761a74e86,047f6ec3-6215-35eb-9608-f9dda363a44c,301f2b63-9140-86d3-23a0-2d4fefa72762,705129,Nitroglycerin 0.4 MG/ACTUAT Mucosal Spray,134.22,0.00,20,2684.40,,
1994-05-11T03:55:16Z,1994-05-11T04:10:16Z,12fa1fca-2e58-fd63-882a-4e0761a74e86,047f6ec3-6215-35eb-9608-f9dda363a44c,b60629fd-4c78-e4e2-3975-62b537187654,833036,Captopril 25 MG Oral Tablet,48.33,0.00,1,48.33,,
1994-09-28T03:55:16Z,,12fa1fca-2e58-fd63-882a-4e0761a74e86,047f6ec3-6215-35eb-9608-f9dda363a44c,9f93b1b1-df60-e317-5cae-d78353e5a14c,197361,Amlodipine 5 MG Oral Tablet,19.46,0.00,3,58.38,,
1994-09-28T03:55:16Z,1994-12-21T04:10:16Z,12fa1fca-2e58-fd63-882a-4e0761a74e86,047f6ec3-6215-35eb-9608-f9dda363a44c,9f93b1b1-df60-e317-5cae-d78353e5a14c,705129,Nitroglycerin 0.4 MG/ACTUAT Mucosal Spray,41.32,0.00,2,82.64,,
1994-12-21T03:55:16Z,1994-12-21T04:10:16Z,12fa1fca-2e58-fd63-882a-4e0761a74e86,047f6ec3-6215-35eb-9608-f9dda363a44c,09cb8dff-7ff2-c658-bba3-2771d40c0b07,833036,Captopril 25 MG Oral Tablet,66.81,0.00,1,66.81,,
2016-05-01T13:59:49Z,2016-05-01T14:14:49Z,734414ef-da6a-d59b-2481-e8fb9a0e8e2b,7caa7254-5050-3b5e-9eae-bd5ea30e809c,508ab0e5-57cc-5286-3c02-a77e4bd79a5c,1660014,1 ML Epinephrine 1 MG/ML Injection,3.37,0.00,1,3.37,,
2016-05-01T13:59:49Z,2016-05-01T14:14:49Z,734414ef-da6a-d59b-2481-e8fb9a0e8e2b,7caa7254-5050-3b5e-9eae-bd5ea30e809c,508ab0e5-57cc-5286-3c02-a77e4bd79a5c,834357,3 ML Amiodarone hydrocholoride 50 MG/ML Prefilled Syringe,167.29,127.29,1,167.29,,
2016-05-01T13:59:49Z,2016-05-01T14:14:49Z,734414ef-da6a-d59b-2481-e8fb9a0e8e2b,7caa7254-5050-3b5e-9eae-bd5ea30e809c,508ab0e5-57cc-5286-3c02-a77e4bd79a5c,1190795,Atropine Sulfate 1 MG/ML Injectable Solution,19.14,0.00,1,19.14,,
2017-10-08T13:59:49Z,2017-10-08T14:14:49Z,734414ef-da6a-d59b-2481-e8fb9a0e8e2b,7caa7254-5050-3b5e-9eae-bd5ea30e809c,7153234f-92c0-2b1c-c532-fe3ad0596bf7,309362,Clopidogrel 75 MG Oral Tablet,35.00,0.00,1,35.00,,
2017-10-08T13:59:49Z,2017-10-08T14:14:49Z,734414ef-da6a-d59b-2481-e8fb9a0e8e2b,7caa7254-5050-3b5e-9eae-bd5ea30e809c,7153234f-92c0-2b1c-c532-fe3ad0596bf7,1804799,Alteplase 100 MG Injection,6823.23,6783.23,1,6823.23,,
2006-11-10T17:43:41Z,2006-11-10T17:58:41Z,e0f50db7-83f9-9f0e-c50d-588840f43592,7caa7254-5050-3b5e-9eae-bd5ea30e809c,e451ae0f-29ef-c95a-be45-7e66caa0933c,309362,Clopidogrel 75 MG Oral Tablet,42.35,2.35,1,42.35,,
2006-11-10T17:43:41Z,2006-11-10T17:58:41Z,e0f50db7-83f9-9f0e-c50d-588840f43592,7caa7254-5050-3b5e-9eae-bd5ea30e809c,e451ae0f-29ef-c95a-be45-7e66caa0933c,1804799,Alteplase 100 MG Injection,6900.57,6860.57,1,6900.57,,
1972-11-21T04:27:48Z,,0b83216c-6029-cc4c-9409-1b1840829a76,4d71f845-a6a9-3c39-b242-14d25ef86a8d,1157fe88-91c8-d710-ef04-5b61c38167f6,705129,Nitroglycerin 0.4 MG/ACTUAT Mucosal Spray,111.29,0.00,587,65327.23,,
1991-03-05T04:27:48Z,,0b83216c-6029-cc4c-9409-1b1840829a76,4d71f845-a6a9-3c39-b242-14d25ef86a8d,550568e8-73bd-8c65-e49f-ed4d540d8e44,312961,Simvastatin 20 MG Oral Tablet,37.03,0.00,365,13515.95,,
1994-03-22T04:27:48Z,,0b83216c-6029-cc4c-9409-1b1840829a76,4d71f845-a6a9-3c39-b242-14d25ef86a8d,cce9092e-f995-f987-7c1c-c310138a5e26,197361,Amlodipine 5 MG Oral Tablet,59.60,0.00,328,19548.80,,
1997-04-08T04:27:48Z,,0b83216c-6029-cc4c-9409-1b1840829a76,4d71f845-a6a9-3c39-b242-14d25ef86a8d,556bbdfd-dfc6-af60-2cb9-e4a4c9fbd646,309362,Clopidogrel 75 MG Oral Tablet,20.96,0.00,290,6078.40,,
2017-05-31T21:00:57Z,,bd68519e-015b-8562-2b02-9bbf5592391b,b3221cfc-24fb-339e-823d-bc4136cbc4ed,2881bb67-5ee5-a706-a793-7906fafee101,855332,Warfarin Sodium 5 MG Oral Tablet,74.33,0.00,45,3344.85,,
2017-05-31T21:00:57Z,,bd68519e-015b-8562-2b02-9bbf5592391b,b3221cfc-24fb-339e-823d-bc4136cbc4ed,2881bb67-5ee5-a706-a793-7906fafee101,897718,Verapamil Hydrochloride 40 MG,193.82,0.00,45,8721.90,,
2017-05-31T21:00:57Z,,bd68519e-015b-8562-2b02-9bbf5592391b,b3221cfc-24fb-339e-823d-bc4136cbc4ed,2881bb67-5ee5-a706-a793-7906fafee101,197604,Digoxin 0.125 MG Oral Tablet,111.44,0.00,45,5014.80,,
1995-05-26T17:43:41Z,,b9320ea0-b9b9-f8a1-c384-a8cc697c842a,7caa7254-5050-3b5e-9eae-bd5ea30e809c,715302d4-63ad-d6ad-459d-a0643546690f,855332,Warfarin Sodium 5 MG Oral Tablet,11.75,0.00,224,2632.00,,
1995-05-26T17:43:41Z,,b9320ea0-b9b9-f8a1-c384-a8cc697c842a,7caa7254-5050-3b5e-9eae-bd5ea30e809c,715302d4-63ad-d6ad-459d-a0643546690f,897718,Verapamil Hydrochloride 40 MG,85.27,0.00,224,19100.48,,
1995-05-26T17:43:41Z,,b9320ea0-b9b9-f8a1-c384-a8cc697c842a,7caa7254-5050-3b5e-9eae-bd5ea30e809c,715302d4-63ad-d6ad-459d-a0643546690f,197604,Digoxin 0.125 MG Oral Tablet,37.71,0.00,224,8447.04,,
1997-06-06T17:43:41Z,2013-11-01T17:58:41Z,b9320ea0-b9b9-f8a1-c384-a8cc697c842a,7caa7254-5050-3b5e-9eae-bd5ea30e809c,fa478120-0251-8296-9923-ae4a10840906,309362,Clopidogrel 75 MG Oral Tablet,92.66,52.66,199,18439.34,,
1997-06-06T17:43:41Z,,b9320ea0-b9b9-f8a1-c384-a8cc697c842a,7caa7254-5050-3b5e-9eae-bd5ea30e809c,fa478120-0251-8296-9923-ae4a10840906,312961,Simvastatin 20 MG Oral Tablet,15.78,0.00,199,3140.22,,
1997-06-06T17:43:41Z,,b9320ea0-b9b9-f8a1-c384-a8cc697c842a,7caa7254-5050-3b5e-9eae-bd5ea30e809c,fa478120-0251-8296-9923-ae4a10840906,197361,Amlodipine 5 MG Oral Tablet,19.58,0.00,199,3896.42,,
1997-06-06T17:43:41Z,2013-11-01T17:58:41Z,b9320ea0-b9b9-f8a1-c384-a8cc697c842a,7caa7254-5050-3b5e-9eae-bd5ea30e809c,fa478120-0251-8296-9923-ae4a10840906,705129,Nitroglycerin 0.4 MG/ACTUAT Mucosal Spray,76.73,36.73,199,15269.27,,
2013-11-01T17:43:41Z,2013-11-01T17:58:41Z,b9320ea0-b9b9-f8a1-c384-a8cc697c842a,7caa7254-5050-3b5e-9eae-bd5ea30e809c,c1616dac-0cc1-1242-0e32-32e053f295d7,259255,Atorvastatin 80 MG Oral Tablet,169.55,129.55,1,169.55,,
2013-11-01T17:43:41Z,2013-11-01T17:58:41Z,b9320ea0-b9b9-f8a1-c384-a8cc697c842a,7caa7254-5050-3b5e-9eae-bd5ea30e809c,c1616dac-0cc1-1242-0e32-32e053f295d7,833036,Captopril 25 MG Oral Tablet,83.15,43.15,1,83.15,,
2014-03-24T13:52:13Z,,7f6b7b3d-2211-85c7-9ba3-c1c61622f77c,5059a55e-5d6e-34d1-b6cb-d83d16e57bcf,7cbf2374-3ca6-9c3c-f251-0d5748669a39,855332,Warfarin Sodium 5 MG Oral Tablet,16.21,0.00,84,1361.64,,
2014-03-24T13:52:13Z,,7f6b7b3d-2211-85c7-9ba3-c1c61622f77c,5059a55e-5d6e-34d1-b6cb-d83d16e57bcf,7cbf2374-3ca6-9c3c-f251-0d5748669a39,897718,Verapamil Hydrochloride 40 MG,76.52,0.00,84,6427.68,,
2014-03-24T13:52:13Z,,7f6b7b3d-2211-85c7-9ba3-c1c61622f77c,5059a55e-5d6e-34d1-b6cb-d83d16e57bcf,7cbf2374-3ca6-9c3c-f251-0d5748669a39,197604,Digoxin 0.125 MG Oral Tablet,110.60,0.00,84,9290.40,,
1988-04-15T17:43:41Z,,89fdad28-e238-35a3-3a9f-e3c9c166097b,7caa7254-5050-3b5e-9eae-bd5ea30e809c,b583b064-be29-cc93-2a96-9a32f0627ad0,855332,Warfarin Sodium 5 MG Oral Tablet,25.14,0.00,134,3368.76,,
1988-04-15T17:43:41Z,,89fdad28-e238-35a3-3a9f-e3c9c166097b,7caa7254-5050-3b5e-9eae-bd5ea30e809c,b583b064-be29-cc93-2a96-9a32f0627ad0,897718,Verapamil Hydrochloride 40 MG,148.59,0.00,134,19911.06,,
1988-04-15T17:43:41Z,,89fdad28-e238-35a3-3a9f-e3c9c166097b,7caa7254-5050-3b5e-9eae-bd5ea30e809c,b583b064-be29-cc93-2a96-9a32f0627ad0,197604,Digoxin 0.125 MG Oral Tablet,51.05,0.00,134,6840.70,,
1997-06-06T17:43:41Z,1999-04-16T17:58:41Z,89fdad28-e238-35a3-3a9f-e3c9c166097b,7caa7254-5050-3b5e-9eae-bd5ea30e809c,738429c2-0eaa-a7f1-053a-61ed80414ab4,309362,Clopidogrel 75 MG Oral Tablet,92.31,52.31,22,2030.82,,
1997-06-06T17:43:41Z,,89fdad28-e238-35a3-3a9f-e3c9c166097b,7caa7254-5050-3b5e-9eae-bd5ea30e809c,738429c2-0eaa-a7f1-053a-61ed80414ab4,312961,Simvastatin 20 MG Oral Tablet,13.53,0.00,22,297.66,,
1997-06-06T17:43:41Z,,89fdad28-e238-35a3-3a9f-e3c9c166097b,7caa7254-5050-3b5e-9eae-bd5ea30e809c,738429c2-0eaa-a7f1-053a-61ed80414ab4,197361,Amlodipine 5 MG Oral Tablet,7.22,0.00,22,158.84,,
1997-06-06T17:43:41Z,1999-04-16T17:58:41Z,89fdad28-e238-35a3-3a9f-e3c9c166097b,7caa7254-5050-3b5e-9eae-bd5ea30e809c,738429c2-0eaa-a7f1-053a-61ed80414ab4,705129,Nitroglycerin 0.4 MG/ACTUAT Mucosal Spray,114.74,74.74,22,2524.28,,
1999-04-16T17:43:41Z,1999-04-16T17:58:41Z,89fdad28-e238-35a3-3a9f-e3c9c166097b,7caa7254-5050-3b5e-9eae-bd5ea30e809c,401d01ee-47e5-7281-1c6a-864743efbd0e,259255,Atorvastatin 80 MG Oral Tablet,351.78,311.78,1,351.78,,
1999-04-16T17:43:41Z,1999-04-16T17:58:41Z,89fdad28-e238-35a3-3a9f-e3c9c166097b,7caa7254-5050-3b5e-9eae-bd5ea30e809c,401d01ee-47e5-7281-1c6a-864743efbd0e,833036,Captopril 25 MG Oral Tablet,130.24,90.24,1,130.24,,
1944-02-18T17:43:41Z,,925cd542-1329-400d-1597-92f6b1dd1166,d47b3510-2895-3b70-9897-342d681c769d,8d450773-0ae0-2aff-653d-de2ecc0d0c84,705129,Nitroglycerin 0.4 MG/ACTUAT Mucosal Spray,100.96,0.00,938,94700.48,,
1991-11-15T17:43:41Z,,925cd542-1329-400d-1597-92f6b1dd1166,7caa7254-5050-3b5e-9eae-bd5ea30e809c,029b233f-4bac-18b2-03e6-130f91667305,312961,Simvastatin 20 MG Oral Tablet,11.44,0.00,356,4072.64,,
1994-12-02T17:43:41Z,,925cd542-1329-400d-1597-92f6b1dd1166,7caa7254-5050-3b5e-9eae-bd5ea30e809c,e3982f70-b8a5-1fa2-a4b2-ad6a33e2820b,197361,Amlodipine 5 MG Oral Tablet,40.20,0.00,319,12823.80,,
1997-12-19T17:43:41Z,,925cd542-1329-400d-1597-92f6b1dd1166,7caa7254-5050-3b5e-9eae-bd5ea30e809c,da6122ff-f096-349e-a018-323812c74e20,309362,Clopidogrel 75 MG Oral Tablet,70.15,0.00,282,19782.30,,
2015-03-01T08:40:37Z,2015-03-01T08:55:37Z,f9a2a913-7b81-b713-860a-bd32e57e9f81,7caa7254-5050-3b5e-9eae-bd5ea30e809c,7ac1f49f-d927-cbeb-e3f7-7fa06e3666ba,309362,Clopidogrel 75 MG Oral Tablet,30.56,0.00,1,30.56,,
2015-03-01T08:40:37Z,2015-03-01T08:55:37Z,f9a2a913-7b81-b713-860a-bd32e57e9f81,7caa7254-5050-3b5e-9eae-bd5ea30e809c,7ac1f49f-d927-cbeb-e3f7-7fa06e3666ba,1804799,Alteplase 100 MG Injection,6739.41,6699.41,1,6739.41,,
2013-12-16T21:09:44Z,,6e58ea0e-5dfd-632a-2a2d-6d036cc78430,7caa7254-5050-3b5e-9eae-bd5ea30e809c,7d95a883-b1fb-0455-61c8-53ff101b85d4,855332,Warfarin Sodium 5 MG Oral Tablet,184.06,0.00,87,16013.22,,
2013-12-16T21:09:44Z,,6e58ea0e-5dfd-632a-2a2d-6d036cc78430,7caa7254-5050-3b5e-9eae-bd5ea30e809c,7d95a883-b1fb-0455-61c8-53ff101b85d4,897718,Verapamil Hydrochloride 40 MG,71.35,0.00,87,6207.45,,
2013-12-16T21:09:44Z,,6e58ea0e-5dfd-632a-2a2d-6d036cc78430,7caa7254-5050-3b5e-9eae-bd5ea30e809c,7d95a883-b1fb-0455-61c8-53ff101b85d4,197604,Digoxin 0.125 MG Oral Tablet,105.24,0.00,87,9155.88,,
2012-10-14T22:23:14Z,,cb8494dc-6bfd-f9d7-47ff-78aa25a6fa74,7caa7254-5050-3b5e-9eae-bd5ea30e809c,e3913fb3-2012-6b7b-c129-126346406b12,855332,Warfarin Sodium 5 MG Oral Tablet,98.13,0.00,102,10009.26,,
2012-10-14T22:23:14Z,,cb8494dc-6bfd-f9d7-47ff-78aa25a6fa74,7caa7254-5050-3b5e-9eae-bd5ea30e809c,e3913fb3-2012-6b7b-c129-126346406b12,897718,Verapamil Hydrochloride 40 MG,160.56,0.00,102,16377.12,,
2012-10-14T22:23:14Z,,cb8494dc-6bfd-f9d7-47ff-78aa25a6fa74,7caa7254-5050-3b5e-9eae-bd5ea30e809c,e3913fb3-2012-6b7b-c129-126346406b12,197604,Digoxin 0.125 MG Oral Tablet,59.04,0.00,102,6022.08,,
1962-09-19T09:43:48Z,,785d9fb4-1935-0494-fddf-fd7554f0021b,6e2f1a2d-27bd-3701-8d08-dae202c58632,74b14d49-e26e-a81c-7408-c3e05abeda90,855332,Warfarin Sodium 5 MG Oral Tablet,114.46,0.00,453,51850.38,,
1962-09-19T09:43:48Z,,785d9fb4-1935-0494-fddf-fd7554f0021b,6e2f1a2d-27bd-3701-8d08-dae202c58632,74b14d49-e26e-a81c-7408-c3e05abeda90,197604,Digoxin 0.125 MG Oral Tablet,33.19,0.00,453,15035.07,,
1982-01-06T09:43:48Z,,785d9fb4-1935-0494-fddf-fd7554f0021b,7caa7254-5050-3b5e-9eae-bd5ea30e809c,c9d8aabc-6119-690a-bcdc-b187160751bb,897718,Verapamil Hydrochloride 40 MG,31.75,0.00,218,6921.50,,
1999-12-01T09:43:48Z,1999-12-01T09:58:48Z,785d9fb4-1935-0494-fddf-fd7554f0021b,7caa7254-5050-3b5e-9eae-bd5ea30e809c,4469edae-c496-ae8c-2432-533b2ee4ca36,309362,Clopidogrel 75 MG Oral Tablet,33.60,0.00,1,33.60,,
1999-12-01T09:43:48Z,1999-12-01T09:58:48Z,785d9fb4-1935-0494-fddf-fd7554f0021b,7caa7254-5050-3b5e-9eae-bd5ea30e809c,4469edae-c496-ae8c-2432-533b2ee4ca36,1804799,Alteplase 100 MG Injection,6627.55,6587.55,1,6627.55,,
2013-10-07T10:59:02Z,,6396e4ee-f27f-03ef-5cd5-ad50237daf7f,b1c428d6-4f07-31e0-90f0-68ffa6ff8c76,41ff2ec7-997a-62bb-c6e4-1450f803f243,855332,Warfarin Sodium 5 MG Oral Tablet,86.97,0.00,90,7827.30,,
2013-10-07T10:59:02Z,,6396e4ee-f27f-03ef-5cd5-ad50237daf7f,b1c428d6-4f07-31e0-90f0-68ffa6ff8c76,41ff2ec7-997a-62bb-c6e4-1450f803f243,897718,Verapamil Hydrochloride 40 MG,68.17,0.00,90,6135.30,,
2013-10-07T10:59:02Z,,6396e4ee-f27f-03ef-5cd5-ad50237daf7f,b1c428d6-4f07-31e0-90f0-68ffa6ff8c76,41ff2ec7-997a-62bb-c6e4-1450f803f243,197604,Digoxin 0.125 MG Oral Tablet,35.13,0.00,90,3161.70,,
1954-04-08T21:28:42Z,1954-07-29T21:28:42Z,7ef3859d-9d71-0b04-4aab-6bb3a9dffa43,047f6ec3-6215-35eb-9608-f9dda363a44c,3e12824b-b632-75a1-6be6-45d5735f8382,204892,clonazePAM 0.25 MG Oral Tablet,723.01,0.00,3,2169.03,,
1954-08-31T20:25:25Z,,7ef3859d-9d71-0b04-4aab-6bb3a9dffa43,047f6ec3-6215-35eb-9608-f9dda363a44c,ca51d531-c982-ae28-94e9-52667438a9f3,197591,Diazepam 5 MG Oral Tablet,835.88,0.00,11,9194.68,,
2018-06-12T20:25:25Z,,310cf7b4-4781-0371-8d6c-70077f0911b3,6e2f1a2d-27bd-3701-8d08-dae202c58632,236baa8e-8147-66f2-1eb7-f1f2e75053b7,309362,Clopidogrel 75 MG Oral Tablet,35.25,0.00,33,1163.25,,
2018-06-12T20:25:25Z,,310cf7b4-4781-0371-8d6c-70077f0911b3,6e2f1a2d-27bd-3701-8d08-dae202c58632,236baa8e-8147-66f2-1eb7-f1f2e75053b7,312961,Simvastatin 20 MG Oral Tablet,51.91,0.00,33,1713.03,,
2018-06-12T20:25:25Z,,310cf7b4-4781-0371-8d6c-70077f0911b3,6e2f1a2d-27bd-3701-8d08-dae202c58632,236baa8e-8147-66f2-1eb7-f1f2e75053b7,197361,Amlodipine 5 MG Oral Tablet,80.26,0.00,33,2648.58,,
2018-06-12T20:25:25Z,,310cf7b4-4781-0371-8d6c-70077f0911b3,6e2f1a2d-27bd-3701-8d08-dae202c58632,236baa8e-8147-66f2-1eb7-f1f2e75053b7,705129,Nitroglycerin 0.4 MG/ACTUAT Mucosal Spray,155.41,0.00,33,5128.53,,
2011-10-28T13:32:34Z,,b165293d-0147-9954-197b-e8415e43a797,047f6ec3-6215-35eb-9608-f9dda363a44c,71321a1c-f81e-d164-57b4-ae847a2c01ff,309362,Clopidogrel 75 MG Oral Tablet,71.48,0.00,113,8077.24,,
2011-10-28T13:32:34Z,,b165293d-0147-9954-197b-e8415e43a797,047f6ec3-6215-35eb-9608-f9dda363a44c,71321a1c-f81e-d164-57b4-ae847a2c01ff,312961,Simvastatin 20 MG Oral Tablet,20.73,0.00,113,2342.49,,
2011-10-28T13:32:34Z,,b165293d-0147-9954-197b-e8415e43a797,047f6ec3-6215-35eb-9608-f9dda363a44c,71321a1c-f81e-d164-57b4-ae847a2c01ff,197361,Amlodipine 5 MG Oral Tablet,3.59,0.00,113,405.67,,
2011-10-28T13:32:34Z,,b165293d-0147-9954-197b-e8415e43a797,047f6ec3-6215-35eb-9608-f9dda363a44c,71321a1c-f81e-d164-57b4-ae847a2c01ff,705129,Nitroglycerin 0.4 MG/ACTUAT Mucosal Spray,116.64,0.00,113,13180.32,,
1978-09-06T17:38:26Z,,e05919de-78a6-ac68-3f3a-726e49a72738,b1c428d6-4f07-31e0-90f0-68ffa6ff8c76,a2999a06-ba1b-2ef2-d240-c020a1a14977,204892,clonazePAM 0.25 MG Oral Tablet,62.75,0.00,12,753.00,,
2005-06-27T15:54:07Z,,6ac2c504-86ad-ada7-75f8-c9c7c14ed85b,047f6ec3-6215-35eb-9608-f9dda363a44c,54a437e8-ac86-2e4c-17f3-97a704fb7d9b,309362,Clopidogrel 75 MG Oral Tablet,53.09,0.00,191,10140.19,,
2005-06-27T15:54:07Z,,6ac2c504-86ad-ada7-75f8-c9c7c14ed85b,047f6ec3-6215-35eb-9608-f9dda363a44c,54a437e8-ac86-2e4c-17f3-97a704fb7d9b,312961,Simvastatin 20 MG Oral Tablet,47.05,0.00,191,8986.55,,
2005-06-27T15:54:07Z,,6ac2c504-86ad-ada7-75f8-c9c7c14ed85b,047f6ec3-6215-35eb-9608-f9dda363a44c,54a437e8-ac86-2e4c-17f3-97a704fb7d9b,197361,Amlodipine 5 MG Oral Tablet,37.88,0.00,191,7235.08,,
2005-06-27T15:54:07Z,,6ac2c504-86ad-ada7-75f8-c9c7c14ed85b,047f6ec3-6215-35eb-9608-f9dda363a44c,54a437e8-ac86-2e4c-17f3-97a704fb7d9b,705129,Nitroglycerin 0.4 MG/ACTUAT Mucosal Spray,242.10,0.00,191,46241.10,,
2019-07-25T11:33:28Z,,bfb2c77c-556a-a44f-f865-b26b9f3199c4,7caa7254-5050-3b5e-9eae-bd5ea30e809c,e71f3f31-8aa5-1767-499a-73c39ab2a7e9,309362,Clopidogrel 75 MG Oral Tablet,125.20,0.00,19,2378.80,,
2019-07-25T11:33:28Z,,bfb2c77c-556a-a44f-f865-b26b9f3199c4,7caa7254-5050-3b5e-9eae-bd5ea30e809c,e71f3f31-8aa5-1767-499a-73c39ab2a7e9,312961,Simvastatin 20 MG Oral Tablet,35.64,0.00,19,677.16,,
2019-07-25T11:33:28Z,,bfb2c77c-556a-a44f-f865-b26b9f3199c4,7caa7254-5050-3b5e-9eae-bd5ea30e809c,e71f3f31-8aa5-1767-499a-73c39ab2a7e9,197361,Amlodipine 5 MG Oral Tablet,20.27,0.00,19,385.13,,
2019-07-25T11:33:28Z,,bfb2c77c-556a-a44f-f865-b26b9f3199c4,7caa7254-5050-3b5e-9eae-bd5ea30e809c,e71f3f31-8aa5-1767-499a-73c39ab2a7e9,705129,Nitroglycerin 0.4 MG/ACTUAT Mucosal Spray,18.65,0.00,19,354.35,,
1971-10-17T12:24:45Z,,8e233acf-8edd-01a5-a8b1-5897a7fb8be7,b1c428d6-4f07-31e0-90f0-68ffa6ff8c76,85874fc5-90fd-a1bb-7f90-b1a76105a39d,855332,Warfarin Sodium 5 MG Oral Tablet,133.30,0.00,601,80113.30,,
1971-10-17T12:24:45Z,,8e233acf-8edd-01a5-a8b1-5897a7fb8be7,b1c428d6-4f07-31e0-90f0-68ffa6ff8c76,85874fc5-90fd-a1bb-7f90-b1a76105a39d,197604,Digoxin 0.125 MG Oral Tablet,48.14,0.00,601,28932.14,,
1981-12-13T12:24:45Z,,8e233acf-8edd-01a5-a8b1-5897a7fb8be7,b1c428d6-4f07-31e0-90f0-68ffa6ff8c76,2ee9e03f-a0eb-bddc-a4a8-8f72d9487d5b,897718,Verapamil Hydrochloride 40 MG,132.86,0.00,477,63374.22,,
1996-03-03T12:24:45Z,,8e233acf-8edd-01a5-a8b1-5897a7fb8be7,7caa7254-5050-3b5e-9eae-bd5ea30e809c,0304902c-47e5-00a2-a459-782533a40189,312961,Simvastatin 20 MG Oral Tablet,3.76,0.00,304,1143.04,,
1996-03-03T12:24:45Z,,8e233acf-8edd-01a5-a8b1-5897a7fb8be7,7caa7254-5050-3b5e-9eae-bd5ea30e809c,0304902c-47e5-00a2-a459-782533a40189,197361,Amlodipine 5 MG Oral Tablet,26.79,0.00,304,8144.16,,
1996-03-03T12:24:45Z,,8e233acf-8edd-01a5-a8b1-5897a7fb8be7,7caa7254-5050-3b5e-9eae-bd5ea30e809c,0304902c-47e5-00a2-a459-782533a40189,705129,Nitroglycerin 0.4 MG/ACTUAT Mucosal Spray,262.40,0.00,304,79769.60,,
1997-03-09T12:24:45Z,2019-02-24T12:39:45Z,8e233acf-8edd-01a5-a8b1-5897a7fb8be7,7caa7254-5050-3b5e-9eae-bd5ea30e809c,afce24fe-db73-a019-2574-873f39c25489,309362,Clopidogrel 75 MG Oral Tablet,29.80,0.00,267,7956.60,,
2019-02-24T12:24:45Z,2019-02-24T12:39:45Z,8e233acf-8edd-01a5-a8b1-5897a7fb8be7,7caa7254-5050-3b5e-9eae-bd5ea30e809c,1655910d-55d7-5741-6a67-961ae4c79ca3,1804799,Alteplase 100 MG Injection,6679.96,6639.96,1,6679.96,,
2019-07-14T12:24:45Z,,8e233acf-8edd-01a5-a8b1-5897a7fb8be7,7caa7254-5050-3b5e-9eae-bd5ea30e809c,ab3c00f8-2c81-bc61-12cc-1e0108818827,309362,Clopidogrel 75 MG Oral Tablet,50.98,0.00,20,1019.60,,
1999-02-07T07:33:41Z,,aa0d210e-40d6-cc9f-cecb-f99886b1ee62,047f6ec3-6215-35eb-9608-f9dda363a44c,de07ab27-ee4e-86b9-35d7-38e40f0d3cfb,309362,Clopidogrel 75 MG Oral Tablet,29.57,0.00,268,7924.76,,
1999-02-07T07:33:41Z,,aa0d210e-40d6-cc9f-cecb-f99886b1ee62,047f6ec3-6215-35eb-9608-f9dda363a44c,de07ab27-ee4e-86b9-35d7-38e40f0d3cfb,312961,Simvastatin 20 MG Oral Tablet,24.34,0.00,268,6523.12,,
1999-02-07T07:33:41Z,,aa0d210e-40d6-cc9f-cecb-f99886b1ee62,047f6ec3-6215-35eb-9608-f9dda363a44c,de07ab27-ee4e-86b9-35d7-38e40f0d3cfb,197361,Amlodipine 5 MG Oral Tablet,54.19,0.00,268,14522.92,,
1999-02-07T07:33:41Z,,aa0d210e-40d6-cc9f-cecb-f99886b1ee62,047f6ec3-6215-35eb-9608-f9dda363a44c,de07ab27-ee4e-86b9-35d7-38e40f0d3cfb,705129,Nitroglycerin 0.4 MG/ACTUAT Mucosal Spray,212.72,0.00,268,57008.96,,
2008-03-23T11:27:21Z,2015-10-11T11:42:21Z,7f051152-e346-95dd-042b-ad94d9c9dbd0,b3221cfc-24fb-339e-823d-bc4136cbc4ed,64a8b0a6-5f1e-51ad-b975-a6e73c027a09,309362,Clopidogrel 75 MG Oral Tablet,102.34,2.34,91,9312.94,,
2008-03-23T11:27:21Z,,7f051152-e346-95dd-042b-ad94d9c9dbd0,b3221cfc-24fb-339e-823d-bc4136cbc4ed,64a8b0a6-5f1e-51ad-b975-a6e73c027a09,312961,Simvastatin 20 MG Oral Tablet,45.22,0.00,92,4160.24,,
2008-03-23T11:27:21Z,,7f051152-e346-95dd-042b-ad94d9c9dbd0,b3221cfc-24fb-339e-823d-bc4136cbc4ed,64a8b0a6-5f1e-51ad-b975-a6e73c027a09,197361,Amlodipine 5 MG Oral Tablet,88.13,0.00,92,8107.96,,
2008-03-23T11:27:21Z,,7f051152-e346-95dd-042b-ad94d9c9dbd0,b3221cfc-24fb-339e-823d-bc4136cbc4ed,64a8b0a6-5f1e-51ad-b975-a6e73c027a09,705129,Nitroglycerin 0.4 MG/ACTUAT Mucosal Spray,394.00,0.00,92,36248.00,,
2015-10-11T11:27:21Z,2015-10-11T11:42:21Z,7f051152-e346-95dd-042b-ad94d9c9dbd0,b3221cfc-24fb-339e-823d-bc4136cbc4ed,7c8b174a-95a6-a33d-422d-1cabd18007ed,1804799,Alteplase 100 MG Injection,6470.28,6370.28,1,6470.28,,
1939-12-06T06:32:13Z,,27a2833e-969f-5e58-697c-a949101b5053,5059a55e-5d6e-34d1-b6cb-d83d16e57bcf,28e0d52a-3582-2427-aa45-5f0c3362a348,705129,Nitroglycerin 0.4 MG/ACTUAT Mucosal Spray,71.11,0.00,491,34915.01,,
1980-04-09T06:32:13Z,1980-04-09T06:47:13Z,27a2833e-969f-5e58-697c-a949101b5053,5059a55e-5d6e-34d1-b6cb-d83d16e57bcf,95c4a2be-4bb3-d628-4a05-3fd267d90f30,1660014,1 ML Epinephrine 1 MG/ML Injection,3.85,0.00,1,3.85,,
1980-04-09T06:32:13Z,1980-04-09T06:47:13Z,27a2833e-969f-5e58-697c-a949101b5053,5059a55e-5d6e-34d1-b6cb-d83d16e57bcf,95c4a2be-4bb3-d628-4a05-3fd267d90f30,834357,3 ML Amiodarone hydrocholoride 50 MG/ML Prefilled Syringe,61.13,0.00,1,61.13,,
1980-04-09T06:32:13Z,1980-04-09T06:47:13Z,27a2833e-969f-5e58-697c-a949101b5053,5059a55e-5d6e-34d1-b6cb-d83d16e57bcf,95c4a2be-4bb3-d628-4a05-3fd267d90f30,1190795,Atropine Sulfate 1 MG/ML Injectable Solution,30.53,0.00,1,30.53,,
2017-10-16T11:15:30Z,,23b49184-36d3-04e0-4b59-badd560d5a9e,5059a55e-5d6e-34d1-b6cb-d83d16e57bcf,a3182f7e-c6d8-f5ae-b865-c8d443cf23cd,309362,Clopidogrel 75 MG Oral Tablet,62.78,0.00,41,2573.98,,
2017-10-16T11:15:30Z,,23b49184-36d3-04e0-4b59-badd560d5a9e,5059a55e-5d6e-34d1-b6cb-d83d16e57bcf,a3182f7e-c6d8-f5ae-b865-c8d443cf23cd,312961,Simvastatin 20 MG Oral Tablet,39.90,0.00,41,1635.90,,
2017-10-16T11:15:30Z,,23b49184-36d3-04e0-4b59-badd560d5a9e,5059a55e-5d6e-34d1-b6cb-d83d16e57bcf,a3182f7e-c6d8-f5ae-b865-c8d443cf23cd,197361,Amlodipine 5 MG Oral Tablet,59.41,0.00,41,2435.81,,
2017-10-16T11:15:30Z,,23b49184-36d3-04e0-4b59-badd560d5a9e,5059a55e-5d6e-34d1-b6cb-d83d16e57bcf,a3182f7e-c6d8-f5ae-b865-c8d443cf23cd,705129,Nitroglycerin 0.4 MG/ACTUAT Mucosal Spray,72.27,0.00,41,2963.07,,
1999-01-31T11:27:21Z,,bd0e64b0-e12a-1973-c517-ad8305cab48b,b3221cfc-24fb-339e-823d-bc4136cbc4ed,fce58301-fd71-8389-1c55-09fd10f297a3,855332,Warfarin Sodium 5 MG Oral Tablet,60.42,0.00,26,1570.92,,
1999-01-31T11:27:21Z,,bd0e64b0-e12a-1973-c517-ad8305cab48b,b3221cfc-24fb-339e-823d-bc4136cbc4ed,fce58301-fd71-8389-1c55-09fd10f297a3,897718,Verapamil Hydrochloride 40 MG,96.50,0.00,26,2509.00,,
1999-01-31T11:27:21Z,,bd0e64b0-e12a-1973-c517-ad8305cab48b,b3221cfc-24fb-339e-823d-bc4136cbc4ed,fce58301-fd71-8389-1c55-09fd10f297a3,197604,Digoxin 0.125 MG Oral Tablet,20.05,0.00,26,521.30,,
2001-03-18T11:27:21Z,2001-03-18T11:42:21Z,bd0e64b0-e12a-1973-c517-ad8305cab48b,b3221cfc-24fb-339e-823d-bc4136cbc4ed,df46e404-6191-fbf2-3885-8a79c77391a4,309362,Clopidogrel 75 MG Oral Tablet,50.68,0.00,1,50.68,,
2001-03-18T11:27:21Z,2001-03-18T11:42:21Z,bd0e64b0-e12a-1973-c517-ad8305cab48b,b3221cfc-24fb-339e-823d-bc4136cbc4ed,df46e404-6191-fbf2-3885-8a79c77391a4,1804799,Alteplase 100 MG Injection,6549.50,6449.50,1,6549.50,,
2016-01-20T06:32:13Z,2016-01-20T06:47:13Z,77d1c6a7-042e-1301-d264-c429ec482e0d,7caa7254-5050-3b5e-9eae-bd5ea30e809c,9c3bd4f0-6ed1-ce32-b825-e5c5c21c9c68,309362,Clopidogrel 75 MG Oral Tablet,77.75,37.75,1,77.75,,
2016-01-20T06:32:13Z,2016-01-20T06:47:13Z,77d1c6a7-042e-1301-d264-c429ec482e0d,7caa7254-5050-3b5e-9eae-bd5ea30e809c,9c3bd4f0-6ed1-ce32-b825-e5c5c21c9c68,1804799,Alteplase 100 MG Injection,6258.82,6218.82,1,6258.82,,
1997-01-19T11:27:21Z,,d9049bd1-c9f7-f7a8-87da-c8d9a5e05ff3,b3221cfc-24fb-339e-823d-bc4136cbc4ed,95e6113b-b91f-2e5d-e45a-ad4784967ea1,855332,Warfarin Sodium 5 MG Oral Tablet,10.19,0.00,293,2985.67,,
1997-01-19T11:27:21Z,,d9049bd1-c9f7-f7a8-87da-c8d9a5e05ff3,b3221cfc-24fb-339e-823d-bc4136cbc4ed,95e6113b-b91f-2e5d-e45a-ad4784967ea1,897718,Verapamil Hydrochloride 40 MG,98.03,0.00,293,28722.79,,
1997-01-19T11:27:21Z,,d9049bd1-c9f7-f7a8-87da-c8d9a5e05ff3,b3221cfc-24fb-339e-823d-bc4136cbc4ed,95e6113b-b91f-2e5d-e45a-ad4784967ea1,197604,Digoxin 0.125 MG Oral Tablet,31.50,0.00,293,9229.50,,
