Id,NAME,ADDRESS,CITY,STATE,ZIP,LAT,LON,PHONE,REVENUE,UTILIZATION
ef58ea08-d883-3957-8300-150554edc8fb,HEALTHALLIANCE HOSPITALS  INC,60 HOSPITAL ROAD,LEOMINSTER,MA,01453,42.520838,-71.770876,9784662000,387.48,3
69176529-fd1f-3b3f-abce-a0a3626769eb,MOUNT AUBURN HOSPITAL,330 MOUNT AUBURN STREET,CAMBRIDGE,MA,02138,42.375967,-71.118275,6174923500,129.16,1
f1fbcbfb-fcfa-3bd2-b7f4-df20f1b3c3a4,LAWRENCE GENERAL HOSPITAL,ONE GENERAL STREET,LAWRENCE,MA,01842,42.700273,-71.161357,9786834000,387.48,3
ef6ab57c-ed94-3dbe-9861-812d515918b3,CAPE COD HOSPITAL,88 LEWIS BAY ROAD,HYANNIS,MA,02601,41.748854,-70.74053599999998,5087711800,645.8,5
fbf6180e-b800-3ebe-b91d-93d0288c400e,BAYSTATE FRANKLIN MEDICAL CENTER,164 HIGH STREET,GREENFIELD,MA,01301,42.614671,-72.597063,4137730211,516.64,4
4bdaa4c2-c664-3089-aee2-7137abbad27f,HARRINGTON MEMORIAL HOSPITAL-1,100 SOUTH STREET,SOUTHBRIDGE,MA,01550,42.059669,-72.03404,5087659771,258.32,2
ecc51621-0af3-3b35-ac3e-8b1e34022e92,SAINT ANNE'S HOSPITAL,795 MIDDLE STREET,FALL RIVER,MA,02721,41.725351,-71.094162,5086745600,645.8,5
5d4b9df1-93ae-3bc9-b680-03249990e558,HOLYOKE MEDICAL CENTER,575 BEECH STREET,HOLYOKE,MA,01040,42.211656,-72.642448,4135342500,129.16,1
5844ad77-f653-3c2b-b7dd-e97576ab3b03,BAYSTATE WING HOSPITAL AND MEDICAL CENTERS,40 WRIGHT STREET,PALMER,MA,01069,42.187794,-72.30846899999997,4132837651,129.16,1
37c0de84-bcaf-3624-82bf-a89b2ac441b8,BEVERLY HOSPITAL CORPORATION,85 HERRICK STREET,BEVERLY,MA,01915,42.556659,-70.84496,9789223000,258.32,2
4861d01f-019c-3dac-a153-8334e50919f9,NORTH SHORE MEDICAL CENTER -,81 HIGHLAND AVENUE,SALEM,MA,01970,42.50128,-70.897502,9787411215,645.8,5
4f3a530e-a2f7-3de0-9a09-c0a70a9ab894,BERKSHIRE MEDICAL CENTER INC - 1,725 NORTH STREET,PITTSFIELD,MA,01201,42.452045,-73.26054,4134472000,387.48,3
c44f361c-2efb-3050-8f97-0354a12e2920,SIGNATURE HEALTHCARE BROCKTON HOSPITAL,680 CENTER STREET,BROCKTON,MA,02302,42.082543,-71.024638,5089417000,387.48,3
331f4c11-d298-308b-aaa1-d7825b29b57f,CLINTON HOSPITAL ASSOCIATION,201 HIGHLAND STREET,CLINTON,MA,01510,42.411887,-71.690005,9783683000,129.16,1
b0e04623-b02c-3f8b-92ea-943fc4db60da,LOWELL GENERAL HOSPITAL,295 VARNUM AVENUE,LOWELL,MA,01854,42.638893,-71.32210699999997,9789376000,129.16,1
ebc3f5c4-6700-34af-8323-85621c313726,NOBLE HOSPITAL,115 WEST SILVER STREET,WESTFIELD,MA,01085,42.138838,-72.755911,4135682811,129.16,1
fd328395-ab1d-35c6-a2d0-d05a9a79cf11,MERCY MEDICAL CTR,271 CAREW STREET,SPRINGFIELD,MA,01104,42.115454,-72.539978,4137489000,258.32,2
d692e283-0833-3201-8e55-4f868a9c0736,HALLMARK HEALTH SYSTEM,585 LEBANON STREET,MELROSE,MA,02176,42.455723,-71.05901899999998,7819793000,129.16,1
d78e84ec-30aa-3bba-a33a-f29a3a454662,MASSACHUSETTS GENERAL HOSPITAL,55 FRUIT STREET,BOSTON,MA,02114,42.33196,-71.020173,6177262000,129.16,1
8ad64ecf-c817-3753-bee7-006a8e662e06,MORTON HOSPITAL,88 WASHINGTON STREET,TAUNTON,MA,02780,41.903323,-71.094984,5088287000,387.48,3
23834663-ed53-3da9-b330-d6e1ecb8428e,SOUTHCOAST HOSPITAL GROUP  INC,363 HIGHLAND AVENUE,FALL RIVER,MA,02720,41.725351,-71.094162,5086793131,645.8,5
44bef9d3-91c2-3005-93e0-ccf436348ff0,MASSACHUSETTS EYE AND EAR INFIRMARY -,243 CHARLES STREET,BOSTON,MA,02114,42.33196,-71.020173,6175237900,129.16,1
60457c13-adb2-3415-82c5-86ab5dab5f93,BAYSTATE MEDICAL CENTER,759 CHESTNUT STREET,SPRINGFIELD,MA,01199,42.115454,-72.539978,4137940000,1162.44,9
a9f20dc1-5147-3789-bcef-bbecb41c5983,HOLY FAMILY HOSPITAL,70 EAST STREET,METHUEN,MA,01844,42.742751,-71.178588,9786870156,258.32,2
7fb56531-86bd-3e4a-8619-4df9942da309,BETH ISRAEL DEACONESS HOSPITAL - NEEDHAM,148 CHESTNUT STREET,NEEDHAM,MA,02494,42.281593,-71.242414,7814533002,129.16,1
03347b4d-994e-302b-848b-58019a4e274d,EMERSON HOSPITAL -,133 OLD ROAD TO 9 ACRE CORNER,W CONCORD,MA,01742,42.269478,-71.807783,9783691400,129.16,1
db0acede-4abe-3c01-8d03-5c68a190d8c7,SOUTH SHORE HOSPITAL,55 FOGG ROAD,SOUTH WEYMOUTH,MA,02190,42.24158900000001,-71.082651,7813408000,129.16,1
3d10019f-c88e-3de5-9916-6107b9c0263d,NEWTON-WELLESLEY HOSPITAL,2014 WASHINGTON STREET,NEWTON,MA,02462,42.331876,-71.208402,6172436000,774.9599999999999,6
f4e7709c-02f6-37ca-aeea-8247d74e88e7,WINCHESTER HOSPITAL,41 HIGHLAND AVENUE,WINCHESTER,MA,01890,42.452752,-71.144319,7817299000,516.64,4
12c9daf5-a29c-36c9-ac55-28972463e566,BETH ISRAEL DEACONESS HOSPITAL-MILTON INC,199 REEDSDALE ROAD,MILTON,MA,02186,42.24158900000001,-71.082651,6176964600,516.64,4
226098a2-6a40-3588-b5bb-db56c3a30a04,GOOD SAMARITAN MEDICAL CENTER,235 NORTH PEARL STREET,BROCKTON,MA,02301,42.082543,-71.024638,5084273000,387.48,3
3bd5eda0-16da-3ba5-8500-4dfd6ae118b8,NORWOOD HOSPITAL,800 WASHINGTON STREET,NORWOOD,MA,02062,42.18736,-71.195955,5087721000,387.48,3
d5117822-5756-389d-9547-891a372d580f,FALMOUTH HOSPITAL,67 & 100 TER HEUN DRIVE,FALMOUTH,MA,02540,41.57072,-70.556682,5085485300,1033.28,8
6f122869-a856-3d65-8db9-099bf4f5bbb8,LAHEY HOSPITAL & MEDICAL CENTER  BURLINGTON,41 & 45 MALL ROAD,BURLINGTON,MA,01803,42.503227,-71.201713,7817445100,645.8,5
465de31f-3098-365c-af70-48a071e1f5aa,METROWEST MEDICAL CENTER,115 LINCOLN STREET,FRAMINGHAM,MA,01701,42.307905,-71.436196,5083831000,129.16,1
1eaf97fa-9de6-38de-a9c4-6efe5dc574be,ST VINCENT HOSPITAL,123 SUMMER STREET,WORCESTER,MA,01608,42.269478,-71.807783,5083635000,774.9599999999999,6
16fb24ff-30d3-3aaf-81d6-44af3009b248,PCP258,154 E CENTRAL ST,NATICK,MA,01760-3644,42.284822,-71.348811,508-904-9575,7232.959999999995,56
de1376c4-8f27-37ed-85da-6986458442f2,PCP661,28 GREEN ST,NEWBURY,MA,01951-1721,42.770406,-70.872417,978-463-0463,4003.959999999998,31
7d1c9185-6194-3fca-8c56-1e2d5ac7ee71,PCP1221,234 RUSSELL ST,HADLEY,MA,01035-3534,42.356491,-72.568632,413-320-3644,5553.8799999999965,43
fc0bcb63-569b-3658-aa03-71cf89aea64e,PCP1336,563 BROADWAY,EVERETT,MA,02149-3749,42.405938,-71.054649,617-389-0013,8266.239999999994,64
dd1f04b3-54cd-3ff0-96e3-a9aec2078301,PCP1444,5 E MAIN ST,MERRIMAC,MA,01860-2005,42.838603000000006,-71.011997,978-346-4450,11366.07999999999,88
6af0ebcc-05f8-3fa6-9c0a-8061fdadc2a4,PCP1609,130 CENTRE ST,DANVERS,MA,01923-1683,42.574174,-70.95051600000001,978-500-5550,6974.639999999995,54
3417f72c-36d3-3e9d-b28e-9f7a165c3ed8,PREMIUM EYE CARE  PC,738 HIGH ST,WESTWOOD,MA,02090-2503,42.219645,-71.216768,781-329-5454,8912.039999999994,69
0aef5bb7-af50-38c6-934a-8f5a25d81fd1,PCP1909,101 ADAMS ST,QUINCY,MA,02169-2022,42.261006,-71.008988,617-471-0307,12270.19999999999,95
817f30f1-19d6-3cc9-8713-09309eada809,PCP2966,84 HIGH ST,MEDFORD,MA,02155-3844,42.423844,-71.10923100000001,781-391-1640,5812.199999999996,45
59a4b308-6863-3bf6-8ef8-0e0f62d6b04e,PCP3075,709 PLAIN ST,MARSHFIELD,MA,02050-2105,42.115139,-70.71033100000001,781-794-2200,5553.8799999999965,43
18493754-0bc4-3653-89ba-fced6e9a2a79,PCP3280,18 MAIN ST,TOWNSEND,MA,01469-1300,42.66495,-71.712025,978-597-5227,6328.839999999996,50
b28ac5ba-f674-3915-907c-39e79ae30b87,PCP3449,2285 MASSACHUSETTS AVE,CAMBRIDGE,MA,02140-1260,42.376043,-71.11868,617-491-3888,4003.959999999998,31
414083bc-a154-3b45-bfbf-397a568e2362,MALCOLM AND MARTIN GREENE OD PARTNERS,31 SPRING ST,WATERTOWN,MA,02472-3473,42.369451,-71.177925,617-924-3343,4003.959999999998,31
4409e057-3f33-39ab-92a1-54fd9c2f3a3e,DR TED F BUKOWSKI AND ASSOC PC,140 E MAIN ST,NORTON,MA,02766-2342,41.965340999999995,-71.18178,508-285-2015,3616.4799999999987,28
f74d6cb2-da09-37ca-9475-e4eb546a6b2c,PCP3952,51 PLEASANT ST,NEWBURYPORT,MA,01950-2637,42.812141,-70.886646,978-255-3136,7620.439999999994,59
1b16712e-c42b-38cc-8f9c-06c60aee8f4a,PCP3958,26 WAMPUM DR,BREWER,MA,02631-1311,41.760932,-70.070392,508-896-4499,6328.839999999996,49
58fa71de-2295-33b8-8932-176a72078898,PCP4047,265 PLEASANT ST,ROCKLAND,MA,02370-1280,42.129251000000004,-70.908736,781-878-6962,4649.7599999999975,36
1c7f196c-c1db-37b1-8961-c9ac96267b63,PCP4547,240 CONCORD AVE,CAMBRIDGE,MA,02138-1337,42.376043,-71.11868,617-661-0511,6070.519999999996,47
bc1b82cc-e927-373f-80bf-b90bff6edfe8,PCP4690,210 WHITING PLACE,HINGHAM,MA,02043-3724,42.224319,-70.880673,781-740-1188,7103.799999999995,55
86194e39-0481-37cc-a2a9-27cf83292bfd,ARSENAULT CHIROPRACTIC CENTER INC,379 MAIN ST,HAVERHILL,MA,01830-4037,42.782945,-71.087436,978-373-7871,2066.5600000000004,16
0d768c74-92f5-367b-bd5c-76d3143e82b7,PCP5481,316 MAIN ST,OXFORD,MA,01540-1728,42.12826,-71.8671,508-987-3771,516.64,4
53fce0b4-14fa-3ea3-8127-6563160b8ba9,PCP5717,563 MAIN ST,BOLTON,MA,01740-1300,42.439941,-71.601879,978-779-0211,2066.5600000000004,16
ce0dc702-7298-363c-bef0-46dc8eee1f6c,PCP6365,27 FIELDS POND RD,WESTON,MA,02493-1904,42.360502000000004,-71.303433,781-894-2177,4003.959999999998,31
7d370bcc-dba9-3314-8e0b-4b260b91b53e,PCP6468,227 E ST,METHUEN,MA,01844-5463,42.742751,-71.178588,978-683-0123,4520.599999999998,35
40a3c689-1383-331e-a98a-97f81c2c8f9a,PCP6897,105 CHESTNUT ST,NEEDHAM,MA,02492-2520,42.281593,-71.242414,781-444-3772,7103.799999999995,55
25e23ee2-fa17-3b8f-8bba-34841db77290,PCP7099,210 WHITING PLACE,HINGHAM,MA,02043,42.224319,-70.880673,781-740-90445,1679.0800000000004,13
973e7384-d05b-32ad-a8cc-c39191ee9150,PCP7483,152 N ST,PITTSFILED,MA,01201,42.452045,-73.26054,413-443-8480,9945.319999999992,77
7798795a-999b-3042-8b30-baf9c81f54c4,PCP7519,888 MAIN ST,WINCHESTER,MA,01890-1913,42.452752000000004,-71.144319,781-729-4553,8782.879999999994,68
e2382a57-985f-3bc5-b1ec-ee2ccab2e3f5,PCP7791,8 ALPINE ST,CAMBRIDGE,MA,02138-6811,42.376043,-71.11868,617-354-5337,6974.639999999995,54
5f3e3a85-0461-3b77-9505-f57767d24412,PCP8369,25 OLD WESTPORT RD,DARTMOUTH,MA,02747-2537,41.56651,-70.958229,508-813-0981,4649.7599999999975,36
c2ecccb0-f9c0-36ca-bc8f-78710b04149f,PCP8372,20 TREMONT ST,DUXBURY,MA,02332-5315,42.044307,-70.70604499999999,617-645-0973,3874.7999999999984,30
0dd68644-66ef-33de-8802-9447848e4a7d,GATEWAY VISION PC,288 LITTLETON RD,WESTFORD,MA,01886-3522,42.585541,-71.44025,978-692-2521,5037.239999999997,39
555e0658-1f41-3f63-9ca4-a82e087a0cf0,PCP9377,21 MARKET ST,IPSWICH,MA,01938-2240,42.695981,-70.83564799999999,978-356-3375,2324.88,18
dc4a0b6e-a5e3-3bf8-ab67-3cc89500d31c,PCP9413,1 OLDE N RD,CHELMSFORD,MA,01824-1453,42.597055,-71.3697,978-455-7023,4908.079999999997,38
502a2ddb-e54a-3b43-9ad9-8103221c44d6,PCP9755,7 BARON WAY,LITTLETON,MA,01460-1122,42.535931,-71.490569,978-580-1342,1937.4000000000005,15
df98ec89-56ee-380f-9f1d-671ef1039720,THE EYE CARE CENTER  INC.,10 TECHNOLOGY DR,HUDSON,MA,01749-2791,42.389071,-71.545864,978-568-8228,4003.959999999998,31
438e9d44-1f8f-3c7f-807c-754e714c4e29,PCP11164,441 WASHINGTON AVE,CHELSEA,MA,02150-3679,42.396824,-71.031348,617-889-5528,8653.719999999994,67
12a3ebf8-88fc-3152-ab89-3c0a0ad2786b,PCP11686,364 BOSTON TPKE,SHREWSBURY,MA,01545-3869,42.284766999999995,-71.714228,508-792-1500,1808.2400000000005,14
4d4f0156-9110-3edd-aa94-53f4d58fce4a,PCP11928,55 PUTNEY RD,LEVERETT,MA,01054-9770,42.468897999999996,-72.48457900000001,413-348-6257,5424.719999999997,42
94551ffb-a96d-351f-bed2-079d9be18992,PCP12638,80 WASHINGTON ST BLDG F,NORWELL,MA,02061-1799,42.164569,-70.818844,781-421-6120,3745.6399999999985,29
41b41f35-ba04-30f4-bddb-32e644ac1c68,PCP13239,158 MOUNT AUBURN ST,CAMBRIDGE,MA,02138-4876,42.376043,-71.11868,617-417-1805,4908.079999999997,38
cd2adec5-2598-3c48-88b5-75860fcdd58b,PCP13691,109 MASONIC HOME RD,CHARLTON,MA,01507-6301,42.133935,-71.968025,508-755-9051,4003.959999999998,31
fa120db4-e034-3fa3-a831-d343d5445bb8,PCP13750,315 CENTRAL ST,SAUGUS,MA,01906-2342,42.468432,-71.01394599999999,781-231-2292,2712.3599999999997,21
5ef81464-789a-3a2c-a63c-16ee2d543949,PCP13905,92 MAIN ST,FLORENCE,MA,01062-1460,42.327044,-72.67463000000002,413-584-7971,3745.6399999999985,29
1e4eec39-df1e-3c10-8132-6c74bbcaf05b,PCP14240,27 RAILROAD AVE,DUXBURY,MA,02332-3877,42.044307,-70.70604499999999,781-934-6945,4908.079999999997,38
3117b55a-2954-3db6-9a5b-80f13c58c7fc,PCP14426,46 FLETCHER ST,ROSLINDALE,MA,02131-1916,42.33196,-71.020173,617-640-0951,4262.279999999998,33
4810c1d2-5d3c-3ab5-a813-ae6801ff7f67,PCP14621,927 TEMPLE ST,WHITMAN,MA,02382-1057,42.078974,-70.93939,781-718-4038,3616.4799999999987,28
588e03bd-91bc-3442-be9e-66c18ba36c0c,KHOURY CHIROPRACTC  INC.,116 MECHANIC ST,BELLINGHAM,MA,02019-1678,42.076682,-71.47449,508-966-3777,3616.4799999999987,28
cfefd430-dc34-3f76-b4ae-deb4117f5c9b,PCP15655,352 PARK ST,NORTH READING,MA,01864-2164,42.578222,-71.084398,339-234-0711,3616.4799999999987,28
ed117731-eb4f-34eb-bb17-cb40f7d20266,PCP15843,384 W RD,ALFORD,MA,01266-9756,42.254399,-73.42904,413-644-9755,3745.6399999999985,29
7995203f-831b-3bba-9c24-8a4b9bf7952e,PCP16129,30 HILLSIDE AVE,CAMBRIDGE,MA,02140-3616,42.376043,-71.11868,617-547-5920,1808.2400000000005,14
f2d7b353-b04c-3f56-bd83-9ecea8c4bf8a,PCP16587,4364 ACUSHNET AVE,NEW BEDFORD,MA,02745-4614,41.661303000000004,-70.937913,508-998-27007,4649.7599999999975,36
299f1d4e-bec9-321c-afd8-11d0f361e382,PCP16987,5 WATSON RD,BELMONT,MA,02178-3937,42.395317,-71.180284,617-484-1010,5553.8799999999965,43
5b886ab0-eee4-3253-973e-7419afc5a2ce,PCP17517,203 ALLSTON ST,CAMBRIDGE,MA,02139-3917,42.376043,-71.11868,617-492-3868,5812.199999999996,45
bee3973f-125a-3713-807e-8e9c0f9e304e,PCP17791,103 ELM ST,MILLBURY,MA,01527-2601,42.192246000000004,-71.777649,508-865-9951,18340.719999999983,142
efaf2e2d-bce0-3d89-8409-899aa9f459a7,PCP17804,22 MILL ST,ARLINGTON,MA,02476-4738,42.418721999999995,-71.163912,617-515-8984,3487.319999999999,27
4197b0be-4eab-33f8-a339-89f45ee1320c,PCP17899,173 MOUNT AUBURN ST,WATERTOWN,MA,02472-4005,42.369451,-71.177925,617-699-2170,4262.279999999998,33
7a0b9372-1373-333a-9846-0e6c0030ba45,PCP17971,66 MAIN ST,LAKEVILLE,MA,02347-1608,41.834412,-70.957166,508-947-0747,12011.87999999999,93
707bfbf6-85d4-375f-b12a-43ff210ec187,PCP18175,432 GREENFIELD RD,MONTAGUE,MA,01351-8925,42.556616999999996,-72.517075,413-772-0612,1162.44,9
ebe1b159-9d15-3ca1-ba8d-8182b404d4b0,PCP18780,40 E MAIN ST,WARE,MA,01082-1331,42.275462,-72.280158,413-967-6681,6070.519999999996,47
46eaf6f1-29f0-394b-a6aa-6d6f9219a973,PCP18988,10 PHOENIX ROW,HAVERHILL,MA,01832-5734,42.782945,-71.087436,978-372-0575,4262.279999999998,33
a25c01ad-bf82-3ca1-b6fc-37733c6f433a,PCP19162,36 HEMLOCK RD,WEST ROXBURY,MA,02132-5441,42.33196,-71.020173,617-794-0504,3616.4799999999987,28
2798717a-3ecc-3102-9cb7-960098c36443,PCP19277,8 BEACON ST,BOSTON,MA,02108-3722,42.338551,-71.018253,617-482-8770,3616.4799999999987,28
17e7a87e-f925-37d0-9371-88c67aa7c092,PCP19886,50 ADAMS ST,NEWTON,MA,02460-1461,42.331876,-71.208402,617-965-4090,6457.999999999995,50
1f2b3666-5e34-3e83-8a47-076f8f9c161e,PCP20187,1234 BROADWAY,SOMERVILLE,MA,02144-1703,42.390445,-71.101033,857-998-0747,7878.759999999994,61
0fbb860f-6914-350f-ad9c-a2930a3a915c,PCP21121,797 WASHINGTON ST,NEWTON,MA,02460-1634,42.331876,-71.208402,617-448-1439,5683.039999999996,44
b3e30964-03f2-3136-8347-255d16f65d93,PCP21436,379 MAIN ST,YARMOUTH PORT,MA,02675-1819,41.706920000000004,-70.221117,508-362-8828,2454.04,19
e8e1a2fc-a903-3c7f-9346-87208c1dda20,PCP21689,1180 BEACON ST,BROOKLINE,MA,02446-3806,42.323853,-71.142003,617-232-1220,3745.6399999999985,29
07a59ce1-3a4a-30da-8ff7-ecffd89580f4,PCP21853,249 MOUNT AUBURN ST,CAMBRIDGE,MA,02138-5607,42.376043,-71.11868,617-491-4333,1937.4000000000005,15
cd96a437-968d-3e65-9f0e-89b975450c15,PCP22031,1563 FALL RIVER AVE,SEEKONK,MA,02771-3736,41.839797999999995,-71.31804699999999,508-336-2663,4003.959999999998,31
809e0f87-97ae-316a-846c-8deef06134bd,PCP22055,246 HARVARD ST,BROOKLINE,MA,02446-2904,42.323853,-71.142003,617-739-2707,1808.2400000000005,14
3ebdda42-96e1-3ef9-844b-2f1f8224ef15,PCP22333,56 WINTHROP ST,CONCORD,MA,01742-2076,42.462911,-71.364496,978-369-2266,7362.119999999994,57
452a0f37-f2b9-3186-9517-4f15d2f5a3c0,PCP22871,145 FAUNCE CORNER RD,N DARTMOUTH,MA,02747-1263,41.646686,-70.999158,508-999-4045,5553.8799999999965,43
b08d2ff9-6036-3c87-b003-6cfda96c3c89,BEHAVIORAL HEALTH AFFILIATES  LLC,84 HIGH ST,MEDFORD,MA,02155-3844,42.423844,-71.10923100000001,781-393-0009,3616.4799999999987,28
1b2a9b3e-a1d0-3ea2-a569-f43d23562437,PCP23473,222 CAREW ST,SPRINGFIELD,MA,01104-4103,42.115454,-72.539978,413-781-5432,3616.4799999999987,28
692a95ba-bb15-34b9-9f41-9f56be16a65c,PCP23786,235 HANOVER ST,FALL RIVER,MA,02720-5299,41.725351,-71.094162,508-676-7300,4908.079999999997,38
6bba491a-7eac-319f-9e26-cbb181e1c04b,PCP23856,441 MAIN ST,MELROSE,MA,02176-3859,42.455723,-71.05901899999999,781-662-5360,5037.239999999997,39
591ffe05-d411-3512-b7a4-68cb50cab161,PCP24532,172 MIDDLESEX AVE,WILMINGTON,MA,01887-2737,42.564646999999994,-71.164516,978-658-4432,3874.7999999999984,30
2c353d81-fcdb-3686-b2ae-a38a9eca0926,PCP24561,116 MAIN ST,WESTMINSTER,MA,01473-1444,42.5546,-71.90544,978-874-0535,258.32,2
98c52d20-ca76-3d38-9d19-125b4f45d9ab,PCP24654,113 BELMONT ST,BELMONT,MA,02478-3603,42.395317,-71.180284,617-484-4393,3358.159999999999,26
3142df84-15e7-3a87-80bf-d7b7dbf9b758,PCP25095,85 HERRICK ST,BEVERLY,MA,01915-1777,42.556659,-70.84496,978-922-3000,3358.159999999999,26
e8134182-3ed9-3b41-abdc-9f4a47b23f2d,PCP25990,33 ELECTRIC AVE,FITCHBURG,MA,01420-7954,42.601977000000005,-71.81586999999999,978-343-4747,7103.799999999995,55
43de7525-f2f9-39a9-b8ff-9cba4ef56988,PCP26110,117 HIGHLAND AVE,WATERTOWN,MA,02472-1642,42.369451,-71.177925,617-923-8135,4262.279999999998,33
e89fc67f-7cf0-3687-bf77-b4afa1a88fd8,PCP26392,183 W STATE ST,GRANBY,MA,01033-9611,42.244949,-72.50014300000001,413-222-0998,9816.159999999993,76
b6aba88d-2c3a-3a58-bf41-fd7fe83571e8,PCP26677,18 BELLEVUE AVE,CAMBRIDGE,MA,02140-3635,42.376043,-71.11868,617-547-6542,4003.959999999998,31
e62988b8-d0a6-31ec-a1a6-610b4a9f8227,INDEPENDENCE EYE ASSOCIATES  LLC,365 FAUNCE CORNER RD,NORTH DARTMOUTH,MA,02747-6230,41.646686,-70.999158,508-985-6600,8137.079999999994,63
d01c8e08-bc31-3cb5-aa16-8328697cffc6,PCP26723,175 DWIGHT RD,LONGMEADOW,MA,01106-1767,42.047565000000006,-72.57113000000001,413-627-0763,9299.519999999993,73
1055cb51-3d14-3737-b4a8-0203cd752ac9,PCP27216,20 LONG MEADOW RD,LINCOLN,MA,01773-4810,42.425506,-71.310812,781-259-3434,6845.479999999995,53
a35e0bb4-e675-3912-86d6-4cb0e00a4a23,PCP27497,115 MILL ST,BELMONT,MA,02478-1064,42.395317,-71.180284,617-855-3679,4908.079999999997,38
0d2db242-405b-3a0a-8029-8d14804d2dd8,PCP28512,26 S PROSPECT ST,AMHERST,MA,01002-2362,42.363534,-72.50729100000001,413-548-1071,3099.8399999999992,24
b8be2ad1-3fdd-31b3-9ce8-8ebaa4ed9863,PCP28794,233 HARVARD ST,BROOKLINE,MA,02446-5017,42.323853,-71.142003,617-935-1655,3874.7999999999984,30
18e8ff71-6e32-3abc-8ca1-1b5ffc017f38,PCP28839,55 PITTSFIELD RD,LENOX,MA,01240-2185,42.367858,-73.269763,413-637-4009,4649.7599999999975,36
8e65bfae-f627-32e8-bce0-b44f7130befe,PCP29121,10 LONGWOOD DR,WESTWOOD,MA,02090-1123,42.219645,-71.216768,781-329-4433,2712.3599999999997,21
c0a59631-1d7b-39c5-9c12-2cda1977d66a,PCP29160,17 AVERY SQ G,NEEDHAM,MA,02494-1359,42.281593,-71.242414,781-449-8870,5812.199999999996,45
cd1f5054-2a98-3665-94db-572a81a2e874,PCP29200,300 W MAIN ST,NORTHBOROUGH,MA,01532-2132,42.323342,-71.646236,508-366-77072,4133.119999999998,32
2cd7af75-775c-3674-9d09-3d4bc6b7f7e2,PCP29227,53 LANGLEY RD,NEWTON CENTRE,MA,02459-1946,42.331876,-71.208402,617-872-1066,7878.759999999994,61
fdc73f71-fd8d-3d29-90fc-c34a9d010a23,PCP29500,23 WATER ST,HOLLISTON,MA,01746-2376,42.195951,-71.45343000000001,508-429-5133,3616.4799999999987,28
585ccce5-aa28-30b3-9494-fe92005dced3,PCP29519,40 S ST,MARBLEHEAD,MA,01945-3274,42.495629,-70.83582,,4391.439999999998,34
4ed706ff-0933-348d-9a14-6121280d9db1,PCP29620,46 SUFFIELD ST,AGAWAM,MA,01001-1753,42.064731,-72.653477,413-786-3701,9299.519999999993,72
4f7381be-2b84-39fe-b161-48cda0d3b06c,PCP29623,3 DUNDEE PARK DR,ANDOVER,MA,01810-3723,42.648044,-71.161751,978-886-8703,3228.999999999999,25
b165f308-d1b5-38a8-9fc8-63091a93f25c,PCP29637,480 ADAMS ST,MILTON,MA,02186-4914,42.241557,-71.082432,508-759-7752,8653.719999999994,67
739a103d-71ba-3540-b79c-a8bb54f20dc6,PCP29995,111 W ST,GEORGETOWN,MA,01833-1326,42.726188,-70.983328,978-352-8175,3874.7999999999984,30
6ccbd008-ac39-3ed1-b73b-96416d6a06ea,PCP30008,45 MAIN ST,WAREHAM,MA,02571-2152,41.76104,-70.701779,508-295-5104,1679.0800000000004,13
51eeadc5-b8d3-3b02-8630-3561955b3fe4,PCP30115,1044 CENTRAL ST,STOUGHTON,MA,02072-4423,42.119006,-71.10365,617-615-9253,4262.279999999998,33
a04b0d38-3327-3763-8998-3c05ba9c4d47,PCP30628,572 BOSTON RD,BILLERICA,MA,01821-3761,42.559673,-71.260947,781-696-2070,4262.279999999998,33
00c76a84-257b-3728-b782-4b2526a361b3,PCP30634,24 CARROLL DR,FOXBOROUGH,MA,02035-1559,42.061338,-71.245802,508-315-9021,4133.119999999998,32
43659621-b75d-39b6-ae82-01e3c8c9f966,PCP30919,800 S MAIN ST,MANSFIELD,MA,02048-3144,42.017302,-71.21641,508-261-2928,4003.959999999998,31
2790978b-78de-3054-b7ec-b9fe16a571bc,PCP31014,200 CARLISLE RD,BEDFORD,MA,01730-1535,42.499295000000004,-71.281889,781-275-9226,3745.6399999999985,29
a09aadfa-1fd5-31e2-b2ec-b26c57aced68,PCP31439,345 BOSTON POST RD,SUDBURY,MA,01776-3033,42.383367,-71.42107,978-518-0825,6457.999999999995,50
ca26b0dc-755e-3d69-a923-4114bd84cb08,PCP32216,360 MASS AVE,ARLINGTON,MA,02474,42.418721999999995,-71.163912,781-316-1809,11753.55999999999,91
b1516ff8-952b-3f90-a485-e43e29cbf469,PCP33041,14 MAIN ST,SOUTHBORO,MA,01772-1614,42.272062,-71.522795,508-787-9713,6845.479999999995,53
23ae9af5-8904-3b84-9ce1-61b0c59646c2,PCP33126,3193 CRANBERRY HWY,E WAREHAM,MA,02538-4707,41.793699,-70.638745,508-759-3843,2324.88,18
789eb815-c0ab-31ca-8b84-0ce00727ad97,ADAMS PHYSICAL THERAPY  LLC,1 BERKSHIRE SQ,ADAMS,MA,01220-1300,42.62556,-73.119828,413-743-2600,8137.079999999994,63
4b36a80b-43e5-308a-9d3d-f61900863b58,PCP33587,1330 BEACON ST,BROOKLINE,MA,02446-3202,42.323853,-71.142003,617-970-3275,2583.2,20
301d5907-62a2-32bf-94c9-0db2811289cf,PCP33764,105 CHESTNUT ST,NEEDHAM,MA,02492-2520,42.281593,-71.242414,781-449-0094,5941.359999999996,46
ef831c39-d039-3c01-8791-2c0344a389a8,PCP34056,11 STANDISH ST,DUXBURY,MA,02332-5028,42.044307,-70.70604499999999,781-934-2268,2712.3599999999997,21
3e45fcb2-030e-303a-958b-884a9b2288f3,PCP34083,1195 WASHINGTON ST,HOLLISTON,MA,01746-2259,42.195951,-71.45343000000001,508-429-1834,4133.119999999998,32
3b3aa9f5-2674-3677-9df2-86fd031f566e,PCP34098,2 INDEPENDENCE CT,CONCORD,MA,01742-2501,42.462911,-71.364496,978-369-6274,4003.959999999998,31
b376ce87-26d7-3438-994e-657ef0d3ed38,PCP34526,26 ASYLUM ST,MILFORD,MA,01757-1266,42.158691999999995,-71.521419,508-473-5959,6328.839999999996,49
0473a8f1-ce8e-3df0-9ee0-a7a1ca474abe,PCP34672,40 CRESCENT ST,WALTHAM,MA,02453-4313,42.388921,-71.24226800000001,617-538-8242,4520.599999999998,35
75d49d50-d8ee-3017-a17e-f2075bc943ce,PCP34815,54 MAIN ST,LAKEVILLE,MA,02347-1608,41.834412,-70.957166,508-946-1444,10074.479999999992,78
0d6269d7-d51a-3bf5-ba28-ad4090e2a88f,ORTHOPEDIC TRAUMA P.C.,100 HIGHLAND ST,MILTON,MA,02186-3874,42.241557,-71.082432,617-696-2300,2454.04,19
ecdc917d-a909-3a96-81b7-d6463b45afa5,CHICOPEE EYECARE  P.C.,113 CTR ST,CHICOPEE,MA,01013-1667,42.175668,-72.572257,413-592-7777,7362.119999999994,57
8803abc5-0a80-387a-8940-c55df4af1696,COMMUNITY CHIROPRACTIC OF GROTON INC.,300 MAIN ST,GROTON,MA,01450-1379,42.61176,-71.565269,978-448-9355,1937.4000000000005,15
00c328e9-878f-36c7-a100-fa843fdcde21,PCP36271,4 STRAWBERRY HILL RD,ACTON,MA,01720-5757,42.483953,-71.43849499999999,978-264-2953,14465.919999999987,112
6447c5e3-beca-3269-9aa4-f68f21764a71,PCP36696,97 LOWELL RD,CONCORD,MA,01742-1733,42.462911,-71.364496,978-371-2586,6070.519999999996,47
b3c49bdf-4a88-34ff-9574-76483d308586,PCP36718,139 COURT ST,PLYMOUTH,MA,02360-8711,41.897892,-70.62403,508-934-9228,4391.439999999998,34
e1b7ca2e-4615-31bb-a9bd-bccf6992805c,PCP36770,360 FAUNCE CORNER RD,NORTH DARTMOUTH,MA,02747-1257,41.646686,-70.999158,774-202-6240,2066.5600000000004,16
619ed134-e733-3eeb-8690-1f5e7be6042e,FRANKLIN DORIAN SEGALL  M.D.,300 MOUNT AUBURN ST,CAMBRIDGE,MA,02138-5665,42.376043,-71.11868,617-864-1571,4003.959999999998,31
502dd65a-e826-3bca-89bb-448b81ddbc15,PCP37168,39 PLYMOUTH ST,HOLBROOK,MA,02343-1510,42.140346,-70.997861,781-767-4207,5553.8799999999965,44
3268c752-41d7-3633-8e13-e6a44469cb00,PCP37526,19 COUNTY RD,MATTAPOISETT,MA,02739-1577,41.661363,-70.812024,508-758-3754,5553.8799999999965,43
7d6d69ac-5aea-3c5f-8216-f32b5eaace5c,PCP38515,925 MAIN ST,WALPOLE,MA,02081-2966,42.146285999999996,-71.255604,508-668-5254,4649.7599999999975,36
01c02123-5d0f-3ef4-ae1c-cc91518f729a,PCP38777,421 BROADWAY,EVERETT,MA,02149-3435,42.405938,-71.054649,617-387-1904,6716.319999999995,52
9e3dbdc0-b9c2-301e-845a-bbfe1c67c304,ANDOVER OPTOMETRY ON CENTRAL LLC,15 CENTRAL ST,ANDOVER,MA,01810-3758,42.648044,-71.161751,978-475-5252,1291.6000000000001,10
f345af4f-408c-39b9-a1c2-8a4e279b95a7,PCP39308,294 PLEASANT ST,STOUGHTON,MA,02072-2571,42.119006,-71.10365,781-400-4182,8524.559999999994,66
c6fe2b4a-f184-3c12-9d41-e5170bade8d6,LEGACY FOOT AND ANKLE SPECIALISTS,725 CONCORD AVE,CAMBRIDGE,MA,02138-1040,42.376043,-71.11868,617-354-3131,4391.439999999998,34
31911439-5795-3e96-8351-b722d576e9f4,PCP43307,13 KIMBALL RD,WATERTOWN,MA,02472-3512,42.369451,-71.177925,617-945-8694,2454.04,19
2269bc9e-cade-3aaa-a2e5-fbd322cd2ad0,PCP43736,983 BENNINGTON ST,EAST BOSTON,MA,02128-1134,42.375541,-70.970646,617-567-6666,3616.4799999999987,28
50c48838-6feb-33b5-8a67-dc37ca9fc287,PCP43767,175 WALPOLE ST,NORWOOD,MA,02062-3230,42.187364,-71.195971,781-352-2936,3616.4799999999987,28
945768aa-2200-3476-b042-993a9df74c65,BACK TO YOU PHYSICAL THERAPY AND SPORTS MEDICINE INC.,19 N MAIN ST,SHERBORN,MA,01770-1546,42.231947,-71.372963,617-571-7323,8395.399999999994,65
411735bd-f830-3011-a59f-c3f84a1f042e,PCP44598,30 HARDWICK RD,PETERSHAM,MA,01366-9701,42.459222,-72.216335,978-724-3424,4262.279999999998,33
4b74b5b9-b645-3f1b-a613-3d8c1fada332,PCP45581,5 BYRON RD,WESTON,MA,02493-2228,42.360502000000004,-71.303433,781-431-7399,2841.5199999999995,22
10ea2025-d6eb-357a-96d2-1359bdff79e6,PCP46647,678 LOWELL ST,METHUEN,MA,01844-1807,42.742751,-71.178588,978-685-4444,5037.239999999997,39
1ec97bae-1ed1-305b-a7ad-076d7b1cf83c,CONNECTICUT RIVER INTERNISTS. LLP,8 BURNHAM ST,TURNERS FALLS,MA,01376-1816,42.597445,-72.555278,413-772-2516,3745.6399999999985,29
4f51b495-ff6a-3b1d-87af-fb6c433a71df,MOON HEARING SERVICES  LLC,23 WARREN AVE,WOBURN,MA,01801-4979,42.488769,-71.154438,781-573-3277,7878.759999999994,61
78fdac6c-2d81-3ec5-a4ee-c17b22988a32,PCP47638,28 GREEN ST,NEWBURY,MA,01951-1721,42.770406,-70.872417,978-499-2103,7491.279999999994,58
f9d47b3e-ff35-3557-b526-2130d704dc42,PCP47651,462 MAIN ST,AGAWAM,MA,01001-1833,42.064731,-72.653477,413-786-9704,4262.279999999998,33
57af70ba-946b-3109-89a8-82481c300705,COMPREHENSIVE PHYSICAL THERAPY  PC,1037 MAIN ST,LEICESTER,MA,01524-1313,42.238427,-71.91234,508-892-1335,2324.88,18
8979fc79-bab8-34ba-b7a5-016443c958c5,OLIVIER GROUP PC,92 FAUNCE CORNER RD,DARTMOUTH,MA,02747-1262,41.56651,-70.958229,508-993-3000,7232.959999999995,56
4917759b-1f9e-3733-af09-132e8a56641a,PCP48383,33 E MAIN ST,WARE,MA,01082-1478,42.275462,-72.280158,413-949-2772,5295.559999999997,41
55006d34-266b-3642-8761-86c5e994aa30,PCP49388,3 ROLLINGWOOD DR,WORCESTER,MA,01609-1211,42.269478,-71.807783,508-756-1967,5166.399999999997,40
519d41a1-0b82-3e6b-b4fe-6c00b050c881,PCP49519,1200 CONVERSE ST,LONGMEADOW,MA,01106-1760,42.047565000000006,-72.57113000000001,413-567-0380,9299.519999999993,72
52b606f0-5c65-318b-a9b8-6fcaa6afe35c,HILL EYE ASSOCIATES  P.C.,91 MILL ST,DRACUT,MA,01826-3277,42.679722999999996,-71.30068,978-957-4750,4520.599999999998,35
1c37499f-9bcb-3146-a0fe-7edfe568402b,PCP52732,1419 BEACON ST,BROOKLINE,MA,02446-4808,42.323853,-71.142003,857-260-6484,4003.959999999998,31
9cbba625-cd1c-3b19-a562-1b1ddc91674b,ALL-ACCESS PHYSICAL THERAPY  INC.,50 LEOMINSTER RD,STERLING,MA,01564-2146,42.447924,-71.776045,978-860-3154,6587.159999999995,51
703674b2-fc4a-32a4-899e-a58c00af3ffd,PSYCHIATRIC ASSOCIATES OF MALDEN  P.C.,578 MAIN ST,MALDEN,MA,02148-3900,42.42938,-71.058706,781-397-6789,3745.6399999999985,29
ee0d414f-5f28-3109-9236-874a43651ab6,EYE ASSOCIATES PC,172 CAMBRIDGE ST,BURLINGTON,MA,01803-2921,42.503227,-71.201713,781-272-4944,5941.359999999996,46
6d292afa-3f27-3fa6-945e-cdce925a8062,PCP57666,550 BELMONT ST,WATERTOWN,MA,02472-4951,42.369451,-71.177925,617-924-0268,774.9599999999999,6
a2044f5c-402b-350e-9bf3-2dbc7ba55edf,EYE HEALTH ASSOCIATES LLC,51 STATE RD,DARTMOUTH,MA,02747-3319,41.56651,-70.958229,508-994-1400,2712.3599999999997,21
a13434b8-a3c0-302c-8bb7-34c50fe8feb9,ORAL AND MAXILLOFACIAL SURGERY INC,830 OAK ST,BROCKTON,MA,02301-1168,42.082543,-71.024638,508-586-5445,11624.39999999999,90
cac21f35-c3b3-36a7-a08b-4ecbafb9df43,PCP58110,84 HIGH ST,MEDFORD,MA,02155-3819,42.423844,-71.10923100000001,781-395-0304,7491.279999999994,58
e1b73f1e-e739-3b76-a012-c585efb761d9,PCP58317,280 WASHINGTON ST,BRIGHTON,MA,02135-3511,42.33196,-71.020173,617-254-1477,3616.4799999999987,28
214935b6-3ba3-31a9-9d96-56095ee9654a,PCP58532,403 HIGHLAND AVE,SOMERVILLE,MA,02144-2530,42.390445,-71.101033,617-429-4738,6587.159999999995,51
e3ee28a3-6512-364f-bebf-c309d3a6be37,EYE HEALTH ASSOCIATES LLC,70 HUTTLESTON AVE,FAIRHAVEN,MA,02719-3140,41.633619,-70.871306,508-994-2020,3745.6399999999985,29
1664cb7b-ed77-3557-8605-c09ae240b13f,PCP59250,7 LATHAM ST,WILLIAMSTOWN,MA,01267-2819,42.695743,-73.22211800000001,413-458-5636,4778.919999999997,37
03f162f5-ad40-3c16-899b-a832b625b0c7,PCP59278,452 PLEASANT ST,MALDEN,MA,02148-8117,42.42938,-71.058706,781-324-8704,2195.7200000000003,17
57a4f22d-ee7b-30b0-9ac7-23ab9e72cab9,PCP59814,1 SPRINGFIELD ST,CHICOPEE,MA,01013-2672,42.175668,-72.572257,,2066.5600000000004,17
e0eec05c-8ee7-357b-90c8-9656b914ccc8,PCP60236,600 BROADWAY,SAUGUS,MA,01906-3201,42.468432,-71.01394599999999,781-231-2330,5424.719999999997,42
3fb229e1-1a93-398f-be04-c2b2c3cdb1a6,BLACKSTONE VALLEY PHYSICAL THERAPY SERVICES INC,670 LINWOOD AVE,WHITINSVILLE,MA,01588-2068,42.119228,-71.67182199999999,508-234-7544,7232.959999999995,56
4786ed54-9ddb-3063-b578-370787aef828,PCP61278,52 NOON HILL AVE,NORFOLK,MA,02056-1161,42.116244,-71.329274,508-560-4007,7620.439999999994,59
f7d09361-3f06-3381-881d-104239e98d7d,MOSS GROUP INC,363 GREAT RD,BEDFORD,MA,01730-2832,42.499295000000004,-71.281889,978-835-5000,2841.5199999999995,22
783421ae-905a-3082-ae86-cb958fffaa7c,GEMINI PHYSICAL THERAPY LLC,679 S MAIN ST,HAVERHILL,MA,01835-8721,42.782945,-71.087436,978-372-3211,5037.239999999997,40
a8eaffeb-659d-30e8-9dda-d30e4b3d297d,ALAN ROCKOFF  M.D  LLC,1101 BEACON ST,BROOKLINE,MA,02446-5587,42.323853,-71.142003,617-731-2390,5166.399999999997,40
f7b0e439-02e7-3906-adda-9cc3df2d9777,PCP62924,77 E MERRIMACK ST,LOWELL,MA,01852-1900,42.63898,-71.321141,978-452-3711,6716.319999999995,52
b81f7f7b-46fa-3596-bf0f-2db5613cf671,PCP63171,15 SHIRLEY AVE,DENNIS PORT,MA,02639-2443,41.666903999999995,-70.135645,508-394-8677,4778.919999999997,37
5005bebb-60cc-361c-87d1-d96c3d6a751b,PCP63301,12 GALLAGHER DR,RANDOLPH,MA,02368-5240,42.178993,-71.052654,781-986-7558,4908.079999999997,38
32dd69c8-377f-3760-b969-8742d583217e,PCP63830,100 HIGHLAND ST,MILTON,MA,02186-3878,42.241557,-71.082432,617-698-4830,4391.439999999998,34
eb3d672f-1e4c-3da4-a185-d6c3af0275b0,MAURA MCGRANE  MD  PC,83 HERRICK ST,BEVERLY,MA,01915-2756,42.556659,-70.84496,978-922-9778,4908.079999999997,38
8ec3c125-a4ac-3872-9307-91817e2979e7,OPTOMEYES HEALTH PC,535 FAUNCE CORNER RD,DARTMOUTH,MA,02747-1242,41.56651,-70.958229,774-202-6888,904.1199999999999,8
7f568a78-1626-3652-8748-c1f22970e9ef,HAMPDEN PODIATRY ASSOCIATES,77 WINSOR ST,LUDLOW,MA,01056-3486,42.183577,-72.457812,413-589-7287,10332.799999999992,81
f5c2ed46-d994-33c7-bc9e-c723b8ad24a0,PCP65005,1 ORR SQUARE C,REVERE,MA,02151-3200,42.421005,-70.99036,781-289-2144,3874.7999999999984,30
150a3098-e5b4-3cac-9f6b-1bce786cd675,PCP65082,300 HANOVER ST,FALL RIVER,MA,02720-5451,41.725351,-71.094162,508-679-8591,3487.319999999999,27
ba1ba4e5-cedf-3b83-8501-3e32b4581945,PCP66345,1214 BENNINGTON ST,EAST BOSTON,MA,02128-1203,42.375541,-70.970646,617-569-6607,6457.999999999995,50
7ec9aa7a-fb94-31f3-9050-f1b6d9ddb5cf,PCP66863,415 BOSTON TPKE,SHREWSBURY,MA,01545-3415,42.284766999999995,-71.714228,774-502-6341,3487.319999999999,27
04b0900a-2ae4-3360-b9a5-1b3eb2bdd8a2,PCP67456,140 N VALLEY RD,PELHAM,MA,01002-9766,42.371648,-72.412488,202-445-7271,7749.599999999994,60
c1414e2c-48df-3428-92a4-ac36114a2a45,ORTHOPEDIC AND SPORTS PHYSICAL THERAPY OF CAPE COD LLC,160 ROUTE 137,EAST HARWICH,MA,02645-1316,41.708597,-70.031856,774-237-0832,6845.479999999995,53
d71ace90-0787-39a4-a884-6b23118a7f11,PCP68244,18 MOORE ST,BELMONT,MA,02478-2525,42.395317,-71.180284,617-489-4888,1420.7600000000002,11
58fe1815-1e8a-38ed-a91a-17d4ef18c8d8,PCP68975,259 MAIN ST,ASHLAND,MA,01721-2115,42.257754999999996,-71.473526,508-881-4368,3745.6399999999985,29
7e0dbcaf-70aa-3da4-9780-5f31d0e23b6d,PCP70575,3 ALLIED DR,DEDHAM,MA,02026-6148,42.246871999999996,-71.179462,617-645-4819,3745.6399999999985,29
252ab022-9f25-316c-b0fc-ccc5240c5a7b,DALY FOOT CARE  PC,253 SALEM ST,MALDEN,MA,02148-4118,42.42938,-71.058706,781-322-7716,6587.159999999995,51
d7393f80-00ad-3788-9b59-543d8bf460a5,PCP71378,1 WASHINGTON ST,WELLESLEY,MA,02481-1706,42.305932,-71.282917,781-237-65501,1033.28,8
56481b98-5a0e-3ecb-880c-46adccf61b17,MANOR HILL MEDICAL ASSOCIATES LLC,1 BLACKBURN DR,GLOUCESTER,MA,01930-2237,42.62885,-70.685875,978-282-3698,4649.7599999999975,36
e9b1bcd3-d480-3b82-a6df-ac68eeff7a7b,PCP72987,298 WASHINGTON ST,GLOUCESTER,MA,01930-4832,42.62885,-70.685875,978-281-4550,9299.519999999993,72
c08f0bbe-b345-3a17-8b7a-cdfc9fcef2a4,PCP72992,233 AYER RD,HARVARD,MA,01451-1131,42.504256,-71.588513,978-772-7225,4908.079999999997,38
9b3c647e-19a8-3017-9980-cb3c0160f3d9,CHARLTON FAMILY PRACTICE,246 SOUTHBRIDGE RD,CHARLTEN,MA,01507-7251,42.097282,-72.05503399999998,508-248-4801,2970.6799999999994,23
fe5c8573-70c5-38bf-82f9-830c68014ed1,BOSTON SPORTS AND SHOULDER CENTER LLC,40 ALLIED DR,DEDHAM,MA,02026-6146,42.246871999999996,-71.179462,617-264-1100,8266.239999999994,64
465e5df3-036d-3efd-ba82-e6ddf5e91949,PCP75721,178 SAVIN ST,MALDEN,MA,02148-2329,42.42938,-71.058706,781-338-7750,3745.6399999999985,29
784f7070-3603-3051-b960-8ec5b78b0e71,BOSTON SPORTS MEDICINE INC,259 ELM ST,SOMERVILLE,MA,02144-2950,42.390445,-71.101033,617-623-6300,4908.079999999997,38
2dc7a6b2-bee6-3ae6-b3fe-4117382d73ee,PCP78624,56 MAIN ST,ASHBURNHAM,MA,01430-1242,42.648697,-71.919896,978-790-5789,4520.599999999998,35
4280a520-966f-3a69-8f11-b1cd1079f1a9,PCP80065,49 THURSTON ST,SOMERVILLE,MA,02145-3811,42.390445,-71.101033,857-928-6500,1162.44,9
6388fbef-678b-307b-9b9d-0b49812f1a3c,VALLEY EYE PHYSICIANS AND SURGEONS  P.C.,190 GROTON RD,AYER,MA,01432-1124,42.566573,-71.575135,978-772-4000,3487.319999999999,27
4cd201cd-7818-30c7-8e64-a5374bf715f4,PROVIDENCE DIAGNOSTIC IMAGING INC,1233 MAIN ST,HOLYOKE,MA,01040-5381,42.211656,-72.642448,413-539-2803,5037.239999999997,39
7e54a5b1-55c2-3acd-9d4c-2afcff354ff0,INTER MED ASSOCIATES  P.C.,72 CUDWORTH RD,WEBSTER,MA,01570-3106,42.047075,-71.845805,508-461-0011,3487.319999999999,28
16a65b37-8333-3ea0-aaf0-bde926a328a5,PCP82686,33 BARTLETT ST,LOWELL,MA,01852-1300,42.63898,-71.321141,978-458-7000,4262.279999999998,33
3b5067a8-36ad-367c-b73e-2b6220a5f290,PCP83090,4 TANNERY BROOK ROW,SOMERVILLE,MA,02144-2758,42.390445,-71.101033,617-726-1736,1162.44,9
2d2e66a7-ff4d-3c6b-a7c3-449904de9c12,VISION SOURCE OF AMHERST AND GREENFIELD,489 BERNARDSTON RD,GREENFIELD,MA,01301-1239,42.614671,-72.597063,413-772-2571,7878.759999999994,61
73d98ecb-893d-395e-bb19-fc3b685b3c57,NEW ENGLAND NEPHROLOGY ASSOCIATES,100 ROSEBROOK WAY,WAREHAM,MA,02571-1138,41.76104,-70.701779,508-291-1100,5553.8799999999965,43
1526db4c-93d7-3ca7-ad7a-318424e18285,PCP88480,92 HIGHLAND ST,MILTON,MA,02186-3800,42.241557,-71.082432,,7620.439999999994,59
e31728d2-e211-354d-9bb6-798887761da5,PCP88738,9 MILL AND MAIN PL,MAYNARD,MA,01754-2651,42.425955,-71.45625600000001,,3616.4799999999987,28
cc4e9a4f-50e9-3447-8c69-bcd35f240d06,HVL CORPORATION,76 SUMMER ST,HAVERHILL,MA,01830-5814,42.782945,-71.087436,978-373-8222,10720.279999999992,83
6d765585-016e-3358-b20c-ff051f58ba6c,PCP90517,505 NASHUA RD,DRACUT,MA,01826-1929,42.679722999999996,-71.30068,978-957-9650,2195.7200000000003,17
527fd92b-5372-3dec-9363-626a186a92aa,PCP93828,360 W BOYLSTON ST,WEST BOYLSTON,MA,01583-2370,42.369417,-71.785036,,4133.119999999998,32
870799df-6708-3f9f-a165-7aaf3b51f4eb,PCP94153,37 B ST,BURLINGTON,MA,01803-3406,42.503227,-71.201713,,3228.999999999999,25
ab216106-828c-3aef-af9b-b40c5bd8fd2a,MCNALLY BROTHERS,74 COURT ST,WESTFIELD,MA,01085-3510,42.138838,-72.755911,413-562-9687,5037.239999999997,39
5be1c847-bf4c-3f57-a0fb-57ea06b4ee9c,PCP97011,52 S MAIN ST,MIDDLETON,MA,01949-2209,42.610513,-71.007118,978-774-8492,2454.04,19
adb2fc0c-02dc-3e4f-9b12-4a84a4a2e2f9,PCP100027,141 WINTHROP ST,TAUNTON,MA,02780-4530,41.903324,-71.094987,508-822-5401,7362.119999999994,57
43adb8de-57b5-367b-8f29-8d6a1caf5935,PCP101355,1 MEETING HOUSE RD,CHELMSFORD,MA,01824-2737,42.597055,-71.3697,,3745.6399999999985,29
24859bd7-0620-374b-bc28-880516462850,PCP101658,473 MAIN ST,FISKDALE,MA,01518-1293,42.124762,-72.110888,,1679.0800000000004,13
f6c2e178-9469-3297-aa75-a4a5ff3d91c7,PCP103886,1501 MAIN ST,TEWKSBURY,MA,01876-2084,42.612088,-71.227845,,3616.4799999999987,28
cc1eb18f-5d39-3ac9-b326-9bb0e349d7dc,PCP104937,1029 PLEASANT ST,BRIDGEWATER,MA,02324-2472,41.972376000000004,-70.978773,,2195.7200000000003,17
9098c4b0-6b32-35c8-8094-9adb8dce7390,PCP105118,121 NANTASKET AVE,HULL,MA,02045-3106,42.340233000000005,-70.883301,,6457.999999999995,50
0cd03411-0b0e-327d-aea2-d9b426ac1d67,NEUROSURGERY CENTER OF SOUTHERN NEW ENGLAND  PC,537 FAUNCE CORNER RD,DARTMOUTH,MA,02747-1242,41.56651,-70.958229,508-672-0545,10978.599999999991,86
1d9793e4-b135-33d8-b90e-521cedb608cc,PCP110579,611 LEOMINSTER RD,LUNENBURG,MA,01462-2013,42.582607,-71.720464,,6328.839999999996,50
bcb26f1b-a37d-37dd-8819-c5dd6b6d9f74,PCP111254,22 PLEASANT ST,WEST BRIDGEWATER,MA,02379-1506,42.021617,-71.026717,,3874.7999999999984,30
8d59a374-61d7-3ae4-b9b0-221452e474de,PCP111458,319 NEWBURYPORT TPKE,ROWLEY,MA,01969-1754,42.721495000000004,-70.886637,,4778.919999999997,38
c911e9eb-77b0-38c2-aaad-dace94a98dad,PCP112195,1223 BEACON ST,BROOKLINE,MA,02446-5332,42.323853,-71.142003,,3874.7999999999984,30
297e845b-327b-32f5-a78d-5885ab951c05,PCP112956,879 COUNTY ST,SOMERSET,MA,02726-5033,41.738479,-71.165065,,2195.7200000000003,17
d9242200-7588-3df0-8ff0-61a45b07c487,PCP114043,32 NYE AVE,ACUSHNET,MA,02743-2750,41.718216999999996,-70.901151,,10591.119999999992,82
d3c9512b-e358-3b8c-9a39-2230612019a3,PCP114540,5 MARKET SQ,AMESBURY,MA,01913-2440,42.851284,-70.955837,,1937.4000000000005,15
b96d72a6-2414-3527-9421-a4b40d4b721d,SOUTH SHORE INTERNAL MEDICINE ASSOCIATES INC.,100 HIGHLAND ST,MILTON,MA,02186-3881,42.241557,-71.082432,617-698-8855,4133.119999999998,32
5fc5349f-9ce7-364c-96ce-9a27873204e3,PCP116640,35 MAIN ST,SAUGUS,MA,01906-2305,42.468432,-71.01394599999999,781-233-1946,4262.279999999998,33
c2c9a655-efd6-36f5-af9c-3dd46c1f7a03,PCP116731,679 PLEASANT ST,PAXTON,MA,01612-1380,42.311693,-71.940282,,3228.999999999999,25
ad2e928a-bfad-3ec0-ad3b-d3baf5048032,PCP118069,50 MALL RD,BURLINGTON,MA,01803-4529,42.503227,-71.201713,,6457.999999999995,50
fe834711-876c-33c8-b780-8391132691db,PCP118923,95 MAIN ST,READING,MA,01867-3965,42.535183,-71.105423,,2841.5199999999995,22
9aad70a5-7d3c-3907-8177-b56f43db7005,PCP119440,15 MANNING RD,MIDDLETON,MA,01949-1526,42.610513,-71.007118,,2324.88,18
a1331f5d-b18b-318a-b376-81d14db5983f,PCP122892,76 MAIN ST,PEPPERELL,MA,01463-1561,42.670643,-71.602858,978-433-0517,4003.959999999998,31
a9f165a9-9335-34a8-8528-ee37b05ee7e5,PCP123855,1233 MAIN ST,HOLYOKE,MA,01040-5381,42.211656,-72.642448,,3099.8399999999992,24
fb10e721-8a1f-38a9-881b-665feabd8832,PCP123934,167 SWANSEA MALL DR,SWANSEA,MA,02777-4102,41.758163,-71.21418100000001,,6070.519999999996,47
4360f911-68d2-36eb-a290-8c1257d07a70,PCP125271,1881 WORCESTER RD,FRAMINGHAM,MA,01701-5410,42.307905,-71.436196,508-628-6652,4649.7599999999975,36
6eb642c6-9c0d-35a4-af6d-a29b6bf0f59e,MANHAN INTERNAL MEDICINE PC,6 PARC PL,SOUTHAMPTON,MA,01073-9277,42.226949,-72.74158800000001,413-529-9282,6070.519999999996,47
ed03dc2d-0567-3395-92df-4c18d4993565,PCP127028,391 BROADWAY,EVERETT,MA,02149-0009,42.405938,-71.054649,,1808.2400000000005,14
dc4038ce-46ce-3540-8beb-506b56b14aa5,PCP127217,29 HUBBARDSTON RD,PRINCETON,MA,01541-1808,42.454125,-71.87754,,4262.279999999998,33
7828e5ea-1d0c-3cb2-a168-cbca730c12ee,A PLUS CHIROPRACTIC MANAGEMENT INC,2360 CRANBERRY HWY,WEST WAREHAM,MA,02576-1208,41.791736,-70.75787199999999,508-273-0190,129.16,1
ddc7190d-25d4-31fd-9eae-3a4ef512c259,PCP130571,2100 DORCHESTER AVE,DORCHESTER,MA,02124-5615,42.33196,-71.020173,,7620.439999999994,59
af53dd55-d014-3c53-a196-7821b6dc2a3f,PCP130909,92 FAUNCE CORNER RD,DARTMOUTH,MA,02747-1262,41.56651,-70.958229,,9170.359999999993,72
1c33591a-c3e1-3895-862f-84b61983199c,PCP131358,539 LINCOLN AVE,SAUGUS,MA,01906-3892,42.468432,-71.01394599999999,,10978.599999999991,85
7ce4229c-f2de-3004-8983-02dc9bf2f990,PCP131623,103 MYRON ST,WEST SPRINGFIELD,MA,01089-1485,42.125451,-72.649734,,4908.079999999997,38
4afe828b-d23e-3b89-afa4-f2fa00720415,PCP131717,31 WILLIAMSTOWN RD,LANESBOROUGH,MA,01237-9524,42.535857,-73.24113299999999,,8137.079999999994,63
436239dc-a195-38e9-bbb9-663fe338c0c3,PCP133927,142 N MAIN ST,BELCHERTOWN,MA,01007-9433,42.27901,-72.400468,,2970.6799999999994,23
2a994f69-042f-3e02-a223-acabc117d94a,PCP134708,284 MONPONSETT ST,HALIFAX,MA,02338-1431,42.002634,-70.86370600000001,,3874.7999999999984,30
01432835-fec2-3de6-b22a-540221c97385,PCP135318,133 MAIN ST,NORTH READING,MA,01864-5002,42.578222,-71.084398,,2970.6799999999994,23
0ed718c4-40b8-3766-93b7-26340d316499,PHYSICAL THERAPY ASSOCIATES OF SCHENECTADY  P.C,480 PLEASANT ST,LEE,MA,01238-9265,42.303174,-73.233924,413-243-3477,8912.039999999994,69
086d8487-cdc9-3d92-9fac-d6174b672a9c,PCP135832,92 HIGH ST,MEDFORD,MA,02155-3850,42.423844,-71.10923100000001,,4003.959999999998,31
586d90ae-7754-30c2-996b-9e62e75227d3,PCP136067,163 N MAIN ST,NORTH BROOKFIELD,MA,01535-1400,42.267564,-72.06687600000001,,7362.119999999994,57
fec69aaf-68b9-34aa-8f17-f651ee67b771,PCP138116,2500 MAIN ST,TEWKSBURY,MA,01876-3184,42.612088,-71.227845,978-657-6009,7232.959999999995,56
f28ce7cd-867f-3431-99e3-ab62ed072852,PCP140496,454 BROADWAY,REVERE,MA,02151-3050,42.421005,-70.99036,,4520.599999999998,35
cf72ee74-07e6-3547-902c-5ac720ea41ca,PCP141017,109 B COUNTY RD,N FALMOUTH,MA,02556-2019,41.601508,-70.639317,508-563-6655,21569.71999999998,168
60015aa6-4ab9-3aff-b72c-e1bea873597e,PCP141206,1005 ELM ST,WEST SPRINGFIELD,MA,01089-1505,42.125451,-72.649734,413-736-0947,3099.8399999999992,24
5eea8ebc-8657-3681-a781-b01da9aacab1,PCP142478,126 COMMONWEALTH AVE,DEDHAM,MA,02026-1441,42.246871999999996,-71.179462,,2712.3599999999997,21
3ed98587-8c4c-33b4-9cbe-ec7fc451d2b6,PCP143874,242 JOHN WISE AVE,ESSEX,MA,01929-1027,42.64042,-70.77117199999999,,3358.159999999999,26
128846fb-8f17-39ca-9bc6-f65e0d3aa34e,PCP144556,385 BROADWAY,REVERE,MA,02151-3059,42.421005,-70.99036,,2841.5199999999995,22
4f7b8ea3-b4d8-35ae-bc69-fb8e37dd1f9d,UROLOGY PRACTICE ASSOCIATES INC,1153 CENTRE ST,BOSTON,MA,02130-3446,42.338551,-71.018253,617-732-9806,8137.079999999994,63
3574e4eb-6db9-3ebd-82ef-8e175ebb7845,PCP146208,230 LOWELL ST,WILMINGTON,MA,01887-3087,42.564646999999994,-71.164516,,9170.359999999993,71
767f35fc-f953-37d6-8849-c5f75ce86142,RONALD I GOLDBERG MD,62 BROWN ST,HAVERHILL,MA,01830-6790,42.782945,-71.087436,978-521-6555,1679.0800000000004,13
2cfd240e-3280-34b6-96cc-daf60ad5d14f,PCP148963,21 E MAIN ST,AVON,MA,02322-1413,42.132461,-71.054013,508-586-1046,4649.7599999999975,36
d7a5b414-4f73-3970-9816-042c410874e2,PCP149158,40 E ST,LUDLOW,MA,01056-3407,42.183577,-72.457812,,6587.159999999995,51
e93feb1d-bcef-3d72-9b7c-47870479bdbe,PCP149771,200 CTR ST,LUDLOW,MA,01056-2772,42.183577,-72.457812,,5037.239999999997,39
addb7e46-903a-307e-8c93-211a08d567e8,PCP151844,630 BALDWINVILLE RD,BALDWINVILLE,MA,01436-1330,42.604845000000005,-72.078823,,10591.119999999992,82
5b7f129b-fbc4-360b-8395-939a241f9167,SOUTHERN NEW ENGLAND RADIOLOGY INC,300 B FAUNCE CORNER RD,NORTH DARTMOUTH,MA,02747-1257,41.646686,-70.999158,508-998-0600,1937.4000000000005,15
b4fbf217-ac7b-3ecf-8c1a-d607c1d4f0db,SHIFA COMPREHENSIVE HEALTH CENTER,185 W AVE,LUDLOW,MA,01056-1700,42.183577,-72.457812,413-244-6947,3616.4799999999987,28
c988b6b5-0e79-3f8b-a3b5-103bdccf96af,PCP154942,391 BROADWAY,EVERETT,MA,02149-3471,42.405938,-71.054649,,12270.19999999999,95
a7c34da7-86c7-366a-96ec-f6e8898f3d19,PCP154953,160 BROADWAY,RAYNHAM,MA,02767-1414,41.930477,-71.046214,,4391.439999999998,34
4f0a1843-c819-3964-a2e9-2dab906b84bf,PCP154964,1440 GAR HWY,SOMERSET,MA,02726-1218,41.738479,-71.165065,,6328.839999999996,49
9841fdbb-f268-3c8d-af95-62070eacc2e4,PCP155778,1261 FURNACE BROOK PKWY,QUINCY,MA,02169-4762,42.261006,-71.008988,,4391.439999999998,34
a0cd0d7d-bedf-3eb2-8bc2-6499e5452043,PCP156968,77 SWANTON ST,WINCHESTER,MA,01890-2039,42.452752000000004,-71.144319,,4908.079999999997,38
d28911b6-d0b3-39b8-bc2a-5be134f9f215,PCP157423,175 LITTLETON RD,WESTFORD,MA,01886-3120,42.585541,-71.44025,,1808.2400000000005,14
e28bba72-0257-3495-bd05-be3234e2e4cf,PCP157870,1665 FALMOUTH RD,CENTERVILLE,MA,02632-2944,41.662727,-70.357208,,516.64,4
9cb9c46d-64f4-3f51-9cbb-f16b27e8b771,PCP161804,53 SPRINGFIELD ST,CHICOPEE,MA,01013-2624,42.175668,-72.572257,,13690.959999999988,106
43118573-48f9-3d27-b5d8-3089535539fb,PCP165213,24 S MAIN ST,RANDOLPH,MA,02368-4821,42.178993,-71.052654,,4262.279999999998,33
cbcf434c-8bc4-3a2c-bd93-43cccfc787a1,PCP165297,111 HARVARD ST,BROOKLINE,MA,02446-6427,42.323853,-71.142003,,4649.7599999999975,36
a4bdd137-e03a-3296-9fb8-6280c082be3c,PCP165311,87 WASHINGTON ST,TAUNTON,MA,02780-2429,41.903324,-71.094987,508-822-3405,4133.119999999998,32
7ee8427e-59b0-3d7f-b6df-b7808b867252,PCP165340,40 CHURCH AVE,WAREHAM,MA,02571-2093,41.76104,-70.701779,508-273-0360,2454.04,19
db6bd9cc-7e09-31e3-bc02-7138105c7661,PCP166697,172 COUNTY ST,SOMERSET,MA,02726-4202,41.738479,-71.165065,,8912.039999999994,70
58dcc9f2-80d7-32f8-a79c-170d89714a66,PCP168404,231 ELM ST,WALPOLE,MA,02081-1903,42.146285999999996,-71.255604,,6328.839999999996,49
1595cb40-b366-3dcc-8a94-32b8949dbd9a,PCP169976,1330 BEACON ST,BROOKLINE,MA,02446-3202,42.323853,-71.142003,617-733-0528,258.32,2
5a5794d7-84aa-3346-9dd4-202e7059dd68,PCP170405,77 E MERRIMACK ST,LOWELL,MA,01852-1900,42.63898,-71.321141,978-459-3341,12528.51999999999,97
1cd0c473-8ffa-316c-93e5-26117ca78f56,BAY COVE HUMAN SERVICES  INC,170 MORTON ST,JAMAICA PLAIN,MA,02130-3735,42.33196,-71.020173,617-619-5900,7232.959999999995,56
863bf680-432e-3890-8e36-135c709d3a6d,WESTSIDE BEHAVIORAL HEALTH  LLC,22 CHRISTY DR,BROCKTON,MA,02301-1839,42.082543,-71.024638,508-580-4611,2195.7200000000003,17
c70f789a-e244-3048-bbb7-c786d3f5de9b,BICKFORD HEALTH ASSOCIATES PC,714 MAIN ST,YARMOUTH PORT,MA,02675-2000,41.706920000000004,-70.221117,508-362-1600,4133.119999999998,32
97508058-3e0d-39fd-a209-ebe413bfd226,PATRIOT URGENT CARE PROFESSIONALS  PC,16 MAIN ST,STONEHAM,MA,02180-3334,42.474208000000004,-71.097665,781-279-4000,5424.719999999997,42
4b671d22-ca87-3051-93f7-4230390f3538,GASTROINTESTINAL SPECIALISTS  LLC,35 SUMMER ST,TAUNTON,MA,02780-3469,41.903324,-71.094987,508-821-4100,4262.279999999998,33
50396b58-b51a-3165-9a94-78b17bb7c09e,PCP176479,145 WHITTIER RD,MILTON,MA,02186-3736,42.241557,-71.082432,617-322-1544,7878.759999999994,61
29769c4a-4330-3209-b546-1e1f12c7adc5,EYE CARE SPECIALISTS PC,31 PINE ST,NORFOLK,MA,02056-1642,42.116244,-71.329274,508-623-3880,4133.119999999998,32
932e439b-fea7-3495-a273-a21acba57f3f,MILL CITY MEDICAL GROUP LTD,45 PALMER ST,LOWELL,MA,01852-1834,42.63898,-71.321141,978-970-1607,7103.799999999995,55
966be4a9-4992-34d6-91c3-b94c2d670b60,PCP176803,48 N PLEASANT ST,AMHERST,MA,01002-1741,42.363534,-72.50729100000001,413-813-1515,3099.8399999999992,24
18c38d6b-dfa3-3a51-a9cc-b1100c3a791f,PCP177542,4 EDGERTON DR,NORTH FALMOUTH,MA,02556-2820,41.641994,-70.630719,,4908.079999999997,38
bfbf6f8b-bab3-3b25-bfd8-92393c2b22ea,PCP178309,168 MAIN ST,GREAT BARRINGTON,MA,01230-1618,42.221851,-73.333044,413-637-8921,4649.7599999999975,36
853eb1d0-bbb7-388b-9205-47db3d233bbb,PCP178387,100 CUMMINGS CTR,BEVERLY,MA,01915-6126,42.556659,-70.84496,978-750-1990,4908.079999999997,38
da3368de-5bfe-3b5b-881a-1b5d70a31e13,PCP178601,1183 MOHAWK TRL,SHELBURNE FALLS,MA,01370-9300,42.609509,-72.74698000000001,413-625-9267,2195.7200000000003,17
f3889d60-e191-383e-950d-cd066aa9780a,PCP179681,500 CONGRESS ST,QUINCY,MA,02169-0960,42.261006,-71.008988,617-472-3137,4003.959999999998,31
10ef939b-0257-3620-a3b4-4be0489c38b8,NE GASTRO LLC,1 GENERAL ST,LAWRENCE,MA,01841-2961,42.700272999999996,-71.161357,978-683-4000,2970.6799999999994,23
cca20645-6ff2-372f-9fb3-63842ea37716,PCP180302,71 MAIN ST,WESTMINSTER,MA,01473-1472,42.5546,-71.90544,978-660-2567,4649.7599999999975,36
82caa36c-22d9-30ba-845a-9d2b0195eed3,MANET COMMUNITY HEALTH CENTER INC.,110 W SQUANTUM ST,QUINCY,MA,02171-2122,42.261006,-71.008988,617-376-3000,3874.7999999999984,30
4fa341c0-f4cd-3d61-9216-d4e26bf3cf8d,PCP183126,1176 MEMORIAL DR,CHICOPEE,MA,01020-3958,42.175668,-72.572257,,7749.599999999994,60
f3e48571-0cfd-3542-8a63-02c8da9e0179,ANGELS NEUROLOGICAL CENTERS,536 WASHINGTON ST,ABINGTON,MA,02351-2465,42.119966999999995,-70.957211,781-870-3773,7362.119999999994,57
5adb7f36-ad03-3570-85ca-a9721666d77d,STEWARD ST. ELIZABETH'S MEDICAL CENTER OF BOSTON  INC.,1609 EGLIN ST,BEDFORD,MA,01731-2613,42.499295000000004,-71.281889,781-377-4740,3228.999999999999,25
2af22601-e642-38dd-b032-22e0947f6b1e,PCP187044,184 W MAIN ST,NORTON,MA,02766-1243,41.965340999999995,-71.18178,,3487.319999999999,27
8bbdccf9-6723-3ff8-bbcb-0fe28b4e7852,PCP190029,202 RUSSELL ST,WORCESTER,MA,01609-2265,42.269478,-71.807783,508-753-5554,6457.999999999995,50
ba027fe9-2f33-3ec6-ba18-91704b9ddf11,JOSE A L MONTEIRO MD PC,211 MILLIKEN BLVD,FALL RIVER,MA,02721-1604,41.725351,-71.094162,508-674-5200,11495.23999999999,89
cd7a60b5-1f68-3f40-b42c-38caebd8cda9,PCP191235,249 AYER RD,HARVARD,MA,01451-1133,42.504256,-71.588513,978-425-66663,3874.7999999999984,30
dd4489b0-55cf-3372-a699-59e9f7a6daa2,MANET COMMUNITY HEALTH CENTER INC.,180 GEORGE WASHINGTON BLVD,HULL,MA,02045-3069,42.340233000000005,-70.883301,781-925-4550,5553.8799999999965,43
cd300275-3f4d-3adb-98aa-4e5bba25be24,PCP191696,990 PARADISE RD,SWAMPSCOTT,MA,01907-1309,42.468059000000004,-70.89126,781-599-7802,7491.279999999994,58
c86b7ad7-1206-3593-bb85-e97376e02be8,PCP191840,85 S ST,WARE,MA,01082-1625,42.275462,-72.280158,,4391.439999999998,34
1c37868a-2383-3684-b5dd-a79501a443ad,PCP191859,4 GREENBRIAR DR,NORTH READING,MA,01864-3133,42.578222,-71.084398,978-664-4112,1420.7600000000002,11
0851e08f-10d9-34de-a8b0-b6fe1bc381f2,PCP192079,40 INDUSTRY RD,MARSTONS MILLS,MA,02648-1760,41.662727,-70.357208,,2454.04,19
983edc04-b8da-336c-942d-f9a6119e8d1d,PCP192853,230 ROUTE 149,MARSTONS MLS,MA,02648-1834,41.662727,-70.357208,508-428-36984,8912.039999999994,69
82d4fa72-7de1-364d-9773-5e9583a7c2bb,PCP193418,14 GROVE ST,ATHOL,MA,01331-2661,42.575924,-72.229618,978-249-8100,6974.639999999995,54
1eb446a7-1770-3d2c-9608-b14e4173c6c0,FCP  INC,360 MERRIMACK ST,LAWRENCE,MA,01843-1764,42.700272999999996,-71.161357,978-687-1617,8266.239999999994,64
ec09c2dd-fbae-3ddd-8692-8690e8511f84,MERRIMACK UROLOGY ASSOC  PC,31 VILLAGE SQ,CHELMSFORD,MA,01824-2712,42.597055,-71.3697,978-256-9507,1420.7600000000002,11
78a794f9-2015-33a9-a834-1e985bb8a711,GASTROINTESTINAL SPECIALISTS  LLC,511 W GROVE ST,MIDDLEBORO,MA,02346-1479,41.894223,-70.925689,508-821-4100,7232.959999999995,57
e3589374-6bee-3d87-9da7-41d467537ccc,HALLMARK IMAGING ASSOCIATES  PC,170 GOVERNORS AVE,MEDFORD,MA,02155-1643,42.423844,-71.10923100000001,781-306-6800,2712.3599999999997,21
15ccacfa-c75c-3900-b77e-72a1563433af,PIONEER VALLEY GASTROENTEROLOGY ASSOCIATES  PC,10 HOSPITAL DR,HOLYOKE,MA,01040-6603,42.211656,-72.642448,413-534-6033,11107.759999999991,86
8f36bc13-1f10-3a6e-ac00-7a0fd563c651,HALLMARK IMAGING ASSOCIATES  PC,41 MONTVALE AVE,STONEHAM,MA,02180-2429,42.474208000000004,-71.097665,781-224-5860,8653.719999999994,67
f780607a-a54e-3913-a5fc-2d43609f708c,PCP197932,91 MAIN ST,GREENFIELD,MA,01301-3248,42.614671,-72.597063,413-648-0008,5295.559999999997,41
0fa36c27-b511-3840-bbd8-346aaf0fc90d,PCP197998,3 WOODLAND RD,STONEHAM,MA,02180-1713,42.474208000000004,-71.097665,,7491.279999999994,58
2b885919-4acc-3dab-ab53-a34eeed9d99e,COMMUNITY HEALTHLINK INC,12 QUEEN ST,WORCESTER,MA,01610-2411,42.269478,-71.807783,508-860-1260,5683.039999999996,44
00d52ca3-f6cc-3ccf-b39e-7a0413a8606c,PCP200060,104 WHALON ST,FITCHBURG,MA,01420-7128,42.601977000000005,-71.81586999999999,978-342-1150,8007.919999999994,62
7afd6eee-3c9e-3bbb-8d14-2349a1024d76,NORTHEAST EYE CARE INC,503 BROADWAY,EVERETT,MA,02149-3603,42.405938,-71.054649,617-389-4800,4778.919999999997,37
5b2c12f7-f536-33e9-9bfe-763af81fb91b,VISION CARE SPECIALISTS  P.C.,30 TURNPIKE RD,SOUTHBOROUGH,MA,01772-2115,42.299625,-71.52842700000001,508-482-8558,5166.399999999997,40
324081f4-98c4-313a-8e97-c25d324af66e,CHARLES RIVER MEDICAL ASSOCIATES  PC,157 WASHINGTON ST,HUDSON,MA,01749-2765,42.389071,-71.545864,978-562-0564,6070.519999999996,47
f9f7b82f-872d-3150-96ba-be72158ad755,STANLEY STREET TREATMENT AND RESOURCES  INC,386 400 STANLEY ST,FALL RIVER,MA,02720-6009,41.725351,-71.094162,508-675-1054,4003.959999999998,31
3d1eef02-5dc9-34a8-b687-2530d5718eba,AUDIOLOGY SERVICES INC,90 CONCORD AVE,BELMONT,MA,02478-4046,42.395317,-71.180284,617-484-8700,2066.5600000000004,16
ce2168de-382d-394c-9d7d-ec48d197fbc9,INSTITUTE FOR HEALTH AND RECOVERY INC,349 BROADWAY,CAMBRIDGE,MA,02139-1715,42.376043,-71.11868,617-661-3991,1937.4000000000005,15
f68af84b-c433-34be-b600-90b4cf261987,PCP206850,6 N MAIN ST,UXBRIDGE,MA,01569-1871,42.061166,-71.643628,508-278-7070,4391.439999999998,34
91b9d9ea-bcb8-3e31-bac7-513802217e35,NEW ENGLAND COMMUNITY MEDICAL SERVICES PLLC,89 MORTON ST,ANDOVER,MA,01810-2036,42.648044,-71.161751,978-475-0944,6070.519999999996,47
78418eeb-8ad8-3bcd-bd57-e849974df2e2,PCP207753,664 NANTASKET AVE,HULL,MA,02045-2148,42.340233000000005,-70.883301,781-659-7937,6328.839999999996,49
69177af3-a156-3163-aff5-94422d64c4c4,KENNEDY BROTHERS P.T.,311 ARSENAL ST,WATERTOWN,MA,02472-2782,42.369451,-71.177925,617-924-5100,6845.479999999995,54
c4a4c0f3-4563-3bf8-9435-af51c60fab05,POST ACUTE CARE CLINICIANS LLC,1 S END BRIDGE CIR,AGAWAM,MA,01001-2020,42.064731,-72.653477,413-304-2501,4133.119999999998,32
cca891ea-bf18-3cae-bf2d-ab58433cf79c,PCP208986,76 BEDFORD ST,LEXINGTON,MA,02420-4685,42.445221999999994,-71.23001500000001,781-862-3195,2583.2,20
89e39a4c-dc46-38e2-8853-c3d2d5e21a4a,LYNN VEIN CLINIC LLC,121 BROAD ST,LYNN,MA,01901-1629,42.474862,-70.96218499999999,617-606-9187,5295.559999999997,41
d3c7fd37-7465-39ca-bceb-c855bedabd2c,PCP209281,2 CHAMBERLAIN AVE,WINTHROP,MA,02152-1011,42.375541,-70.970646,,3099.8399999999992,24
aca96659-0a9c-39ba-a5c0-61a81614cc15,PCP209616,110 N HILLSIDE RD,SOUTH DEERFIELD,MA,01373-9726,42.481395,-72.589793,413-695-8008,3745.6399999999985,29
833fe0b3-6706-36d6-9787-5054cba91df8,MERRIMACK VALLEY PODIATRY PC,1168 LAKEVIEW AVE,DRACUT,MA,01826-4744,42.679722999999996,-71.30068,978-957-9800,5424.719999999997,42
326cf4da-678f-3c88-b807-0231e99cca68,CHARLES RIVER MEDICAL ASSOCIATES  PC,20 HOMER AVE,ASHLAND,MA,01721-1752,42.257754999999996,-71.473526,508-881-5590,6199.679999999996,48
c3611255-dc0b-33fd-99e9-ffa40d2fa9e4,HOLY FAMILY INPATIENT SPECIALISTS PLLC,70 E ST,METHUEN,MA,01844-4597,42.742751,-71.178588,978-687-0156,5295.559999999997,41
9e996963-5786-37ce-8c42-3245bf8c20d2,PCP211958,148 CHESTNUT ST,NEEDHAM,MA,02492-2505,42.281593,-71.242414,,6587.159999999995,51
0982db2c-c422-3e3e-bbf5-fe4bdb5c7c67,PCP212787,20 SCHOOL ST,SOUTH DARTMOUTH,MA,02748-3815,41.661303,-70.937913,508-996-0602,7878.759999999994,61
5130de58-f582-3d17-a71a-da8f29418409,WESTFORD INTERNAL MEDICINE PC,133 LITTLETON RD,WESTFORD,MA,01886-3198,42.585541,-71.44025,978-577-1946,4133.119999999998,32
d498bae7-7b5a-39d3-bf49-6a76ec24b685,PRO SPORTS THERAPY INC,840 WINTER ST,WALTHAM,MA,02451-1433,42.388921,-71.24226800000001,781-487-9944,6845.479999999995,53
f2510b65-4c3b-33ec-8460-4cf01bbc811d,PCP217897,136 HIGH ST EXTENTION,LANCASTER,MA,01523,42.483569,-71.675585,,10203.639999999992,79
18764764-9e4e-3918-b397-3a622aa17d46,PCP217952,3 BESSOM ST,MARBLEHEAD,MA,01945-2372,42.495629,-70.83582,978-722-1965,4520.599999999998,35
efd34254-f154-3650-98d2-0d9b2b901149,PCP224176,237 WASHINGTON ST,MARBLEHEAD,MA,01945-3334,42.495629,-70.83582,,5295.559999999997,41
3aa2a8e9-6077-3036-abb0-f7aaea2457e0,BOSTON SPORTS MEDICINE AND RESEARCH INSTITUTE LLC,40 ALLIED DR,DEDHAM,MA,02026-6146,42.246871999999996,-71.179462,781-251-3535,3874.7999999999984,30
b895ee70-8bbc-375a-a2a5-181bb23cbb8c,NORTHEAST HEALTH SERVICES LLC,126 COVE ST,FALL RIVER,MA,02720-1306,41.725351,-71.094162,508-678-0041,5812.199999999996,45
e77c1b5c-f06d-3d7f-9afb-9f54b9a35728,PCP229838,471 S MAIN ST,BRADFORD,MA,01835-7247,42.782945,-71.087436,,8007.919999999994,62
5342f6b7-4ddb-3ca5-a12d-e4f4516a74af,PCP230103,1029 PLEASANT ST,BRIDGEWATER,MA,02324-2301,41.972376000000004,-70.978773,,3874.7999999999984,31
6040b2da-71a1-3d12-a777-427cbb929931,PCP231204,46 MAIN RD,MONTGOMERY,MA,01085-9522,42.220395,-72.834999,413-862-3400,4649.7599999999975,36
f09c8203-b96e-39be-bc4b-bcc8ae7cea9d,COMMUNITY PHYSICIANS ASSOC INC,100 HIGHLAND ST,MILTON,MA,02186-3881,42.241557,-71.082432,617-698-8585,3745.6399999999985,29
bd17bff3-1d58-32b3-b31d-22059f1eb91d,NORTH SHORE MEDICAL CENTER INC,55 HIGHLAND AVE,SALEM,MA,01970-2100,42.499248,-70.898204,978-741-1215,4262.279999999998,33
a441cbca-6d65-33ff-980c-d8e58235b7e5,PRIMA CARE PC,67 SLADE'S FERRY BOULEVARD,SOMERSET,MA,02726-1220,41.738479,-71.165065,508-676-3292,7491.279999999994,58
eba76dd9-fb5e-3add-a1de-9ef0ad3449cc,ARBOUR ELDER SERVICES  INC.,100 LEDGEWOOD PL,ROCKLAND,MA,02370-1075,42.129251000000004,-70.908736,781-871-6550,2970.6799999999994,23
a0d80415-491b-32dc-a1cf-8e2366d5d4a5,PCP239762,265 WINN ST,BURLINGTON,MA,01803-2632,42.503227,-71.201713,781-272-5484,4391.439999999998,34
7a862829-2f0a-38a6-a2ab-4e5635df8b6c,HRI CLINICS  INC.,55 ROBINWOOD AVE,JAMAICA PLAIN,MA,02130-2157,42.33196,-71.020173,617-390-1485,5295.559999999997,41
10f56447-54f8-392a-9613-db06a3d67ec2,ASSOCIATED PHYSICIANS OF HARVARD MEDICAL FACULTY PHYSICIANS AT BETH IS,199 REEDSDALE RD,MILTON,MA,02186-3926,42.241557,-71.082432,617-696-4600,2841.5199999999995,22
280c5cc7-631b-32ef-b9a6-4480c73ffa18,BAY STATE COMMUNITY SERVICES INC,32 COMMON ST,WALPOLE,MA,02081-2803,42.146285999999996,-71.255604,508-668-3223,5683.039999999996,45
495a2033-76f8-3913-8421-73ac96b8bb08,HARRINGTON MEMORIAL HOSPITAL  INC.,161 W MAIN ST,DUDLEY,MA,01571-3817,42.053778,-71.935075,508-943-2944,12270.19999999999,95
ceb0ea51-8bc9-3c5e-8666-7d2aecd0c904,MT AUBURN PROFESSIONAL SERVICES,330 MOUNT AUBURN ST,CAMBRIDGE,MA,02138-5502,42.376043,-71.11868,617-492-3400,5295.559999999997,41
9aac3fa5-1da2-3022-885d-fc8563869ace,MILTON CHIROPRACTIC AND REHABILITATION INC,1914 CENTRE ST,WEST ROXBURY,MA,02132-2535,42.33196,-71.020173,617-323-4377,4908.079999999997,38
395a9f52-1f2d-35cd-8cfe-35e2771f8921,PCP248432,567 CENTRAL ST,BOYLSTON,MA,01505-1523,42.355049,-71.716157,508-335-2452,8395.399999999994,65
2c3e08c1-dc5d-3940-975f-e93d1a03fa93,PEAK PHYSICAL THERAPY INC,10 NEW DRIFTWAY,SCITUATE,MA,02066-4546,42.205062,-70.74297800000001,781-378-2352,9945.319999999992,77
6b573f36-e8b3-3e47-af09-6eb93ec6509f,CLINICAL AND SUPPORT OPTIONS  INC,205 SCHOOL ST,GARDNER,MA,01440-2781,42.584206,-71.988737,978-632-9400,7491.279999999994,58
18362426-1324-35e6-a226-adccb56a7a36,PCP258407,98 S MAIN ST,MIDDLEBOROUGH,MA,02346-2123,41.878004,-70.86926700000001,508-947-2155,2712.3599999999997,21
0f6eba19-ad14-3643-895a-9c6b29d2ffc2,PRIMA CARE PC,289 PLEASANT ST,FALL RIVER,MA,02721-3005,41.725351,-71.094162,508-674-0600,10332.799999999992,80
8ebed475-c675-3116-acbc-12a6c8affb71,PCP262413,65 SPRINGFIELD RD,WESTFIELD,MA,01085-1855,42.138838,-72.755911,,2712.3599999999997,21
7b188f16-87dd-3967-9192-e9634bcd8842,AT CARE PLLC,2 REHAB WAY,WOBURN,MA,01801-6003,42.488769,-71.154438,781-935-5050,3745.6399999999985,29
70035cda-8ddb-3ec3-8ea6-776d22ca03e5,PCP267499,91 BLANCHARD RD,CAMBRIDGE,MA,02138-1004,42.376043,-71.11868,617-497-1088,3745.6399999999985,29
1d5285b5-fa55-34e2-928d-12dc63d518df,SOUTHCOAST PHYSICIANS GROUP  INC..,534 PROSPECT ST,FALL RIVER,MA,02720-5281,41.725351,-71.094162,508-973-7766,5037.239999999997,39
ffd1453d-bded-3045-8e11-0fd0a5ba4a6a,STEWARD MEDICAL GROUP  INC,531 FAUNCE CORNER RD,NORTH DARTMOUTH,MA,02747-1242,41.646686,-70.999158,508-996-3991,9945.319999999992,77
205ff720-49e4-332f-8a5f-6ca0fcfb4aa8,STEWARD ST. ANNE'S HOSPITAL CORPORATION,795 MIDDLE ST,FALL RIVER,MA,02721-1733,41.725351,-71.094162,508-235-5046,7491.279999999994,58
e243a3f6-f843-3088-8855-fa268ee5b583,UMASS MEMORIAL MEDICAL GROUP  INC.,201 HIGHLAND ST,CLINTON,MA,01510-1037,42.411887,-71.690005,978-368-3731,7491.279999999994,58
731e0f3a-075d-37ab-9ba7-fbf1ab2f45e9,THE GENERAL HOSPITAL CORPORATION,151 EVERETT AVE,CHELSEA,MA,02150-1812,42.396824,-71.031348,617-884-8300,4262.279999999998,33
5d25ed60-7162-384f-9598-45bcedf375b9,GREATER LAWRENCE FAMILY HEALTH CENTER INC,1 GENERAL ST,LAWRENCE,MA,01841-2961,42.700272999999996,-71.161357,978-683-0488,3874.7999999999984,30
e3b0abc7-c82b-37be-9432-f3efc410c4f4,CAP ANESTHESIA  PC,70 E ST,METHUEN,MA,01844-4597,42.742751,-71.178588,978-687-0156,4649.7599999999975,36
96fa3bc2-4c38-3120-a15f-28f5d80f9523,COASTAL MEDICAL ASSOCIATES,55 FOGG RD,WEYMOUTH,MA,02190-2432,42.206676,-70.94584499999998,781-792-4136,3616.4799999999987,28
a75a4008-fd5b-3248-ba76-3ffdbe2c9dd0,WINCHESTER PHYSICIAN ASSOCIATES INC,203 MAIN ST,NORTH READING,MA,01864-3103,42.578222,-71.084398,978-664-1990,5812.199999999996,45
5475349d-36a6-373b-a759-d44e31a43e30,PARTNERS COMMUNITY PHYSICIANS ORGANIZATION INC,500 MERRIMACK ST,LAWRENCE,MA,01843-1756,42.700272999999996,-71.161357,978-557-8900,9170.359999999993,71
ee96626f-de42-31e0-8e59-14fe9dd3c74c,TOTAL WELLNESS CENTERS  LLC,900 MEMORIAL AVE,WEST SPRINGFIELD,MA,01089-3557,42.125451,-72.649734,413-584-2173,7103.799999999995,55
fb0060aa-24f1-3bf1-ab6e-2b944b076c47,STEWARD MEDICAL GROUP  INC,10 FORBES RD,BRAINTREE,MA,02184-2622,42.205416,-71.00216800000003,781-884-6300,3616.4799999999987,28
cd701c57-ea1b-3b47-bb39-fd3533219a8e,NORTHEAST MEDICAL PRACTICE INC,60 GRANITE ST,LYNN,MA,01904-2915,42.474862,-70.96218499999999,978-816-2728,3874.7999999999984,30
feddabdb-499c-3f74-8095-fde19409b549,ATRIUS HEALTH INC,485 ARSENAL ST,WATERTOWN,MA,02472-5024,42.369451,-71.177925,617-972-5100,4391.439999999998,34
d7d965c6-deeb-39e1-ab10-a10a7b3d628f,CAMBRIDGE PUBLIC HEALTH COMMISSION,100 ELM ST,EVERETT,MA,02149-5128,42.405938,-71.054649,617-843-0700,4908.079999999997,38
3cf3e3a4-bf18-370f-84e7-40ace804742a,STEWARD MEDICAL GROUP  INC,11 NEVINS ST,BRIGHTON,MA,02135-3514,42.33196,-71.020173,617-779-6700,4133.119999999998,32
a6c98be1-f030-36ea-9d4a-a6a534fe6b2a,BAY STATE PHYSICAL THERAPY OF RANDOLPH PC,160 N MAIN ST,CARVER,MA,02330-1349,41.875178999999996,-70.74671500000001,508-866-1003,15886.679999999986,123
8a334beb-ae3e-3195-bc5d-1081ce20a547,UMASS MEMORIAL MEDICAL GROUP  INC.,24 JULIO DR,SHREWSBURY,MA,01545-3053,42.284766999999995,-71.714228,508-845-1436,4778.919999999997,37
819ad437-19fa-36e7-86f3-54cacd35989d,NANTUCKET COTTAGE HOSPITAL,57 PROSPECT ST,NANTUCKET,MA,02554-2799,41.293416,-70.10216899999999,508-825-8100,6845.479999999995,53
ca424203-bd79-3a84-bdb0-1144382a31f1,STEWARD MEDICAL GROUP  INC,324 MASSACHUSETTS AVE,LUNENBURG,MA,01462-1219,42.582607,-71.720464,978-582-4587,3358.159999999999,26
e58d2a2d-8cce-37cc-b230-9629c68fdc4f,CENTER FOR HUMAN DEVELOPMENT  INC.,622 STATE ST,SPRINGFIELD,MA,01109-4104,42.115454,-72.539978,413-654-1602,11236.919999999991,88
3fd6036c-9105-36f4-84ce-7ff9d103cac0,CD PRACTICE ASSOCIATES INC,234 RUSSELL ST,HADLEY,MA,01035-3534,42.356491,-72.568632,413-586-6020,4262.279999999998,33
39744cdb-46e5-398a-af3a-274673052e54,WINCHESTER PHYSICIAN ASSOCIATES INC,75 RIVERSIDE AVE,MEDFORD,MA,02155-4600,42.423844,-71.10923100000001,781-306-0200,1549.9200000000003,12
484e9394-37e1-3745-aa65-72ee013c649c,MEDICAL CARE OF BOSTON MANAGEMENT CORPORATION,32 S MAIN ST,RANDOLPH,MA,02368-4835,42.178993,-71.052654,781-986-8039,4778.919999999997,37
a7966727-f46d-3db2-9c7f-7eb7ef4a148b,THE COMMONWEALTH OF MASSACHUSETTS,165 QUINCY ST,BROCKTON,MA,02302-2988,42.082543,-71.024638,508-897-2000,8137.079999999994,63
4dba4389-0c82-3bbc-a8c0-ade3a492d401,ATRIUS HEALTH INC,500 CONGRESS ST,QUINCY,MA,02169-0927,42.261006,-71.008988,617-471-0033,3487.319999999999,27
334139b6-9e30-309f-be58-87aad511e15a,URGENT HELP CHELMSFORD PC,45 DRUM HILL RD,CHELMSFORD,MA,01824-1503,42.597055,-71.3697,978-446-7515,5037.239999999997,39
58cc9932-9185-3dfe-8b6a-832abe9fab9c,HARRINGTON PHYSICIAN SERVICES INC,340 THOMPSON RD,WEBSTER,MA,01570-1509,42.047075,-71.845805,508-943-5132,4908.079999999997,38
c1ed0829-ee84-3746-98c2-181289b064ff,BAY STATE PHYSICAL THERAPY OF RANDOLPH PC,87 PLEASANT VALLEY ST,METHUEN,MA,01844-7202,42.742751,-71.178588,978-965-6002,8782.879999999994,68
8b2f7ccc-febf-3303-9dfb-05bf64d92f16,STEWARD MEDICAL GROUP  INC,562 WASHINGTON ST,S ATTLEBORO,MA,02703-6942,41.931653,-71.294503,800-488-5959,3745.6399999999985,29
2e147831-e035-37bb-a244-ad56ebe43b95,PCP296035,2 NARROWS RD,WESTMINSTER,MA,01473-1619,42.5546,-71.90544,978-874-2662,10203.639999999992,79
eaecc8bf-2af6-3093-9082-26745a248f0e,WINCHESTER PHYSICIAN ASSOCIATES INC,2345 MAIN ST,TEWKSBURY,MA,01876-3125,42.612088,-71.227845,978-658-9931,3616.4799999999987,28
3906d00b-6b94-3069-b28e-ff319e28c98b,MERCY MEDICAL GROUP INC,98 SHAKER RD,EAST LONGMEADOW,MA,01028-2731,42.062378,-72.498111,413-525-1554,3358.159999999999,26
0b9f3f7c-8ab6-30a5-b3ae-4dc0e0c00cb3,RIVERBEND MEDICAL GROUP INC,1109 GRANBY RD,CHICOPEE,MA,01020-1568,42.175668,-72.572257,413-523-0999,4391.439999999998,34
83284578-12e5-3582-bfe1-7807e3f7a212,PCP297713,0 GOVERNORS AVE,MEDFORD,MA,02155-3084,42.423844,-71.10923100000001,,5812.199999999996,45
82aad3c0-ee73-3900-bde2-4e6573fdaa5b,MEDICAL CARE OF BOSTON MANAGEMENT CORPORATION,88 WHARF ST,MILTON,MA,02186-3429,42.241557,-71.082432,617-696-7601,2712.3599999999997,21
19576db2-b965-39d8-bca4-1dc304964915,WEST CENTRAL FAMILY AND COUNSELING  LTD,103 MYRON ST,WEST SPRINGFIELD,MA,01089-1485,42.125451,-72.649734,413-592-1980,4391.439999999998,34
4a0ced78-ddc4-3ee6-bfd8-2145ade2326a,HALLMARK HEALTH MEDICAL ASSOCIATES INC,300 WINTHROP ST,MEDFORD,MA,02155-2311,42.423844,-71.10923100000001,978-395-4400,7491.279999999994,58
9e4fd3b4-7a24-3a9d-b8b4-2d7ca4144024,PLEXUS ANESTHESIA SERVICES OF MASSACHUSETTS PC,535 FAUNCE CORNER RD,DARTMOUTH,MA,02747-1242,41.56651,-70.958229,508-996-3991,11624.39999999999,90
7dcb5cb6-5c36-3c80-9e8c-eca5319ee530,RIVERSIDE COMMUNITY CARE INC,78 COLLEGE AVE,SOMERVILLE,MA,02144-1916,42.390445,-71.101033,617-623-5487,3616.4799999999987,28
aba8963a-6ee6-3f10-8d9f-16fe178e2ef3,CAREWELL URGENT CARE CENTERS OF MA  PC,510 BOSTON RD,BILLERICA,MA,01821-2811,42.559673,-71.260947,978-362-2443,2712.3599999999997,21
12dafd90-8c30-3c76-a9ae-f0272596d49a,SIGNATURE HEALTHCARE MEDICAL GROUP INC,1215 BROADWAY,RAYNHAM,MA,02767-1942,41.930477,-71.046214,508-894-0400,2583.2,20
f66dc930-9afa-3994-8676-0c23f1d3d7a3,STEWARD MEDICAL GROUP  INC,18 MAIN ST HARBOR VLG,TOWNSEND,MA,01469-1300,42.66495,-71.712025,978-597-9091,4520.599999999998,35
5288284a-64b0-30ed-9b49-6b7abcb364f4,WINCHESTER PHYSICIAN ASSOCIATES INC,500 SALEM ST,WILMINGTON,MA,01887-1200,42.564646999999994,-71.164516,978-988-6000,1808.2400000000005,14
33cb4cc6-4ebd-3b29-9cbf-1f2fefe5c39a,NEWTON WELLESLEY AMBULATORY SERVICES  INC,2000 WASHINGTON ST,NEWTON,MA,02462-1650,42.331876,-71.208402,617-243-3724,3616.4799999999987,28
2c3ab661-ba5f-376e-bd5b-b7ebd67fe5b6,MASS OPTOMETRIC ASSOCIATES  PLLC,700 BOSTON RD,BILLERICA,MA,01821-5394,42.559673,-71.260947,978-667-0481,1549.9200000000003,12
7ddfcec9-7025-3e79-8cba-c7a1ffea9524,MINUTECLINIC DIAGNOSTIC OF MASSACHUSETTS  LLC,189 SUMMER ST,KINGSTON,MA,02364-1247,41.987196000000004,-70.74194200000001,866-389-2727,3616.4799999999987,28
dc8afab7-7f19-3b7c-9762-723bc420cca7,PSYCHOLOGICAL CARE ASSOCIATES  P.C.,321 BILLERICA RD,CHELMSFORD,MA,01824-4100,42.597055,-71.3697,781-646-0500,5424.719999999997,42
2fbaab4d-bd19-37e0-a3b6-0493955ccdbb,SIGNATURE HEALTHCARE MEDICAL GROUP INC,505 BEDFORD ST,BRIDGEWATER,MA,02324-3117,41.972376000000004,-70.978773,508-697-8666,3745.6399999999985,29
51373f2a-2219-3391-8664-4978665c2546,STEWARD MEDICAL GROUP  INC,673 BEDFORD ST,ABINGTON,MA,02351-1921,42.119966999999995,-70.957211,781-878-1903,1937.4000000000005,16
309b9155-1832-3aa2-9bc2-e6047060c36c,UMASS MEMORIAL MEDICAL GROUP  INC.,326 NICHOLS RD,FITCHBURG,MA,01420-5140,42.601977000000005,-71.81586999999999,978-343-5270,2324.88,18
a74a9d9d-093c-350b-8ad4-4092eb6d29f7,RIVER VALLEY COUNSELING CENTER INC,259 EXCHANGE ST,CHICOPEE,MA,01013-1679,42.175668,-72.572257,413-594-2141,3616.4799999999987,28
ff9429f5-1db4-3072-9ea3-81ec0e87dd51,NORTH SHORE PHYSICIANS GROUP INC,331 HIGHLAND AVE,SALEM,MA,01970-7006,42.499248,-70.898204,978-745-1200,3487.319999999999,27
e00167a5-2d29-3c79-ba45-54e88c734a92,UMASS MEMORIAL MEDICAL GROUP  INC.,242 WOODLAND ST,WEST BOYLSTON,MA,01583-1670,42.369417,-71.785036,508-835-6221,4649.7599999999975,36
981ca212-36cc-38b0-bc6c-4111a5e04f87,BAY STATE PHYSICAL THERAPY OF RANDOLPH PC,141 LONGWATER DR,NORWELL,MA,02061-1620,42.164569,-70.818844,339-788-9202,4908.079999999997,38
932c442e-adef-3f04-864d-da9baa79d747,STURDY MEMORIAL ASSOCIATES  INC.,74 TAUNTON ST,PLAINVILLE,MA,02762-2166,42.012797,-71.336578,508-699-7015,2712.3599999999997,21
72568164-e33b-395e-b75a-8d71a71d5d8a,PCP312861,175 REVERE ST,CANTON,MA,02021-2960,42.175737,-71.125385,781-821-3616,5424.719999999997,42
5d65df13-4eeb-35e5-8e62-f25af84973ae,PCP314077,147 S MAIN ST,MIDDLETON,MA,01949-2446,42.610513,-71.007118,978-774-2800,5683.039999999996,44
27a6633a-af3b-3414-902a-eb6f06cc7338,NORTH SHORE PHYSICIANS GROUP INC,1069 BROADWAY RTE 1,SAUGUS,MA,01906-3210,42.468432,-71.01394599999999,781-233-1450,3616.4799999999987,28
b8e926d3-93fe-3118-ae14-604751bfa993,MEDICAL CARE OF BOSTON MANAGEMENT CORPORATION,1000 BROADWAY,CHELSEA,MA,02150-2247,42.396824,-71.031348,617-660-6700,14595.079999999987,113
14987434-9448-35cc-875c-947d69bc538c,JORDAN PHYSICIAN ASSOCIATES INC.,110 LONG POND RD,PLYMOUTH,MA,02360-2642,41.897892,-70.62403,,3616.4799999999987,28
efb4c0f9-b912-3064-b5a3-bb61a6be51c8,WINCHESTER PHYSICIAN ASSOCIATES INC,100 ANDOVER BYPASS ST,NORTH ANDOVER,MA,01845-5820,42.673909,-71.091334,978-688-9979,11882.71999999999,92
85ea1c09-d011-3a2c-97d0-83b2453a5fc3,SOUTHCOAST PHYSICIANS GROUP  INC..,37 COMMERCE WAY,SEEKONK,MA,02771-5816,41.839797999999995,-71.31804699999999,508-336-6181,5166.399999999997,40
4f88ae43-bfeb-369c-b66c-1c58d6d7aa73,URGENT CARE MEDICAL ASSOCIATES  LLC,4110 MYSTIC VALLEY PKWY,MEDFORD,MA,02155-6916,42.423844,-71.10923100000001,781-874-9399,3874.7999999999984,30
b6a85ed2-037a-3c4e-b3dc-237ed84c180a,PCP320664,124 WASHINGTON ST,NORWELL,MA,02061-1731,42.164569,-70.818844,781-561-9161,2195.7200000000003,17
f7e424ae-2c24-3b76-8e76-0d1e23f86fe4,ATRIUS HEALTH INC,291 INDEPENDENCE DR,WEST ROXBURY,MA,02467-3628,42.331876,-71.208402,617-325-2800,12141.03999999999,94
bf6452a6-581b-36af-8765-f3b5ee73c0a2,PCP322001,441 MAIN ST,MELROSE,MA,02176-3859,42.455723,-71.05901899999999,,4908.079999999997,38
42bf0f08-0398-3c37-9860-fb4f8ccdd002,SOUTHCOAST PHYSICIANS GROUP  INC..,1030 PRESIDENT AVE,FALL RIVER,MA,02720-5923,41.725351,-71.094162,508-973-9650,6457.999999999995,50
ead75f52-c895-3806-a1ba-e388cd3505ec,TOTAL WELLNESS CENTERS  LLC,170 MAIN ST,TEWKSBURY,MA,01876-1765,42.612088,-71.227845,781-348-9041,5812.199999999996,45
50645d25-050b-34d1-958a-0d09cee19e84,PCP323838,555 WASHINGTON ST,WELLESLEY,MA,02482-5996,42.305932,-71.282917,,3745.6399999999985,29
c367410d-28ae-343f-8a79-55b6d6da8d14,SAINT VINCENT PHYSICIAN SERVICES INC,104 LEOMINSTER RD,STERLING,MA,01564-2114,42.447924,-71.776045,978-422-7774,3228.999999999999,25
0d3b12c1-5d12-3d76-a84d-9b3aabc22505,UMASS MEMORIAL MEDICAL GROUP  INC.,369 MAIN ST,SPENCER,MA,01562-1900,42.247211,-71.991867,508-885-3922,8137.079999999994,63
1419a288-9e0f-3d8f-a4e1-3e705f7cbe45,CARL GUSTAFSON LLC,30 GREAT RD,ACTON,MA,01720-5684,42.483953,-71.43849499999999,978-287-6170,4778.919999999997,37
670a7f4f-973c-3cc6-89ea-1e7500163abb,PCP325474,451 ANDOVER ST,NORTH ANDOVER,MA,01845-5069,42.673909,-71.091334,,4520.599999999998,35
e018dd7a-71fe-3d35-9ad9-1aa56beb1ddb,MASSACHUSETTS EYE AND EAR ASSOCIATES  INC,20 TREMONT ST,DUXBURY,MA,02332-5315,42.044307,-70.70604499999999,781-337-3424,15499.199999999986,120
0add8651-1420-309a-9e21-9e58ee3eb366,PRATT OPHTHALMOLOGY ASSOCIATES  INC,181 CONCORD ST,FRAMINGHAM,MA,01702-8305,42.307905,-71.436196,508-879-3204,7362.119999999994,57
37c197b5-110f-339b-942e-272137f770b2,CD PRACTICE ASSOCIATES INC,14 WILLIAMS ST,WILLIAMSBURG,MA,01096-9427,42.405414,-72.726043,413-268-3616,3874.7999999999984,30
cc017777-8cdb-3c21-bc4d-083ff908c27c,PCP330928,100 HIGHLAND ST,MILTON,MA,02186-3877,42.241557,-71.082432,,1937.4000000000005,16
ea89664d-bd55-326d-bc48-c229547edb67,MASSACHUSETTS EYE AND EAR ASSOCIATES  INC,30 MAN MAR DR,PLAINVILLE,MA,02762-2271,42.012797,-71.336578,508-695-9550,12141.03999999999,94
7d1c18d6-348c-38ad-9f85-80b26317abf3,STEWARD MEDICAL GROUP  INC,146 HUDSON RD,BOLTON,MA,01740-1444,42.439941,-71.601879,978-391-5054,5941.359999999996,46
0964706a-e1ec-397c-bd9b-57aaa12b8cbd,RIVER VALLEY COUNSELING CENTER INC,152 CTR ST,CHICOPEE,MA,01013-1611,42.175668,-72.572257,413-540-1214,3616.4799999999987,28
edbd8ad9-b4f1-3b38-bda0-4898d6510e32,PCP332848,55 FOGG RD,SOUTH WEYMOUTH,MA,02190-2432,42.206676,-70.94584499999998,617-696-4600,3616.4799999999987,28
36c99c70-bd96-3102-962a-dfcc061c9cef,PERFORMANCE REHABILITATION OF WESTERN NEW ENGLAND LLC,124 BROADWAY,SAUGUS,MA,01906-1094,42.468432,-71.01394599999999,,4262.279999999998,33
026c50a6-0d72-3be8-8157-cba23644b34b,SOUTHCOAST PHYSICIANS GROUP  INC..,100 ROSEBROOK WAY,WAREHAM,MA,02571-1138,41.76104,-70.701779,,4520.599999999998,35
036d8d84-4142-3f35-b701-c434a412818e,PCP338706,7 FEDERAL ST,DANVERS,MA,01923-3620,42.574174,-70.95051600000001,978-774-2628,7232.959999999995,56
e6188bb8-3630-3704-98ce-c6c94fbfd55a,PCP339907,711 W CTR ST,WEST BRIDGEWATER,MA,02379,42.021617,-71.026717,,6974.639999999995,54
4345b93e-208b-3810-b2b5-25c9f00a2cfe,PCP339999,4499 ACUSHNET AVE,NEW BEDFORD,MA,02745-4707,41.661303000000004,-70.937913,508-995-6900,6716.319999999995,52
aee9e5c4-d841-3623-90c2-9e2129fca0dc,HALLMARK HEALTH MEDICAL ASSOCIATES INC,52 CREST AVE,WINTHROP,MA,02152-1058,42.375541,-70.970646,617-846-8622,3874.7999999999984,30
e6adb884-b133-331f-8973-5298bd494bc8,SOUTH BAY MENTAL HEALTH CENTER  INC.,70 EVERETT AVE,CHELSEA,MA,02150-2363,42.396824,-71.031348,617-466-6650,3487.319999999999,27
fa31d91f-dde4-37b5-a43f-df7c7c67c960,MEDICAL CARE OF BOSTON MANAGEMENT CORPORATION,201 CAPTAINS ROW,CHELSEA,MA,02150-4068,42.396824,-71.031348,617-887-0829,9299.519999999993,72
0b52b5ed-6a80-3379-9eef-b12b3fb0f2b6,MINUTECLINIC DIAGNOSTIC OF MASSACHUSETTS  LLC,414 UNION ST,ASHLAND,MA,01721-2154,42.257754999999996,-71.473526,866-389-2727,6457.999999999995,50
f171850e-54c7-30a0-8d81-83648c2eb827,PCP343758,999 N MAIN ST,RANDOLPH,MA,02368-3072,42.178993,-71.052654,,8524.559999999994,66
c2751801-8047-30ce-ba9b-72afebaae76a,UROLOGY CONSULTANTS OF NS,1 WALLACE BASHAW JR WAY,NEWBURYPORT,MA,01950,42.812358,-70.89109499999998,978-997-1400,4649.7599999999975,36
5cf9fbc4-dcab-3a58-919e-31a575e4e2a4,HARVARD MEDICAL FACULTY PHYS AT BETH ISRAEL DEACONESS MED CTR  INC.,148 CHESTNUT ST,NEEDHAM,MA,02492-2505,42.281593,-71.242414,781-453-3000,4133.119999999998,32
49ec81f5-c936-3ba2-a8c0-b4213cd53d6e,NORTHEAST MEDICAL PRACTICE INC,480 MAPLE ST,DANVERS,MA,01923-4065,42.574174,-70.95051600000001,978-304-8451,2712.3599999999997,21
9c7a30f5-38bf-35d1-8247-90f210f5c8fb,BAYSTATE MEDICAL PRACTICES INC,2 MEDICAL CTR DR,SPRINGFIELD,MA,01107-1270,42.115454,-72.539978,413-794-5363,6587.159999999995,51
b8a5d17a-9e63-39df-b8dc-c388ea3feada,MEDICAL CARE OF BOSTON MANAGEMENT CORPORATION,865 CENTRAL AVE,NEEDHAM,MA,02492-1316,42.281593,-71.242414,781-433-6599,1808.2400000000005,14
28ae43fa-87ce-3e93-9ecb-24b549b51f84,MINUTECLINIC DIAGNOSTIC OF MASSACHUSETTS  LLC,234 WASHINGTON ST,HUDSON,MA,01749-3735,42.389071,-71.545864,866-389-2727,4003.959999999998,31
bc21392f-d5a9-39bc-a847-7d523222bccc,MINUTECLINIC DIAGNOSTIC OF MASSACHUSETTS  LLC,80 MARKET ST,ROCKLAND,MA,02370-2602,42.129251000000004,-70.908736,866-389-2727,3099.8399999999992,24
551732c0-2aa2-3a8f-a9b0-8543e015e832,BERKSHIRE FACULTY SERVICES INC,2 PARK ST,ADAMS,MA,01220-2032,42.62556,-73.119828,413-743-1263,5166.399999999997,40
a1e8734c-06b1-3295-a24e-5875b3b47d11,PCP350774,1996 CENTRE ST,WEST ROXBURY,MA,02132-3329,42.33196,-71.020173,,6587.159999999995,51
fe9376c8-42e6-30f6-b978-ea27290beed4,PCP353387,81 DANA ST,CAMBRIDGE,MA,02138-4310,42.376043,-71.11868,617-547-5872,4133.119999999998,32
33f56fac-880e-3f10-928b-582c7d1f92bc,STEWARD MEDICAL GROUP  INC,2991 CRANBERRY HWY,EAST WAREHAM,MA,02538-1354,41.793699,-70.638745,508-996-3991,5683.039999999996,44
9fb8c6bc-bd85-34d7-84e6-d453d76bef64,PCP356252,240 PLEASANT ST,METHUEN,MA,01844-7134,42.742751,-71.178588,978-689-9800,7491.279999999994,58
41de2a8d-e489-3b63-962e-de05066127d3,MEDICAL CARE OF BOSTON MANAGEMENT CORPORATION,63 PARKER HILL AVE,ROXBURY CROSSING,MA,02120-3218,42.33196,-71.020173,617-975-0110,4778.919999999997,37
a3bd35b0-568f-3e91-bbb5-e863866e4272,PERFORMANCE REHABILITATION OF WESTERN NEW ENGLAND LLC,483 HOLYOKE ST,LUDLOW,MA,01056-1934,42.183577,-72.457812,413-333-5800,5424.719999999997,42
1156a46e-00c6-3467-ad61-7f618fb6c77d,STEWARD MEDICAL GROUP  INC,497 MAIN ST,GROTON,MA,01450-1298,42.61176,-71.565269,978-449-0471,3874.7999999999984,30
52a30b57-1660-3c8c-9f4d-5a38305ee506,THE COMMONWEALTH OF MASSACHUSETTS,830 COUNTY RD,POCASSET,MA,02559-2198,41.688804,-70.639267,508-564-9600,6716.319999999995,52
c44b7b0e-99a8-388a-bea1-90af3041c16b,BAYSTATE MEDICAL PRACTICES INC,164 HIGH ST,GREENFIELD,MA,01301-2613,42.614671,-72.597063,413-794-2273,3745.6399999999985,29
a0a14713-50c4-3818-b0cb-8c2047f1458c,BAY STATE PHYSICAL THERAPY OF RANDOLPH PC,7 HERRING POND RD,CEDARVILLE,MA,02360-6903,41.888191,-70.59996600000002,508-833-5180,13432.639999999989,104
