Id,NAME,ADDRESS,CITY,STATE_HEADQUARTERED,ZIP,PHONE,AMOUNT_COVERED,AMOUNT_UNCOVERED,REVENUE,COVERED_ENCOUNTERS,UNCOVERED_ENCOUNTERS,COVERED_MEDICATIONS,UNCOVERED_MEDICATIONS,COVERED_PROCEDURES,UNCOVERED_PROCEDURES,COVERED_IMMUNIZATIONS,UNCOVERED_IMMUNIZATIONS,UNIQUE_CUSTOMERS,QOLS_AVG,MEMBER_MONTHS
b3221cfc-24fb-339e-823d-bc4136cbc4ed,Dual Eligible,7500 Security Blvd,Baltimore,MD,21244,1-877-267-2323,39735.21,16450.68,1732500.00,284,0,5,0,63,0,314,0,17,0.5563875158915755,4152
7caa7254-5050-3b5e-9eae-bd5ea30e809c,Medicare,7500 Security Blvd,Baltimore,MD,21244,1-800-633-4227,183172.73,15198.19,2960000.00,1005,0,30,0,155,0,1162,0,78,0.9008558618316868,12288
7c4411ce-02f1-39b5-b9ec-dfbea9ad3c1a,Medicaid,7500 Security Blvd,Baltimore,MD,21244,1-877-267-2323,199974.64,104069.46,7457750.00,2284,0,7,0,8,0,2527,0,62,0.8528687936869637,31248
d47b3510-2895-3b70-9897-342d681c769d,Humana,500 West Main St,Louisville,KY,40018,1-844-330-7799,192335.68,149680.00,57024800.00,2648,0,0,18,17,0,3244,0,79,0.9490786473849858,33864
6e2f1a2d-27bd-3701-8d08-dae202c58632,Blue Cross Blue Shield,Michigan Plaza,Chicago,IL,60007,1-800-262-2583,175546.27,113887.02,47624400.00,2073,0,26,0,46,0,2530,0,59,0.9657507059481618,26712
5059a55e-5d6e-34d1-b6cb-d83d16e57bcf,UnitedHealthcare,9800 Healthcare Lane,Minnetonka,MN,55436,1-888-545-5205,211403.76,135520.00,63701300.00,2686,0,0,19,30,0,3317,0,81,0.97328267914597,33816
4d71f845-a6a9-3c39-b242-14d25ef86a8d,Aetna,151 Farmington Ave,Hartford,CT,6156,1-800-872-3862,235217.12,127335.00,70114000.00,2807,0,0,23,30,0,3552,0,84,0.9530544599125832,35388
047f6ec3-6215-35eb-9608-f9dda363a44c,Cigna Health,900 Cottage Grove Rd,Bloomfield,CT,6002,1-800-997-1654,243591.36,117540.00,72567600.00,2796,0,0,32,41,0,3460,0,82,0.9477149079543303,34920
42c4fca7-f8a9-3cd1-982a-dd9751bf3e2a,Anthem,220 Virginia Ave,Indianapolis,IN,46204,1-800-331-1476,161482.56,79530.00,54166200.00,1866,17,0,25,0,19,2159,0,50,0.9111987106832062,24768
b1c428d6-4f07-31e0-90f0-68ffa6ff8c76,NO_INSURANCE,,,,,,0.00,309732.39,0.00,0,1521,0,8,0,37,0,1758,42,1.2635627050858387,18264
