PATIENT,START_YEAR,END_YEAR,PAYER,OWNERSHIP
14651d81-bb6c-757b-37d6-9aea4421c1a9,1994,2012,047f6ec3-6215-35eb-9608-f9dda363a44c,Guardian
be3d2503-38aa-0836-44ce-0ddb006a3c5d,1995,2013,42c4fca7-f8a9-3cd1-982a-dd9751bf3e2a,Guardian
e214ec0c-8b0d-67a8-f598-13e4af2a98ce,1958,1958,7c4411ce-02f1-39b5-b9ec-dfbea9ad3c1a,Self
cb91c278-7c90-1cae-3b43-f5082d9f6ece,1977,1995,5059a55e-5d6e-34d1-b6cb-d83d16e57bcf,Guardian
768af43e-4292-1902-530f-d42fb4141818,2000,2018,d47b3510-2895-3b70-9897-342d681c769d,Guardian
67545fe6-6540-9965-6454-bae8cf6f8142,1966,1984,42c4fca7-f8a9-3cd1-982a-dd9751bf3e2a,Guardian
df713c7e-47c8-0c87-c0c2-df1802f3b847,1938,1956,047f6ec3-6215-35eb-9608-f9dda363a44c,Guardian
df713c7e-47c8-0c87-c0c2-df1802f3b847,1957,2003,7caa7254-5050-3b5e-9eae-bd5ea30e809c,Self
f852be14-d93a-159a-dfcb-59631e4f8aa4,1946,1946,7c4411ce-02f1-39b5-b9ec-dfbea9ad3c1a,Self
f852be14-d93a-159a-dfcb-59631e4f8aa4,1947,2011,b3221cfc-24fb-339e-823d-bc4136cbc4ed,Self
82257e11-3837-f77e-3ea2-56ac99a47eed,1992,2010,5059a55e-5d6e-34d1-b6cb-d83d16e57bcf,Guardian
7512af36-6bfd-d9d2-518d-8e76d8114a6f,1964,1982,4d71f845-a6a9-3c39-b242-14d25ef86a8d,Guardian
04a27ed0-882d-7c6f-e444-b9daf884ba73,1993,2011,6e2f1a2d-27bd-3701-8d08-dae202c58632,Guardian
ac17e337-8253-7570-9886-78b6aaf56e1d,1945,1963,4d71f845-a6a9-3c39-b242-14d25ef86a8d,Guardian
ac17e337-8253-7570-9886-78b6aaf56e1d,1964,2010,7caa7254-5050-3b5e-9eae-bd5ea30e809c,Self
eea26f1d-6933-6a4c-4d68-cb14a8531295,1949,1949,7c4411ce-02f1-39b5-b9ec-dfbea9ad3c1a,Self
eea26f1d-6933-6a4c-4d68-cb14a8531295,1950,2014,b3221cfc-24fb-339e-823d-bc4136cbc4ed,Self
b69b6b73-6e4f-173b-13e7-e9d5f8d0d023,1949,1967,047f6ec3-6215-35eb-9608-f9dda363a44c,Guardian
b69b6b73-6e4f-173b-13e7-e9d5f8d0d023,1968,2014,7caa7254-5050-3b5e-9eae-bd5ea30e809c,Self
e9baa9cd-ac84-eca0-057e-afb3485715b2,1940,1958,5059a55e-5d6e-34d1-b6cb-d83d16e57bcf,Guardian
e9baa9cd-ac84-eca0-057e-afb3485715b2,1959,2005,7caa7254-5050-3b5e-9eae-bd5ea30e809c,Self
ac0c626d-83c0-6b2a-274d-017d9a789ef0,1988,2006,4d71f845-a6a9-3c39-b242-14d25ef86a8d,Guardian
2d4fd5ac-d678-c14d-765b-58e5763919dd,1972,1990,6e2f1a2d-27bd-3701-8d08-dae202c58632,Guardian
f29fe7b4-13b4-ef5d-652d-771be1428d1b,1994,2012,42c4fca7-f8a9-3cd1-982a-dd9751bf3e2a,Guardian
b53deedd-c22b-10e3-9929-6a18f2e2040c,1984,1984,b1c428d6-4f07-31e0-90f0-68ffa6ff8c76,
5f23ef40-0bda-364a-9bf6-4496d1f48c38,1961,1979,5059a55e-5d6e-34d1-b6cb-d83d16e57bcf,Guardian
5f23ef40-0bda-364a-9bf6-4496d1f48c38,1980,1998,5059a55e-5d6e-34d1-b6cb-d83d16e57bcf,Self
59f2afdb-9b8e-28c9-fd50-c9bd7949d226,1994,2012,047f6ec3-6215-35eb-9608-f9dda363a44c,Guardian
7014e25c-29fd-aa69-0089-d6c05bdd6f6f,1965,1983,6e2f1a2d-27bd-3701-8d08-dae202c58632,Guardian
5043f7c6-4ad4-9bf8-3262-75dcb067dde8,1964,1982,d47b3510-2895-3b70-9897-342d681c769d,Guardian
da3f3035-7aed-637d-f43e-98840b9d7963,2012,2012,7c4411ce-02f1-39b5-b9ec-dfbea9ad3c1a,Self
c7c73816-17af-652e-5703-ec1b9d2546ca,1988,2006,5059a55e-5d6e-34d1-b6cb-d83d16e57bcf,Guardian
e5661309-a2b7-3824-214f-4892ba6349bb,2002,2020,047f6ec3-6215-35eb-9608-f9dda363a44c,Guardian
ba0e6718-cb60-7ac0-05b8-186d4a796e67,2018,2018,b1c428d6-4f07-31e0-90f0-68ffa6ff8c76,
4b19cc2b-1f10-c6ee-57be-31f8a419b769,2012,2012,b1c428d6-4f07-31e0-90f0-68ffa6ff8c76,
60d0809c-748d-3db3-1c42-a043cefbc386,1983,2001,5059a55e-5d6e-34d1-b6cb-d83d16e57bcf,Guardian
f2c3e2d9-4d8b-ce98-7d8b-804efdc26be1,1942,1960,6e2f1a2d-27bd-3701-8d08-dae202c58632,Guardian
f2c3e2d9-4d8b-ce98-7d8b-804efdc26be1,1961,2007,7caa7254-5050-3b5e-9eae-bd5ea30e809c,Self
f825c7e6-3cd3-c394-cdb0-c9f4dd35e216,1961,1979,6e2f1a2d-27bd-3701-8d08-dae202c58632,Guardian
b174bffa-cd2c-e1e2-5e35-26180b6a9144,1972,1990,6e2f1a2d-27bd-3701-8d08-dae202c58632,Guardian
fa0a5b8a-419a-bfc0-001e-fae9f25a2b27,1995,2013,6e2f1a2d-27bd-3701-8d08-dae202c58632,Guardian
6ae10180-59e0-a2a5-305e-bd65249a0255,1975,1993,5059a55e-5d6e-34d1-b6cb-d83d16e57bcf,Guardian
334a2cf2-6485-cd7d-eef3-2fc7f6b60c11,1954,1972,5059a55e-5d6e-34d1-b6cb-d83d16e57bcf,Guardian
334a2cf2-6485-cd7d-eef3-2fc7f6b60c11,1973,2019,7caa7254-5050-3b5e-9eae-bd5ea30e809c,Self
555445b8-d31f-5d78-ea92-a24e2fcf40dd,1967,1967,b1c428d6-4f07-31e0-90f0-68ffa6ff8c76,
a367dc2a-888f-6c02-f08f-797ec86eecbd,1986,1986,b1c428d6-4f07-31e0-90f0-68ffa6ff8c76,
cd1816b8-35ae-b0fd-07e6-ab2aeb8cab32,1967,1967,b1c428d6-4f07-31e0-90f0-68ffa6ff8c76,
0c5feab4-d5e3-035e-2f12-ecec250666f0,1963,1981,42c4fca7-f8a9-3cd1-982a-dd9751bf3e2a,Guardian
13b2e33a-fe9c-aae3-3058-ce226ead8515,1973,1991,42c4fca7-f8a9-3cd1-982a-dd9751bf3e2a,Guardian
a1444d01-9f70-d837-cc13-f6a6fc83e055,1986,2004,047f6ec3-6215-35eb-9608-f9dda363a44c,Guardian
df3e88d6-ff49-6d7f-4bec-19b440a94d6c,2000,2018,4d71f845-a6a9-3c39-b242-14d25ef86a8d,Guardian
147b252b-99b7-df67-5454-c32a05242b2d,1972,1990,6e2f1a2d-27bd-3701-8d08-dae202c58632,Guardian
ec05dda3-8bdc-527f-e317-32e9919be05a,1985,1985,b1c428d6-4f07-31e0-90f0-68ffa6ff8c76,
ec05dda3-8bdc-527f-e317-32e9919be05a,1986,2020,7c4411ce-02f1-39b5-b9ec-dfbea9ad3c1a,
9ef2174b-856d-3689-d413-8bddf6b76bc3,1946,1964,4d71f845-a6a9-3c39-b242-14d25ef86a8d,Guardian
9ef2174b-856d-3689-d413-8bddf6b76bc3,1965,2011,7caa7254-5050-3b5e-9eae-bd5ea30e809c,Self
e14b3b8e-756f-be7c-fc1c-93af7c1a8faf,1978,1978,7c4411ce-02f1-39b5-b9ec-dfbea9ad3c1a,Self
20c70061-f645-f577-fe72-c29a4ff1a027,1980,1998,6e2f1a2d-27bd-3701-8d08-dae202c58632,Guardian
a36a5341-7b83-dfef-9b97-ffaa421b8717,1994,2012,047f6ec3-6215-35eb-9608-f9dda363a44c,Guardian
c8b1affa-07de-0978-ec65-3bbc7b87b52c,1957,1975,42c4fca7-f8a9-3cd1-982a-dd9751bf3e2a,Guardian
447ce8db-8d77-ff9b-afde-188274809e84,1969,1987,4d71f845-a6a9-3c39-b242-14d25ef86a8d,Guardian
4d3b60d5-b125-a21b-353a-a13b5ca78c81,1960,1978,5059a55e-5d6e-34d1-b6cb-d83d16e57bcf,Guardian
7c6c5ce9-ff42-0c72-3d4e-c2b3a82a6686,1980,1998,4d71f845-a6a9-3c39-b242-14d25ef86a8d,Guardian
180c7e06-d1fd-e22a-e249-d89c257df1c3,1976,1976,7c4411ce-02f1-39b5-b9ec-dfbea9ad3c1a,Self
4af0b725-ad9a-3946-d92b-70034cacc9f4,1932,1950,6e2f1a2d-27bd-3701-8d08-dae202c58632,Guardian
4af0b725-ad9a-3946-d92b-70034cacc9f4,1951,1997,7caa7254-5050-3b5e-9eae-bd5ea30e809c,Self
444423f8-23e1-a0eb-aec3-79ca33211139,1997,2015,6e2f1a2d-27bd-3701-8d08-dae202c58632,Guardian
87b23780-e11f-bc04-e235-a8ac544cf1a0,1964,1982,5059a55e-5d6e-34d1-b6cb-d83d16e57bcf,Guardian
9c40f03d-9199-ea97-368d-aa6798ec1178,1973,1991,047f6ec3-6215-35eb-9608-f9dda363a44c,Guardian
f31df5e9-8478-98af-73aa-285ecbf723db,1991,2009,047f6ec3-6215-35eb-9608-f9dda363a44c,Guardian
19c7c8a2-326d-8f85-7856-8ccc746ed66f,1989,1989,b1c428d6-4f07-31e0-90f0-68ffa6ff8c76,
b052a0ea-27ef-dae4-4b71-ecbb227e7d31,1981,1999,5059a55e-5d6e-34d1-b6cb-d83d16e57bcf,Guardian
84bd61d3-6342-8752-e8cd-d4961a1676d5,2000,2018,d47b3510-2895-3b70-9897-342d681c769d,Guardian
bc38595d-8c11-7801-4c8b-e65bdc729b64,1972,1990,6e2f1a2d-27bd-3701-8d08-dae202c58632,Guardian
6ef7efa5-b5b1-09aa-4659-3fdb7fd76822,1984,2002,5059a55e-5d6e-34d1-b6cb-d83d16e57bcf,Guardian
9e11c7b6-07f2-ab43-2205-db71eb9bc5c5,1980,1998,6e2f1a2d-27bd-3701-8d08-dae202c58632,Guardian
e4777b50-093b-9a9b-3fcb-25ebd40f0969,2004,2004,b1c428d6-4f07-31e0-90f0-68ffa6ff8c76,
ba295c99-6e1f-bb56-8470-29754bb9e8e3,2006,2006,7c4411ce-02f1-39b5-b9ec-dfbea9ad3c1a,Self
80422486-8c49-cf09-700f-09e9172c54d5,1971,1971,7c4411ce-02f1-39b5-b9ec-dfbea9ad3c1a,Self
923e06c7-3c48-68d6-227a-fda3afe6f7f5,1972,1990,6e2f1a2d-27bd-3701-8d08-dae202c58632,Guardian
9ebaa81e-003a-6ca9-3f76-76ff024343ec,1979,1997,4d71f845-a6a9-3c39-b242-14d25ef86a8d,Guardian
807ac4f0-9426-07be-3a75-f797dae532ab,1968,1986,d47b3510-2895-3b70-9897-342d681c769d,Guardian
8b4c42b7-80dd-d260-6f36-d2da4ffa1d39,2006,2006,7c4411ce-02f1-39b5-b9ec-dfbea9ad3c1a,Self
b2f9ab57-1a76-a45f-67e2-0a09230a7524,1926,1926,b1c428d6-4f07-31e0-90f0-68ffa6ff8c76,
b2f9ab57-1a76-a45f-67e2-0a09230a7524,1927,1991,7caa7254-5050-3b5e-9eae-bd5ea30e809c,
545dc265-823f-2f6b-bf4d-c90cf6166d45,1968,1986,047f6ec3-6215-35eb-9608-f9dda363a44c,Guardian
0e3b4102-0149-f06d-62a3-2f342bab1f62,1974,1992,4d71f845-a6a9-3c39-b242-14d25ef86a8d,Guardian
4f796ecc-ac85-108b-a33a-77dafe78f1af,1953,1953,7c4411ce-02f1-39b5-b9ec-dfbea9ad3c1a,Self
4f796ecc-ac85-108b-a33a-77dafe78f1af,1954,2018,b3221cfc-24fb-339e-823d-bc4136cbc4ed,Self
165c0897-6088-4bd4-095e-6aa52ad9d5ba,2000,2018,047f6ec3-6215-35eb-9608-f9dda363a44c,Guardian
d92e9066-5ad7-6f3f-baaf-5593dab43de8,1985,2003,42c4fca7-f8a9-3cd1-982a-dd9751bf3e2a,Guardian
1b90a208-04cc-c108-a599-642d81e1a36a,1984,2002,5059a55e-5d6e-34d1-b6cb-d83d16e57bcf,Guardian
0e4b4501-ee6d-8267-92ac-ae2231749926,1954,1972,5059a55e-5d6e-34d1-b6cb-d83d16e57bcf,Guardian
0e4b4501-ee6d-8267-92ac-ae2231749926,1973,2019,7caa7254-5050-3b5e-9eae-bd5ea30e809c,Self
c23f1287-5b2e-6e0b-2182-6b9263ae63fc,1921,1921,b1c428d6-4f07-31e0-90f0-68ffa6ff8c76,
2287371a-c9d7-98da-0b8c-69dd734f6db4,1961,1979,d47b3510-2895-3b70-9897-342d681c769d,Guardian
f889c9b8-5321-84bc-6b0e-eb45c2c85fd8,1943,1943,b1c428d6-4f07-31e0-90f0-68ffa6ff8c76,
f889c9b8-5321-84bc-6b0e-eb45c2c85fd8,1944,2008,7caa7254-5050-3b5e-9eae-bd5ea30e809c,
3a42172e-30e6-f826-85ff-56dc8b2dc5f3,1961,1961,7c4411ce-02f1-39b5-b9ec-dfbea9ad3c1a,Self
56afd08e-b24a-4a94-05c0-9b42463fe9f9,2002,2020,d47b3510-2895-3b70-9897-342d681c769d,Guardian
c2b3451f-3335-c3e8-17fe-bd167b3ac36c,1973,1991,4d71f845-a6a9-3c39-b242-14d25ef86a8d,Guardian
ef976633-084b-e004-1bb4-ffdfeec39ff2,1986,2004,5059a55e-5d6e-34d1-b6cb-d83d16e57bcf,Guardian
26bd3951-7169-bd39-cc55-3e0ab3104529,2014,2014,b1c428d6-4f07-31e0-90f0-68ffa6ff8c76,
aa6be3fd-97d5-826c-c6a3-b58f602ff027,2015,2015,7c4411ce-02f1-39b5-b9ec-dfbea9ad3c1a,Self
aee6eecf-a4bc-2e47-9658-ffc5ff7a8d66,1914,1914,7c4411ce-02f1-39b5-b9ec-dfbea9ad3c1a,Self
aee6eecf-a4bc-2e47-9658-ffc5ff7a8d66,1915,1979,b1c428d6-4f07-31e0-90f0-68ffa6ff8c76,Self
aee6eecf-a4bc-2e47-9658-ffc5ff7a8d66,1980,2020,b3221cfc-24fb-339e-823d-bc4136cbc4ed,
4067f851-9285-1383-e9f5-8fbce3827d6c,1954,1972,d47b3510-2895-3b70-9897-342d681c769d,Guardian
4067f851-9285-1383-e9f5-8fbce3827d6c,1973,2019,7caa7254-5050-3b5e-9eae-bd5ea30e809c,Self
69578f1c-a13a-f780-192c-0a0019f29ed1,1990,2008,5059a55e-5d6e-34d1-b6cb-d83d16e57bcf,Guardian
df212fe6-bfd9-63c9-3300-085645f0d6e1,1921,1921,b1c428d6-4f07-31e0-90f0-68ffa6ff8c76,
8a38aca9-dd69-d50f-c31c-22750186a45f,1985,2003,4d71f845-a6a9-3c39-b242-14d25ef86a8d,Guardian
7bd85249-242f-706a-b720-a23c5dc11b16,1988,2006,5059a55e-5d6e-34d1-b6cb-d83d16e57bcf,Guardian
2a07b7f7-5182-43b9-693c-7a37ee108984,1947,1965,5059a55e-5d6e-34d1-b6cb-d83d16e57bcf,Guardian
2a07b7f7-5182-43b9-693c-7a37ee108984,1966,2012,7caa7254-5050-3b5e-9eae-bd5ea30e809c,Self
75495c28-9994-213c-1307-787c01ddd367,1959,1977,4d71f845-a6a9-3c39-b242-14d25ef86a8d,Guardian
47498458-0ca6-2ed4-59d0-cb395561e0ff,1978,1996,d47b3510-2895-3b70-9897-342d681c769d,Guardian
8806dc1d-b83f-1e77-2421-8b9a23ce0882,1948,1966,42c4fca7-f8a9-3cd1-982a-dd9751bf3e2a,Guardian
8806dc1d-b83f-1e77-2421-8b9a23ce0882,1967,2013,7caa7254-5050-3b5e-9eae-bd5ea30e809c,Self
0cb50af8-cc67-5f40-e7b2-17bdd37f6a45,1957,1975,047f6ec3-6215-35eb-9608-f9dda363a44c,Guardian
691ecfa4-5116-8fc3-f9b2-c003d6119e21,1968,1986,d47b3510-2895-3b70-9897-342d681c769d,Guardian
f939b5ea-ce20-35c6-2d6b-0e8570a9ddfb,2001,2019,047f6ec3-6215-35eb-9608-f9dda363a44c,Guardian
2193b44c-8c71-1b37-0f01-5a38be983d5a,1983,2001,5059a55e-5d6e-34d1-b6cb-d83d16e57bcf,Guardian
9e46d6b2-508c-3a02-ef51-f53a2505be2f,1952,1970,d47b3510-2895-3b70-9897-342d681c769d,Guardian
9e46d6b2-508c-3a02-ef51-f53a2505be2f,1971,2017,7caa7254-5050-3b5e-9eae-bd5ea30e809c,Self
124ce063-6981-dad9-1e8f-8acccf3881e5,1963,1981,5059a55e-5d6e-34d1-b6cb-d83d16e57bcf,Guardian
e505f948-5adc-5c76-4a83-8f1c3f405334,1970,1988,4d71f845-a6a9-3c39-b242-14d25ef86a8d,Guardian
e8a186c5-90b5-49f0-8842-5925f4ee6f3a,1970,1970,7c4411ce-02f1-39b5-b9ec-dfbea9ad3c1a,Self
865861b5-a4ed-e671-62fc-ef2d5bdf59aa,1976,1994,5059a55e-5d6e-34d1-b6cb-d83d16e57bcf,Guardian
e1e8c38c-b23f-736e-0712-f7648269c0f0,1960,1978,42c4fca7-f8a9-3cd1-982a-dd9751bf3e2a,Guardian
78c30d40-acb9-3fdb-5579-ea70a70eb0fd,1974,1992,5059a55e-5d6e-34d1-b6cb-d83d16e57bcf,Guardian
2bb0dfd1-748c-1304-ae8d-7c400010ca0f,1998,2016,6e2f1a2d-27bd-3701-8d08-dae202c58632,Guardian
3e04ad75-8496-c8e3-f54f-66ca53c62fbb,1958,1976,047f6ec3-6215-35eb-9608-f9dda363a44c,Guardian
053dee36-bdeb-ce42-6228-9c2ab1702ccc,2002,2020,4d71f845-a6a9-3c39-b242-14d25ef86a8d,Guardian
06d2001d-28e4-10aa-674b-1e4626b08dde,1947,1965,42c4fca7-f8a9-3cd1-982a-dd9751bf3e2a,Guardian
06d2001d-28e4-10aa-674b-1e4626b08dde,1966,2012,7caa7254-5050-3b5e-9eae-bd5ea30e809c,Self
284026f6-9ea6-a047-808e-da537e5efe61,1972,1990,6e2f1a2d-27bd-3701-8d08-dae202c58632,Guardian
21c81dbb-3130-9a64-e13b-c2b627902d88,1963,1963,7c4411ce-02f1-39b5-b9ec-dfbea9ad3c1a,Self
7188c541-235c-c1dc-61a6-a696ad8f5f3b,2019,2019,b1c428d6-4f07-31e0-90f0-68ffa6ff8c76,
a7a2c1c0-e2fb-63f6-6b5a-6caa0738fb8b,1959,1977,6e2f1a2d-27bd-3701-8d08-dae202c58632,Guardian
5a948786-6d7b-e37e-322e-16ad351e0750,1969,1987,047f6ec3-6215-35eb-9608-f9dda363a44c,Guardian
8bd8c389-b141-82f2-8b3b-c731a0ab5183,1948,1966,047f6ec3-6215-35eb-9608-f9dda363a44c,Guardian
84be8020-6a82-34ba-c2ea-ce4da19976ec,1976,1976,7c4411ce-02f1-39b5-b9ec-dfbea9ad3c1a,Self
776b570f-cda3-57c8-bbee-a3e974d01d1e,1968,1986,4d71f845-a6a9-3c39-b242-14d25ef86a8d,Guardian
9b96a911-d15c-d6b4-a47e-640c66bf5826,1952,1970,d47b3510-2895-3b70-9897-342d681c769d,Guardian
9b96a911-d15c-d6b4-a47e-640c66bf5826,1971,2017,7caa7254-5050-3b5e-9eae-bd5ea30e809c,Self
33f5b30c-8bac-687f-083b-ccba96208645,1987,1987,b1c428d6-4f07-31e0-90f0-68ffa6ff8c76,
33f5b30c-8bac-687f-083b-ccba96208645,1988,2020,7c4411ce-02f1-39b5-b9ec-dfbea9ad3c1a,
8856cf8c-2d4d-7f0c-4b5c-957e2de844e2,1998,2016,047f6ec3-6215-35eb-9608-f9dda363a44c,Guardian
b32d3e2a-7849-04e1-38d1-2c25fad2f988,1979,1997,4d71f845-a6a9-3c39-b242-14d25ef86a8d,Guardian
74e7d40b-72c0-c4de-4197-72f0cb44ad4f,1966,1984,047f6ec3-6215-35eb-9608-f9dda363a44c,Guardian
9cb62540-5800-b861-9f3d-46e69dd461b2,1958,1976,5059a55e-5d6e-34d1-b6cb-d83d16e57bcf,Guardian
4c00248d-13f1-a8d3-9ae6-cde833f884df,1948,1966,6e2f1a2d-27bd-3701-8d08-dae202c58632,Guardian
4c00248d-13f1-a8d3-9ae6-cde833f884df,1967,2013,7caa7254-5050-3b5e-9eae-bd5ea30e809c,Self
3faeaa5b-91ca-52d3-011f-5c7dcd7fd31b,1964,1982,6e2f1a2d-27bd-3701-8d08-dae202c58632,Guardian
388186c4-1c51-cce4-b5c2-a459b059cf40,1949,1967,42c4fca7-f8a9-3cd1-982a-dd9751bf3e2a,Guardian
388186c4-1c51-cce4-b5c2-a459b059cf40,1968,2014,7caa7254-5050-3b5e-9eae-bd5ea30e809c,Self
9d059877-102a-519c-a390-d8058caac7f3,1997,2015,5059a55e-5d6e-34d1-b6cb-d83d16e57bcf,Guardian
267b7144-343e-351f-3443-0146f5e55aff,2003,2003,b1c428d6-4f07-31e0-90f0-68ffa6ff8c76,
267b7144-343e-351f-3443-0146f5e55aff,2004,2020,7c4411ce-02f1-39b5-b9ec-dfbea9ad3c1a,
1858db49-c838-91af-320e-7f412f8938b0,1963,1981,42c4fca7-f8a9-3cd1-982a-dd9751bf3e2a,Guardian
9896faa2-e614-fca4-eefe-191c5fc5d09f,1970,1988,42c4fca7-f8a9-3cd1-982a-dd9751bf3e2a,Guardian
5ea65aec-2eaf-7e79-d939-a393415dda48,2001,2019,6e2f1a2d-27bd-3701-8d08-dae202c58632,Guardian
b2c2fd3d-c272-952d-3615-5c196402cb40,1948,1966,5059a55e-5d6e-34d1-b6cb-d83d16e57bcf,Guardian
b2c2fd3d-c272-952d-3615-5c196402cb40,1967,1988,5059a55e-5d6e-34d1-b6cb-d83d16e57bcf,Self
f5c92be4-fd7a-31ae-a635-e18b05fbd5c3,2002,2002,7c4411ce-02f1-39b5-b9ec-dfbea9ad3c1a,Self
537b997d-85a1-0554-f4f3-7eebfef634e3,1983,2001,d47b3510-2895-3b70-9897-342d681c769d,Guardian
083de9ca-d860-bc08-855f-00a41d3fcc11,1984,2002,6e2f1a2d-27bd-3701-8d08-dae202c58632,Guardian
535d20f7-a70e-eb97-f79c-ff0bcfc278dd,1969,1969,b1c428d6-4f07-31e0-90f0-68ffa6ff8c76,
da4775e6-fff3-f9aa-33c4-91f2ec1ce991,1974,1992,5059a55e-5d6e-34d1-b6cb-d83d16e57bcf,Guardian
3eeddf1f-15e6-b430-cd12-43acef4709af,2000,2018,5059a55e-5d6e-34d1-b6cb-d83d16e57bcf,Guardian
9972bcdc-94a5-d82e-37c4-ffbbbd55c7dd,1941,1959,42c4fca7-f8a9-3cd1-982a-dd9751bf3e2a,Guardian
9972bcdc-94a5-d82e-37c4-ffbbbd55c7dd,1960,2006,7caa7254-5050-3b5e-9eae-bd5ea30e809c,Self
0b4b1acc-5ace-a5f7-613a-7f2a152c2a69,1952,1952,b1c428d6-4f07-31e0-90f0-68ffa6ff8c76,
0b4b1acc-5ace-a5f7-613a-7f2a152c2a69,1953,2017,7caa7254-5050-3b5e-9eae-bd5ea30e809c,
8eebc979-edbb-ed7c-1d09-cd13b2f32746,1948,1966,6e2f1a2d-27bd-3701-8d08-dae202c58632,Guardian
8eebc979-edbb-ed7c-1d09-cd13b2f32746,1967,2013,7caa7254-5050-3b5e-9eae-bd5ea30e809c,Self
82fa3fcd-c94e-19af-f88c-4e4bb630417e,1954,1972,6e2f1a2d-27bd-3701-8d08-dae202c58632,Guardian
82fa3fcd-c94e-19af-f88c-4e4bb630417e,1973,2019,7caa7254-5050-3b5e-9eae-bd5ea30e809c,Self
f727f915-fa1f-dd6b-8f4b-9a1843726dbe,2013,2013,7c4411ce-02f1-39b5-b9ec-dfbea9ad3c1a,Self
af8f9d78-8961-ecf6-5d3d-c815e0f62532,1996,2014,4d71f845-a6a9-3c39-b242-14d25ef86a8d,Guardian
c42c26e1-0cf6-0324-ff76-03ee2c4e0be9,1915,1933,047f6ec3-6215-35eb-9608-f9dda363a44c,Guardian
c42c26e1-0cf6-0324-ff76-03ee2c4e0be9,1934,1979,047f6ec3-6215-35eb-9608-f9dda363a44c,Self
d5935380-dd51-22e0-57a7-420dc256690b,1969,1987,d47b3510-2895-3b70-9897-342d681c769d,Guardian
b7ba94e0-d061-0605-074f-203f04c8bcb8,1952,1970,4d71f845-a6a9-3c39-b242-14d25ef86a8d,Guardian
b7ba94e0-d061-0605-074f-203f04c8bcb8,1971,2017,7caa7254-5050-3b5e-9eae-bd5ea30e809c,Self
a77fa73e-dcc4-68c9-c278-f4385b987b2a,1983,2001,d47b3510-2895-3b70-9897-342d681c769d,Guardian
a6dc4828-eb0f-ff84-77ab-4662477c99b1,2000,2018,6e2f1a2d-27bd-3701-8d08-dae202c58632,Guardian
a38e2988-c901-202f-a83e-5ed1255f6bcc,1984,2002,4d71f845-a6a9-3c39-b242-14d25ef86a8d,Guardian
a40df688-70e9-7fa2-cf80-c03ca53c6c4b,1994,2012,5059a55e-5d6e-34d1-b6cb-d83d16e57bcf,Guardian
4cec172d-8f9e-0933-a4d0-3fa9846f2542,1990,1990,b1c428d6-4f07-31e0-90f0-68ffa6ff8c76,
f55315b3-4fad-af92-5099-8f20b843e4ff,2002,2020,5059a55e-5d6e-34d1-b6cb-d83d16e57bcf,Guardian
89c7375d-eb5c-8d9d-09e6-d971affd795f,1990,2008,6e2f1a2d-27bd-3701-8d08-dae202c58632,Guardian
df68e078-842e-0f6e-755c-9428fd58c856,1974,1992,d47b3510-2895-3b70-9897-342d681c769d,Guardian
35956c97-b9a4-354e-74e6-876c8920294c,1993,2011,42c4fca7-f8a9-3cd1-982a-dd9751bf3e2a,Guardian
c32badb1-f00b-72b8-1059-3d2274b9a910,1996,1996,b1c428d6-4f07-31e0-90f0-68ffa6ff8c76,
88293f11-f42e-c723-335b-e79389f92cd1,1973,1991,047f6ec3-6215-35eb-9608-f9dda363a44c,Guardian
e15bcdae-b643-841a-08af-e6c7c82623ec,1977,1977,7c4411ce-02f1-39b5-b9ec-dfbea9ad3c1a,Self
1cef9db9-9d76-9b58-21c6-4a51c8c85928,1968,1986,5059a55e-5d6e-34d1-b6cb-d83d16e57bcf,Guardian
0ecea5ce-3fda-d8f8-a918-62115c52561b,1959,1977,047f6ec3-6215-35eb-9608-f9dda363a44c,Guardian
de37566c-bbcb-0599-14f2-d4bc0bebf9be,1915,1933,42c4fca7-f8a9-3cd1-982a-dd9751bf3e2a,Guardian
de37566c-bbcb-0599-14f2-d4bc0bebf9be,1934,1980,7caa7254-5050-3b5e-9eae-bd5ea30e809c,Self
4664cec0-648f-9d5a-4e4c-8849283fd76a,2000,2018,6e2f1a2d-27bd-3701-8d08-dae202c58632,Guardian
f4b2f44f-2796-4675-137d-8542494ba6b3,1992,2010,6e2f1a2d-27bd-3701-8d08-dae202c58632,Guardian
4c11c0f8-e249-1f2b-d67b-171a43f0510f,1966,1984,047f6ec3-6215-35eb-9608-f9dda363a44c,Guardian
62af0c18-ebcf-2dcd-d51d-cfc63efc56c9,1986,2004,4d71f845-a6a9-3c39-b242-14d25ef86a8d,Guardian
42fccba5-bbf5-5ec6-042c-7938f3fa5a5c,1974,1992,047f6ec3-6215-35eb-9608-f9dda363a44c,Guardian
9844a94a-e478-28db-7809-662eee00349d,1996,2014,42c4fca7-f8a9-3cd1-982a-dd9751bf3e2a,Guardian
76842a71-43f7-6ceb-1a50-4357dc6aff86,1984,2002,42c4fca7-f8a9-3cd1-982a-dd9751bf3e2a,Guardian
07a1d225-e258-f641-a215-c71bf3c0b6ab,1975,1993,047f6ec3-6215-35eb-9608-f9dda363a44c,Guardian
5a205af1-683b-3ecd-0d98-884138750eef,2001,2019,047f6ec3-6215-35eb-9608-f9dda363a44c,Guardian
b5c227ce-51e7-3dde-c7c8-b7394b21c4ed,1990,2008,4d71f845-a6a9-3c39-b242-14d25ef86a8d,Guardian
30ab4bd2-c66e-76ff-1ad8-d27453d29f45,1974,1992,42c4fca7-f8a9-3cd1-982a-dd9751bf3e2a,Guardian
189b501a-fcd2-b90f-d241-87c978cd0a7b,1975,1993,6e2f1a2d-27bd-3701-8d08-dae202c58632,Guardian
d0a0776e-da85-11c6-789f-39010e2dc60f,1985,2003,d47b3510-2895-3b70-9897-342d681c769d,Guardian
55a502f8-daee-48cd-c22e-c433d9e47026,1967,1985,d47b3510-2895-3b70-9897-342d681c769d,Guardian
4707ca30-f8b0-c89d-1476-de64c0a6734f,1978,1978,b1c428d6-4f07-31e0-90f0-68ffa6ff8c76,
93f0a345-6c49-4b64-5224-2f4c700cf599,1985,2003,42c4fca7-f8a9-3cd1-982a-dd9751bf3e2a,Guardian
df065919-9af7-7ef2-d0a4-0b11490960eb,1955,1973,047f6ec3-6215-35eb-9608-f9dda363a44c,Guardian
df065919-9af7-7ef2-d0a4-0b11490960eb,1974,2020,7caa7254-5050-3b5e-9eae-bd5ea30e809c,Self
a31e5d3c-780c-d930-7ec3-1f5d367ac2a0,1972,1990,4d71f845-a6a9-3c39-b242-14d25ef86a8d,Guardian
af1d90d4-ec9c-3a14-bc58-fab4637ebe40,1978,1996,d47b3510-2895-3b70-9897-342d681c769d,Guardian
b33cb26e-7ea1-b135-80d8-feb2912af2d9,1971,1989,5059a55e-5d6e-34d1-b6cb-d83d16e57bcf,Guardian
d11dbf04-d4c2-8fac-cb62-274cd8207542,1947,1965,d47b3510-2895-3b70-9897-342d681c769d,Guardian
4e45d4f5-a7d0-4c50-1876-0e896c55df83,2001,2019,6e2f1a2d-27bd-3701-8d08-dae202c58632,Guardian
81cc944e-0142-ae1a-bc03-e923b644a29e,1939,1957,5059a55e-5d6e-34d1-b6cb-d83d16e57bcf,Guardian
81cc944e-0142-ae1a-bc03-e923b644a29e,1958,2004,7caa7254-5050-3b5e-9eae-bd5ea30e809c,Self
2964638d-aa3f-5034-59ab-8108ad6143c8,1950,1968,d47b3510-2895-3b70-9897-342d681c769d,Guardian
2964638d-aa3f-5034-59ab-8108ad6143c8,1969,2015,7caa7254-5050-3b5e-9eae-bd5ea30e809c,Self
15f072cb-c6f5-cfb9-87aa-c1692794ea89,1992,2010,4d71f845-a6a9-3c39-b242-14d25ef86a8d,Guardian
b29783bd-b7d2-0010-4de9-985f388b011f,1985,2003,4d71f845-a6a9-3c39-b242-14d25ef86a8d,Guardian
96e029a3-bdcc-60bd-f66c-b60c043648d7,1979,1997,6e2f1a2d-27bd-3701-8d08-dae202c58632,Guardian
5c6a132e-539c-765e-1619-e89b1b9a5a00,2015,2015,b1c428d6-4f07-31e0-90f0-68ffa6ff8c76,
8e99446e-7945-db36-2335-448c0c8d1cdd,1973,1991,d47b3510-2895-3b70-9897-342d681c769d,Guardian
6c015a2e-67c5-e939-b2f8-197404435108,1997,2015,5059a55e-5d6e-34d1-b6cb-d83d16e57bcf,Guardian
66ea0ca6-1a31-268f-eb61-ea1286f77f2b,1996,2014,5059a55e-5d6e-34d1-b6cb-d83d16e57bcf,Guardian
66ea0ca6-1a31-268f-eb61-ea1286f77f2b,2015,2017,5059a55e-5d6e-34d1-b6cb-d83d16e57bcf,Self
fea808e4-1ff8-ead5-2a56-344e89ad899d,1947,1965,6e2f1a2d-27bd-3701-8d08-dae202c58632,Guardian
fea808e4-1ff8-ead5-2a56-344e89ad899d,1966,2012,7caa7254-5050-3b5e-9eae-bd5ea30e809c,Self
c268ddb6-867a-f642-1939-120640c7cbaa,1990,2008,42c4fca7-f8a9-3cd1-982a-dd9751bf3e2a,Guardian
3ad59bd1-ec57-b126-687e-0c970f72f6ed,2000,2018,4d71f845-a6a9-3c39-b242-14d25ef86a8d,Guardian
3a4fbaec-c903-de52-5da5-af6dfde5f483,1975,1993,047f6ec3-6215-35eb-9608-f9dda363a44c,Guardian
2afdb4ab-2aa4-aedd-b7cb-e220fa11dd3a,1996,2014,4d71f845-a6a9-3c39-b242-14d25ef86a8d,Guardian
a6bd7d3b-18bd-84a5-52d1-b08f88f2b8dd,1962,1980,d47b3510-2895-3b70-9897-342d681c769d,Guardian
1f49ddb8-1348-40dd-1255-a7fa0b9317dc,1916,1934,047f6ec3-6215-35eb-9608-f9dda363a44c,Guardian
1f49ddb8-1348-40dd-1255-a7fa0b9317dc,1935,1981,7caa7254-5050-3b5e-9eae-bd5ea30e809c,Self
ad7e73f3-4391-cb34-2dd9-fcaa535170b4,1970,1988,6e2f1a2d-27bd-3701-8d08-dae202c58632,Guardian
1bc84daa-3157-9345-bfaa-c6ee62a44e88,2003,2003,7c4411ce-02f1-39b5-b9ec-dfbea9ad3c1a,Self
22b4d7ac-3c78-f710-d622-5c13791e7f42,1989,2007,047f6ec3-6215-35eb-9608-f9dda363a44c,Guardian
ceb35a10-2ba7-5311-9b9a-1dfb6808d72f,1977,1977,7c4411ce-02f1-39b5-b9ec-dfbea9ad3c1a,Self
39e0e4c2-74a7-ebd8-d561-1acd0a72fd8c,1988,1988,b1c428d6-4f07-31e0-90f0-68ffa6ff8c76,
fbbf73ea-7e94-9836-bb0a-f1705ba9eb0d,1988,2006,d47b3510-2895-3b70-9897-342d681c769d,Guardian
4a856d80-3230-93f7-bda1-b4bd8b146693,1930,1948,42c4fca7-f8a9-3cd1-982a-dd9751bf3e2a,Guardian
4a856d80-3230-93f7-bda1-b4bd8b146693,1949,1995,7caa7254-5050-3b5e-9eae-bd5ea30e809c,Self
91abbe87-d14e-cba1-a473-c72a05760766,2008,2008,b1c428d6-4f07-31e0-90f0-68ffa6ff8c76,
44551f27-22cf-bb2e-8006-d97de9dfe498,1949,1967,d47b3510-2895-3b70-9897-342d681c769d,Guardian
44551f27-22cf-bb2e-8006-d97de9dfe498,1968,2014,7caa7254-5050-3b5e-9eae-bd5ea30e809c,Self
c2782a5b-56ff-549f-3649-fc0f915b377f,1960,1978,d47b3510-2895-3b70-9897-342d681c769d,Guardian
54800256-49fc-70b4-614d-df48562a43c8,1959,1977,d47b3510-2895-3b70-9897-342d681c769d,Guardian
d3bef463-bae9-a8ba-1987-8620ee8c9096,1974,1992,047f6ec3-6215-35eb-9608-f9dda363a44c,Guardian
da28fc04-fefe-50b6-2400-f51f102f03b5,1912,1912,7c4411ce-02f1-39b5-b9ec-dfbea9ad3c1a,Self
da28fc04-fefe-50b6-2400-f51f102f03b5,1913,1977,b3221cfc-24fb-339e-823d-bc4136cbc4ed,Self
c2ea0093-c2c1-cee8-8d8f-5bec07731266,1988,2006,047f6ec3-6215-35eb-9608-f9dda363a44c,Guardian
4929c9b2-d465-cf8c-e18f-0f554bbfdd2b,1978,1996,6e2f1a2d-27bd-3701-8d08-dae202c58632,Guardian
afda9902-8b5b-195a-d2dc-7d7ee43baf7b,1992,2010,6e2f1a2d-27bd-3701-8d08-dae202c58632,Guardian
24f3d0a1-f0f5-e28f-d2aa-570f96f4ed80,1957,1957,7c4411ce-02f1-39b5-b9ec-dfbea9ad3c1a,Self
d9feab7f-27cd-e101-ee45-945322146e4a,1996,1996,b1c428d6-4f07-31e0-90f0-68ffa6ff8c76,
1ad376cd-b8d7-35d7-93a7-7abb44705b11,2002,2020,42c4fca7-f8a9-3cd1-982a-dd9751bf3e2a,Guardian
2e964a07-13e2-51f2-1813-20b18b70b5f6,1988,2006,4d71f845-a6a9-3c39-b242-14d25ef86a8d,Guardian
9fee3150-6f2a-a50e-cd50-cedede6af0bc,1977,1995,047f6ec3-6215-35eb-9608-f9dda363a44c,Guardian
6b20637e-1713-1073-6c48-f2862f98346b,1968,1986,5059a55e-5d6e-34d1-b6cb-d83d16e57bcf,Guardian
1b72859a-37c7-999f-356e-5dcf7818d373,1987,2005,047f6ec3-6215-35eb-9608-f9dda363a44c,Guardian
503d552e-60c6-60ed-c476-431d8de0cc11,1964,1982,d47b3510-2895-3b70-9897-342d681c769d,Guardian
101ae5b4-4e52-313b-f0d9-57714369217b,1948,1966,4d71f845-a6a9-3c39-b242-14d25ef86a8d,Guardian
101ae5b4-4e52-313b-f0d9-57714369217b,1967,2013,7caa7254-5050-3b5e-9eae-bd5ea30e809c,Self
f3880bfe-abf2-ed35-cf00-3f93c779f6e2,1962,1980,5059a55e-5d6e-34d1-b6cb-d83d16e57bcf,Guardian
64217443-e077-f7b0-d6cd-a06cceb68e29,1938,1956,5059a55e-5d6e-34d1-b6cb-d83d16e57bcf,Guardian
64217443-e077-f7b0-d6cd-a06cceb68e29,1957,2003,7caa7254-5050-3b5e-9eae-bd5ea30e809c,Self
6132e44b-77b0-ccac-3a0a-3c97d0282d48,1984,2002,4d71f845-a6a9-3c39-b242-14d25ef86a8d,Guardian
ae208b02-dc29-e050-dd21-0f9e8bafa7e8,1983,2001,4d71f845-a6a9-3c39-b242-14d25ef86a8d,Guardian
5f362450-9353-2622-0f5d-b49cfe4ce492,1951,1969,5059a55e-5d6e-34d1-b6cb-d83d16e57bcf,Guardian
5f362450-9353-2622-0f5d-b49cfe4ce492,1970,2016,7caa7254-5050-3b5e-9eae-bd5ea30e809c,Self
81be326c-b57a-118d-5374-80c5ae141a1c,1964,1982,4d71f845-a6a9-3c39-b242-14d25ef86a8d,Guardian
d8902acb-31b3-5339-50c8-0c693361300f,1969,1987,4d71f845-a6a9-3c39-b242-14d25ef86a8d,Guardian
9e64390b-7883-4206-f931-01aec8fed4af,1941,1941,7c4411ce-02f1-39b5-b9ec-dfbea9ad3c1a,Self
9e64390b-7883-4206-f931-01aec8fed4af,1942,2006,b3221cfc-24fb-339e-823d-bc4136cbc4ed,Self
f1868f8f-2260-cbb0-eea5-010bd8bedfc4,2002,2002,7c4411ce-02f1-39b5-b9ec-dfbea9ad3c1a,Self
bcd160b4-43eb-c9c2-d1ca-845d157e554a,1965,1983,42c4fca7-f8a9-3cd1-982a-dd9751bf3e2a,Guardian
a5b8d52b-97bb-3954-0080-0d3de27ace88,1991,2009,42c4fca7-f8a9-3cd1-982a-dd9751bf3e2a,Guardian
11504c1a-d49c-2f89-ea1a-078eaf3456fe,1961,1979,6e2f1a2d-27bd-3701-8d08-dae202c58632,Guardian
a4212a88-40a3-9b83-4957-23f735ff2444,1999,2017,42c4fca7-f8a9-3cd1-982a-dd9751bf3e2a,Guardian
67e9962b-1290-9232-0109-50a3480fae2b,1956,1974,047f6ec3-6215-35eb-9608-f9dda363a44c,Guardian
90994cc0-10ad-623b-c780-9d3bf172a1ba,1965,1983,4d71f845-a6a9-3c39-b242-14d25ef86a8d,Guardian
1ef2d53b-64ef-3f5e-e0b4-9d12c975ef8b,1999,2017,6e2f1a2d-27bd-3701-8d08-dae202c58632,Guardian
73a65de3-2ef3-1bdd-45da-e66d747f3575,1938,1956,4d71f845-a6a9-3c39-b242-14d25ef86a8d,Guardian
73a65de3-2ef3-1bdd-45da-e66d747f3575,1957,2003,7caa7254-5050-3b5e-9eae-bd5ea30e809c,Self
e853d719-c626-831f-a10b-f053fac10ca9,2001,2019,d47b3510-2895-3b70-9897-342d681c769d,Guardian
3154ac1b-fe8a-a616-75e4-25950488c699,1989,2007,4d71f845-a6a9-3c39-b242-14d25ef86a8d,Guardian
b7fb60e7-dde1-0a60-c28c-181c1033322e,1978,1978,b1c428d6-4f07-31e0-90f0-68ffa6ff8c76,
b7fb60e7-dde1-0a60-c28c-181c1033322e,1979,1979,7c4411ce-02f1-39b5-b9ec-dfbea9ad3c1a,
2ef7ef4e-97cc-fdb4-f32c-6e3b70ccda65,1970,1970,7c4411ce-02f1-39b5-b9ec-dfbea9ad3c1a,Self
6551233d-6255-a1df-3943-610e44fc51db,1991,2009,047f6ec3-6215-35eb-9608-f9dda363a44c,Guardian
ccbf6907-1cf4-809a-a08c-72d88933d693,1998,1998,7c4411ce-02f1-39b5-b9ec-dfbea9ad3c1a,Self
23ad86fd-388c-f023-1766-80667689eb0d,1960,1978,d47b3510-2895-3b70-9897-342d681c769d,Guardian
479ff4c9-10b6-a9d4-0b47-889f5d5d0174,1951,1969,42c4fca7-f8a9-3cd1-982a-dd9751bf3e2a,Guardian
479ff4c9-10b6-a9d4-0b47-889f5d5d0174,1970,2016,7caa7254-5050-3b5e-9eae-bd5ea30e809c,Self
365b21f7-9178-d320-2387-dad93f6e0f0c,1952,1970,4d71f845-a6a9-3c39-b242-14d25ef86a8d,Guardian
365b21f7-9178-d320-2387-dad93f6e0f0c,1971,2017,7caa7254-5050-3b5e-9eae-bd5ea30e809c,Self
c2d27339-f5e2-062a-fe54-e151db16686e,1993,2011,047f6ec3-6215-35eb-9608-f9dda363a44c,Guardian
abb744cb-9d56-49b1-21df-7de1d2990543,1984,2002,5059a55e-5d6e-34d1-b6cb-d83d16e57bcf,Guardian
3d4ba81f-3dd2-0428-2da3-15feb9acb21d,1955,1973,047f6ec3-6215-35eb-9608-f9dda363a44c,Guardian
3d4ba81f-3dd2-0428-2da3-15feb9acb21d,1974,2020,7caa7254-5050-3b5e-9eae-bd5ea30e809c,Self
126b1c0d-6e3c-bfc7-4445-ef2e6e2c306d,1952,1952,7c4411ce-02f1-39b5-b9ec-dfbea9ad3c1a,Self
126b1c0d-6e3c-bfc7-4445-ef2e6e2c306d,1953,2017,b3221cfc-24fb-339e-823d-bc4136cbc4ed,Self
709e150b-99e5-bacf-b0df-5e9d2949d720,1916,1934,5059a55e-5d6e-34d1-b6cb-d83d16e57bcf,Guardian
709e150b-99e5-bacf-b0df-5e9d2949d720,1935,1981,7caa7254-5050-3b5e-9eae-bd5ea30e809c,Self
11049097-194a-e4dd-0deb-86bce5f35d0a,1941,1959,42c4fca7-f8a9-3cd1-982a-dd9751bf3e2a,Guardian
11049097-194a-e4dd-0deb-86bce5f35d0a,1960,2006,7caa7254-5050-3b5e-9eae-bd5ea30e809c,Self
d201d5dd-6d80-e7eb-2b66-3246dab096d1,1919,1919,7c4411ce-02f1-39b5-b9ec-dfbea9ad3c1a,Self
d201d5dd-6d80-e7eb-2b66-3246dab096d1,1920,1984,b1c428d6-4f07-31e0-90f0-68ffa6ff8c76,Self
d201d5dd-6d80-e7eb-2b66-3246dab096d1,1985,2020,b3221cfc-24fb-339e-823d-bc4136cbc4ed,
c8af1f20-1a43-0184-1bc1-1c4d2c2428ea,1966,1984,047f6ec3-6215-35eb-9608-f9dda363a44c,Guardian
f0408054-8ee8-d74e-c44f-ec6d97df0b3a,1991,1991,7c4411ce-02f1-39b5-b9ec-dfbea9ad3c1a,Self
36c609a4-ddcb-481c-9cbe-10bbcbb154df,1980,1998,4d71f845-a6a9-3c39-b242-14d25ef86a8d,Guardian
5560c4eb-66e7-c8a9-3246-7d149c1a6266,1980,1998,d47b3510-2895-3b70-9897-342d681c769d,Guardian
39629565-fa81-1ba7-9a90-b403e538b485,1990,2008,5059a55e-5d6e-34d1-b6cb-d83d16e57bcf,Guardian
fcce0aab-a5de-6a8a-ba4d-62c913cc8104,1973,1973,b1c428d6-4f07-31e0-90f0-68ffa6ff8c76,
c094b378-4197-1e8b-3989-187acbf1cb49,2014,2014,7c4411ce-02f1-39b5-b9ec-dfbea9ad3c1a,Self
a6fd37ef-1af6-16d6-885f-32ea0a6ee87a,1999,1999,7c4411ce-02f1-39b5-b9ec-dfbea9ad3c1a,Self
e91b0d7e-c86a-c64d-9a87-1de3f0f0f01a,1963,1981,047f6ec3-6215-35eb-9608-f9dda363a44c,Guardian
d6d05e90-5a60-c6b4-a3cb-7e67e3e6e04b,1999,2017,4d71f845-a6a9-3c39-b242-14d25ef86a8d,Guardian
bded33fa-da4c-8e6f-8e1a-c223a0addce3,1980,1998,42c4fca7-f8a9-3cd1-982a-dd9751bf3e2a,Guardian
01cba93b-95a1-d174-f4be-4fe5f03da89e,1996,2014,6e2f1a2d-27bd-3701-8d08-dae202c58632,Guardian
a4dc5592-b3fa-37e1-3fb1-cc6ae2a5e6a9,1999,2017,d47b3510-2895-3b70-9897-342d681c769d,Guardian
faf1612b-dffa-b8b2-f42b-5b790b58f7c7,1982,2000,4d71f845-a6a9-3c39-b242-14d25ef86a8d,Guardian
aad5559f-5666-762a-3167-50065ee83cfd,1974,1992,42c4fca7-f8a9-3cd1-982a-dd9751bf3e2a,Guardian
0c25a807-e4d2-e050-62ed-6edcfee9097c,1933,1951,5059a55e-5d6e-34d1-b6cb-d83d16e57bcf,Guardian
0c25a807-e4d2-e050-62ed-6edcfee9097c,1952,1998,7caa7254-5050-3b5e-9eae-bd5ea30e809c,Self
12fa1fca-2e58-fd63-882a-4e0761a74e86,1952,1970,047f6ec3-6215-35eb-9608-f9dda363a44c,Guardian
12fa1fca-2e58-fd63-882a-4e0761a74e86,1971,1994,047f6ec3-6215-35eb-9608-f9dda363a44c,Self
cae0bb0b-78dd-78e9-854e-ad37c7250e83,1960,1978,d47b3510-2895-3b70-9897-342d681c769d,Guardian
8653c760-7332-22ab-e004-82e2f8253555,1991,2009,4d71f845-a6a9-3c39-b242-14d25ef86a8d,Guardian
d1914885-e749-529a-973b-32963b35c80b,1956,1974,d47b3510-2895-3b70-9897-342d681c769d,Guardian
3a4a34d1-80b1-f0fb-8ae9-3240aebac69b,1993,2011,047f6ec3-6215-35eb-9608-f9dda363a44c,Guardian
082c8f9a-7331-9719-df2e-ea309744b6b3,1989,2007,d47b3510-2895-3b70-9897-342d681c769d,Guardian
fa1e7992-1dd3-20d3-120a-aced4e31bfe2,1997,2015,42c4fca7-f8a9-3cd1-982a-dd9751bf3e2a,Guardian
2583ece4-05fe-69e6-2413-4ce7a0e9e27e,1996,2014,d47b3510-2895-3b70-9897-342d681c769d,Guardian
4ea6237c-ef5f-c5c7-94a7-b2a97dee5e10,1958,1976,4d71f845-a6a9-3c39-b242-14d25ef86a8d,Guardian
e32057eb-061c-ca2e-2786-a7477955f646,1952,1970,4d71f845-a6a9-3c39-b242-14d25ef86a8d,Guardian
e32057eb-061c-ca2e-2786-a7477955f646,1971,2017,7caa7254-5050-3b5e-9eae-bd5ea30e809c,Self
734414ef-da6a-d59b-2481-e8fb9a0e8e2b,1918,1936,047f6ec3-6215-35eb-9608-f9dda363a44c,Guardian
734414ef-da6a-d59b-2481-e8fb9a0e8e2b,1937,1983,7caa7254-5050-3b5e-9eae-bd5ea30e809c,Self
32ea7dde-2ce8-3f1e-d8e4-323c3b58e0fc,1981,1999,047f6ec3-6215-35eb-9608-f9dda363a44c,Guardian
b18f8be6-f127-042b-f1e3-b55624ecd995,1951,1969,4d71f845-a6a9-3c39-b242-14d25ef86a8d,Guardian
b18f8be6-f127-042b-f1e3-b55624ecd995,1970,2016,7caa7254-5050-3b5e-9eae-bd5ea30e809c,Self
efb8112a-7a88-8dca-1e75-07614947e213,1996,1996,7c4411ce-02f1-39b5-b9ec-dfbea9ad3c1a,Self
b8f05003-362d-cbf4-3189-8cef49b0ae7a,1960,1978,4d71f845-a6a9-3c39-b242-14d25ef86a8d,Guardian
bbb513ef-a7cc-29c1-a740-3fbee50ea939,1994,2012,6e2f1a2d-27bd-3701-8d08-dae202c58632,Guardian
d0f36118-94f3-0aa7-412c-4bbfe45aabfa,1978,1996,6e2f1a2d-27bd-3701-8d08-dae202c58632,Guardian
9c7c47f5-e9c6-838e-65b0-ead18ce0ee86,2003,2021,5059a55e-5d6e-34d1-b6cb-d83d16e57bcf,Guardian
cfeefe87-4d8a-683c-894b-ec7586e78b8b,1949,1967,047f6ec3-6215-35eb-9608-f9dda363a44c,Guardian
cfeefe87-4d8a-683c-894b-ec7586e78b8b,1968,2014,7caa7254-5050-3b5e-9eae-bd5ea30e809c,Self
9616048a-1bdb-43d4-4a4e-9f9ad11418dd,1985,2003,5059a55e-5d6e-34d1-b6cb-d83d16e57bcf,Guardian
c2a654b2-6cd7-7006-fafa-740c171a3376,1952,1952,7c4411ce-02f1-39b5-b9ec-dfbea9ad3c1a,Self
c2a654b2-6cd7-7006-fafa-740c171a3376,1953,2017,b1c428d6-4f07-31e0-90f0-68ffa6ff8c76,Self
239b7298-f866-e046-07a8-85f0e9bf1d03,1967,1985,42c4fca7-f8a9-3cd1-982a-dd9751bf3e2a,Guardian
6f87d488-8409-01c1-580e-8152bab04225,1979,1997,4d71f845-a6a9-3c39-b242-14d25ef86a8d,Guardian
8cdf4392-b28e-ef10-d557-564c164a7856,1955,1955,7c4411ce-02f1-39b5-b9ec-dfbea9ad3c1a,Self
8cdf4392-b28e-ef10-d557-564c164a7856,1956,2020,b3221cfc-24fb-339e-823d-bc4136cbc4ed,Self
8582f6bc-a648-5313-a36f-eb142aa6ea0f,1980,1998,42c4fca7-f8a9-3cd1-982a-dd9751bf3e2a,Guardian
e0f50db7-83f9-9f0e-c50d-588840f43592,1915,1915,b1c428d6-4f07-31e0-90f0-68ffa6ff8c76,
e0f50db7-83f9-9f0e-c50d-588840f43592,1916,1980,7caa7254-5050-3b5e-9eae-bd5ea30e809c,
696688b1-327a-5c54-c723-07b9c48c34e6,1943,1961,5059a55e-5d6e-34d1-b6cb-d83d16e57bcf,Guardian
696688b1-327a-5c54-c723-07b9c48c34e6,1962,2008,7caa7254-5050-3b5e-9eae-bd5ea30e809c,Self
01fdfa76-b03a-ca48-5d3b-0a6802ea935b,1941,1959,4d71f845-a6a9-3c39-b242-14d25ef86a8d,Guardian
01fdfa76-b03a-ca48-5d3b-0a6802ea935b,1960,2006,7caa7254-5050-3b5e-9eae-bd5ea30e809c,Self
ea1390cb-5e48-a277-064c-cc5542773852,2002,2002,b1c428d6-4f07-31e0-90f0-68ffa6ff8c76,
0b83216c-6029-cc4c-9409-1b1840829a76,1963,1981,4d71f845-a6a9-3c39-b242-14d25ef86a8d,Guardian
5d0dc7a1-f3a5-65da-1ea9-d262f86b0bc0,1995,1995,b1c428d6-4f07-31e0-90f0-68ffa6ff8c76,
bd68519e-015b-8562-2b02-9bbf5592391b,1918,1918,7c4411ce-02f1-39b5-b9ec-dfbea9ad3c1a,Self
bd68519e-015b-8562-2b02-9bbf5592391b,1919,1983,b3221cfc-24fb-339e-823d-bc4136cbc4ed,Self
df357819-1630-75dd-fbeb-9c3d2f675c13,1953,1953,b1c428d6-4f07-31e0-90f0-68ffa6ff8c76,
df357819-1630-75dd-fbeb-9c3d2f675c13,1954,2018,7caa7254-5050-3b5e-9eae-bd5ea30e809c,
939af785-9173-efcc-e3c4-9877b11a5151,2007,2007,b1c428d6-4f07-31e0-90f0-68ffa6ff8c76,
96fe2dd4-502f-2064-fb7d-59e323354fcc,1966,1984,047f6ec3-6215-35eb-9608-f9dda363a44c,Guardian
d6d92f1d-77e9-2205-6455-10f8c5a0a51f,1974,1992,d47b3510-2895-3b70-9897-342d681c769d,Guardian
5d92da28-9f7e-6c0a-2fa1-6358a2b2bf6e,1986,2004,d47b3510-2895-3b70-9897-342d681c769d,Guardian
ab8757c8-2566-9ff3-c0bc-23acdba966e9,1997,2015,42c4fca7-f8a9-3cd1-982a-dd9751bf3e2a,Guardian
b9320ea0-b9b9-f8a1-c384-a8cc697c842a,1915,1915,b1c428d6-4f07-31e0-90f0-68ffa6ff8c76,
b9320ea0-b9b9-f8a1-c384-a8cc697c842a,1916,1980,7caa7254-5050-3b5e-9eae-bd5ea30e809c,
82085433-57a5-67a0-16c9-5d63945b525f,1945,1963,047f6ec3-6215-35eb-9608-f9dda363a44c,Guardian
82085433-57a5-67a0-16c9-5d63945b525f,1964,2010,7caa7254-5050-3b5e-9eae-bd5ea30e809c,Self
8c58063b-53fa-0a83-be71-bd7fffb326ab,1988,1988,b1c428d6-4f07-31e0-90f0-68ffa6ff8c76,
0b16a71c-ef74-a044-f4ac-a828575edbf7,1992,2010,4d71f845-a6a9-3c39-b242-14d25ef86a8d,Guardian
7f6b7b3d-2211-85c7-9ba3-c1c61622f77c,1955,1973,5059a55e-5d6e-34d1-b6cb-d83d16e57bcf,Guardian
7f6b7b3d-2211-85c7-9ba3-c1c61622f77c,1974,2020,7caa7254-5050-3b5e-9eae-bd5ea30e809c,Self
4f8bbdb6-5730-847c-9e05-51ae0312b507,1964,1964,7c4411ce-02f1-39b5-b9ec-dfbea9ad3c1a,Self
f9004e8d-7a3a-46e7-64a7-9bbb73ada259,1974,1992,047f6ec3-6215-35eb-9608-f9dda363a44c,Guardian
b5c47a1c-c73d-7f52-9737-9aea776bbb58,1960,1978,4d71f845-a6a9-3c39-b242-14d25ef86a8d,Guardian
93bac262-dd91-cb1c-a241-b20bac16e88b,1954,1972,4d71f845-a6a9-3c39-b242-14d25ef86a8d,Guardian
93bac262-dd91-cb1c-a241-b20bac16e88b,1973,2019,7caa7254-5050-3b5e-9eae-bd5ea30e809c,Self
89fdad28-e238-35a3-3a9f-e3c9c166097b,1915,1933,d47b3510-2895-3b70-9897-342d681c769d,Guardian
89fdad28-e238-35a3-3a9f-e3c9c166097b,1934,1980,7caa7254-5050-3b5e-9eae-bd5ea30e809c,Self
6befaf9d-c220-1b8a-9ef3-67ea8595ee63,1967,1985,d47b3510-2895-3b70-9897-342d681c769d,Guardian
3273d848-6afa-172f-b9a9-4fe299687176,1952,1952,7c4411ce-02f1-39b5-b9ec-dfbea9ad3c1a,Self
3273d848-6afa-172f-b9a9-4fe299687176,1953,2017,b3221cfc-24fb-339e-823d-bc4136cbc4ed,Self
f132b9a2-5c49-799d-155f-6c3ce2f76063,1999,2017,42c4fca7-f8a9-3cd1-982a-dd9751bf3e2a,Guardian
7a82c251-c1ef-4266-9360-bcd908e59ba1,1957,1957,b1c428d6-4f07-31e0-90f0-68ffa6ff8c76,
c766fd61-c77b-a729-583a-367d698143c1,2002,2002,7c4411ce-02f1-39b5-b9ec-dfbea9ad3c1a,Self
6f507529-dfbb-6d67-313e-97ebc6689dde,1987,1987,b1c428d6-4f07-31e0-90f0-68ffa6ff8c76,
6f507529-dfbb-6d67-313e-97ebc6689dde,1988,2020,7c4411ce-02f1-39b5-b9ec-dfbea9ad3c1a,
1669d324-8b05-e4a2-ba74-a3c7ef70c00a,1991,1991,b1c428d6-4f07-31e0-90f0-68ffa6ff8c76,
de68655c-11c8-92a1-1901-a70bf50b5a1a,1950,1968,42c4fca7-f8a9-3cd1-982a-dd9751bf3e2a,Guardian
de68655c-11c8-92a1-1901-a70bf50b5a1a,1969,2015,7caa7254-5050-3b5e-9eae-bd5ea30e809c,Self
fe0e11d5-c3a8-faa1-96d3-c459e20a2fd2,1946,1964,42c4fca7-f8a9-3cd1-982a-dd9751bf3e2a,Guardian
fe0e11d5-c3a8-faa1-96d3-c459e20a2fd2,1965,2011,7caa7254-5050-3b5e-9eae-bd5ea30e809c,Self
07ba3a66-09f0-f8b3-0639-4bab62cd4320,1939,1957,047f6ec3-6215-35eb-9608-f9dda363a44c,Guardian
07ba3a66-09f0-f8b3-0639-4bab62cd4320,1958,2004,7caa7254-5050-3b5e-9eae-bd5ea30e809c,Self
1a362683-8d02-ada3-bd73-192c70130a86,1988,2006,047f6ec3-6215-35eb-9608-f9dda363a44c,Guardian
913b2ec7-ead2-e18e-761d-2b2469142236,1978,1996,6e2f1a2d-27bd-3701-8d08-dae202c58632,Guardian
447387df-5647-2fc3-d842-95011aec2f58,1997,1997,b1c428d6-4f07-31e0-90f0-68ffa6ff8c76,
06581294-1606-07f0-399f-096c62cf12e9,1985,2003,5059a55e-5d6e-34d1-b6cb-d83d16e57bcf,Guardian
925cd542-1329-400d-1597-92f6b1dd1166,1915,1933,d47b3510-2895-3b70-9897-342d681c769d,Guardian
925cd542-1329-400d-1597-92f6b1dd1166,1934,1980,7caa7254-5050-3b5e-9eae-bd5ea30e809c,Self
c27e0566-6b9e-44a4-7716-1bee23091434,2002,2002,7c4411ce-02f1-39b5-b9ec-dfbea9ad3c1a,Self
f04c72be-1343-c475-54fd-7444c57a7c35,1954,1954,b1c428d6-4f07-31e0-90f0-68ffa6ff8c76,
f04c72be-1343-c475-54fd-7444c57a7c35,1955,2019,7caa7254-5050-3b5e-9eae-bd5ea30e809c,
f9a2a913-7b81-b713-860a-bd32e57e9f81,1947,1965,42c4fca7-f8a9-3cd1-982a-dd9751bf3e2a,Guardian
f9a2a913-7b81-b713-860a-bd32e57e9f81,1966,2012,7caa7254-5050-3b5e-9eae-bd5ea30e809c,Self
fd263817-8fa3-c892-b4e8-9369baad8fc3,1982,2000,42c4fca7-f8a9-3cd1-982a-dd9751bf3e2a,Guardian
a9bfed5e-3b35-6ae9-3441-a9607538b5e1,1953,1953,b1c428d6-4f07-31e0-90f0-68ffa6ff8c76,
a9bfed5e-3b35-6ae9-3441-a9607538b5e1,1954,2018,7caa7254-5050-3b5e-9eae-bd5ea30e809c,
3057427b-da0f-4c80-9a34-57178fbc9cd1,1956,1974,4d71f845-a6a9-3c39-b242-14d25ef86a8d,Guardian
3057427b-da0f-4c80-9a34-57178fbc9cd1,1975,2021,7caa7254-5050-3b5e-9eae-bd5ea30e809c,Self
6e58ea0e-5dfd-632a-2a2d-6d036cc78430,1938,1956,d47b3510-2895-3b70-9897-342d681c769d,Guardian
6e58ea0e-5dfd-632a-2a2d-6d036cc78430,1957,2003,7caa7254-5050-3b5e-9eae-bd5ea30e809c,Self
001e7f58-d73d-0e24-75df-44caaac4197e,1997,2015,047f6ec3-6215-35eb-9608-f9dda363a44c,Guardian
54f1242a-f06e-1e4c-4404-8e6cff0b5df0,1942,1960,5059a55e-5d6e-34d1-b6cb-d83d16e57bcf,Guardian
54f1242a-f06e-1e4c-4404-8e6cff0b5df0,1961,2007,7caa7254-5050-3b5e-9eae-bd5ea30e809c,Self
83b7e6d7-8e0b-d424-a930-a5df3f216f1f,1975,1993,4d71f845-a6a9-3c39-b242-14d25ef86a8d,Guardian
c70ecf52-af8e-3689-f15d-9a56e036047b,1969,1987,5059a55e-5d6e-34d1-b6cb-d83d16e57bcf,Guardian
cb8494dc-6bfd-f9d7-47ff-78aa25a6fa74,1915,1933,d47b3510-2895-3b70-9897-342d681c769d,Guardian
cb8494dc-6bfd-f9d7-47ff-78aa25a6fa74,1934,1980,7caa7254-5050-3b5e-9eae-bd5ea30e809c,Self
aa7b9b09-86dd-eccf-5dc6-d91bb204824b,1968,1968,b1c428d6-4f07-31e0-90f0-68ffa6ff8c76,
aa7b9b09-86dd-eccf-5dc6-d91bb204824b,1969,1969,7c4411ce-02f1-39b5-b9ec-dfbea9ad3c1a,
aa7b9b09-86dd-eccf-5dc6-d91bb204824b,1970,1974,b1c428d6-4f07-31e0-90f0-68ffa6ff8c76,Self
aa7b9b09-86dd-eccf-5dc6-d91bb204824b,1975,1975,7c4411ce-02f1-39b5-b9ec-dfbea9ad3c1a,
aa7b9b09-86dd-eccf-5dc6-d91bb204824b,1976,1979,b1c428d6-4f07-31e0-90f0-68ffa6ff8c76,Self
aa7b9b09-86dd-eccf-5dc6-d91bb204824b,1980,1980,7c4411ce-02f1-39b5-b9ec-dfbea9ad3c1a,
aa7b9b09-86dd-eccf-5dc6-d91bb204824b,1981,1985,b1c428d6-4f07-31e0-90f0-68ffa6ff8c76,Self
aa7b9b09-86dd-eccf-5dc6-d91bb204824b,1986,1986,7c4411ce-02f1-39b5-b9ec-dfbea9ad3c1a,
aa7b9b09-86dd-eccf-5dc6-d91bb204824b,1987,1991,b1c428d6-4f07-31e0-90f0-68ffa6ff8c76,Self
aa7b9b09-86dd-eccf-5dc6-d91bb204824b,1992,1992,7c4411ce-02f1-39b5-b9ec-dfbea9ad3c1a,
aa7b9b09-86dd-eccf-5dc6-d91bb204824b,1993,1996,b1c428d6-4f07-31e0-90f0-68ffa6ff8c76,Self
aa7b9b09-86dd-eccf-5dc6-d91bb204824b,1997,1997,7c4411ce-02f1-39b5-b9ec-dfbea9ad3c1a,
aa7b9b09-86dd-eccf-5dc6-d91bb204824b,1998,2002,b1c428d6-4f07-31e0-90f0-68ffa6ff8c76,Spouse
aa7b9b09-86dd-eccf-5dc6-d91bb204824b,2003,2003,7c4411ce-02f1-39b5-b9ec-dfbea9ad3c1a,
aa7b9b09-86dd-eccf-5dc6-d91bb204824b,2004,2007,b1c428d6-4f07-31e0-90f0-68ffa6ff8c76,Spouse
aa7b9b09-86dd-eccf-5dc6-d91bb204824b,2008,2008,7c4411ce-02f1-39b5-b9ec-dfbea9ad3c1a,
aa7b9b09-86dd-eccf-5dc6-d91bb204824b,2009,2013,b1c428d6-4f07-31e0-90f0-68ffa6ff8c76,Self
aa7b9b09-86dd-eccf-5dc6-d91bb204824b,2014,2014,7c4411ce-02f1-39b5-b9ec-dfbea9ad3c1a,
aa7b9b09-86dd-eccf-5dc6-d91bb204824b,2015,2019,b1c428d6-4f07-31e0-90f0-68ffa6ff8c76,Spouse
aa7b9b09-86dd-eccf-5dc6-d91bb204824b,2020,2020,7c4411ce-02f1-39b5-b9ec-dfbea9ad3c1a,
acbbb36b-b0dc-72ed-451f-9315964b65c8,2001,2019,42c4fca7-f8a9-3cd1-982a-dd9751bf3e2a,Guardian
45c38c40-059e-2328-ca3c-18d4d50046d9,1998,1998,7c4411ce-02f1-39b5-b9ec-dfbea9ad3c1a,Self
929e5494-c7f0-05e2-0dde-0a230f980a43,1978,1996,4d71f845-a6a9-3c39-b242-14d25ef86a8d,Guardian
a4b72a75-d771-23f5-ad5e-3ce507c3052e,1955,1973,d47b3510-2895-3b70-9897-342d681c769d,Guardian
a4b72a75-d771-23f5-ad5e-3ce507c3052e,1974,2020,7caa7254-5050-3b5e-9eae-bd5ea30e809c,Self
d6746bb5-87f8-ddaf-cec7-4d3b8b03ee0d,1994,2012,d47b3510-2895-3b70-9897-342d681c769d,Guardian
12730299-7372-f468-9d6b-26253455518a,1979,1997,d47b3510-2895-3b70-9897-342d681c769d,Guardian
c62de665-9a3c-d80b-0cf7-bea51795a0bb,1993,2011,047f6ec3-6215-35eb-9608-f9dda363a44c,Guardian
785d9fb4-1935-0494-fddf-fd7554f0021b,1916,1934,6e2f1a2d-27bd-3701-8d08-dae202c58632,Guardian
785d9fb4-1935-0494-fddf-fd7554f0021b,1935,1981,7caa7254-5050-3b5e-9eae-bd5ea30e809c,Self
785d9fb4-1935-0494-fddf-fd7554f0021b,1982,1999,7caa7254-5050-3b5e-9eae-bd5ea30e809c,Self
df65a132-fd32-869d-50f5-1c3c1c31a8c3,1971,1989,d47b3510-2895-3b70-9897-342d681c769d,Guardian
c111d743-9fd4-2566-a861-32cae394105e,1961,1979,42c4fca7-f8a9-3cd1-982a-dd9751bf3e2a,Guardian
293809b6-ab33-390b-b8f2-3770e8491232,1947,1965,4d71f845-a6a9-3c39-b242-14d25ef86a8d,Guardian
293809b6-ab33-390b-b8f2-3770e8491232,1966,2012,7caa7254-5050-3b5e-9eae-bd5ea30e809c,Self
aa88d969-4809-634c-48bf-22920af4a52c,2000,2000,b1c428d6-4f07-31e0-90f0-68ffa6ff8c76,
744899cc-860d-0dac-3bde-dfa8970ad095,1977,1995,4d71f845-a6a9-3c39-b242-14d25ef86a8d,Guardian
4fa38e0f-b662-edc6-0113-603962fe9f24,1957,1975,047f6ec3-6215-35eb-9608-f9dda363a44c,Guardian
ff9134fc-bb60-0d20-fa0c-b07811533442,1965,1983,6e2f1a2d-27bd-3701-8d08-dae202c58632,Guardian
d79ff80f-19c8-479c-9858-f8d72c32a517,1979,1997,5059a55e-5d6e-34d1-b6cb-d83d16e57bcf,Guardian
c324585f-3b3c-3f97-f7a4-b8868ae385e5,2001,2019,047f6ec3-6215-35eb-9608-f9dda363a44c,Guardian
c67970ed-e69b-82bb-a2b7-5a6ea9c96ff7,2000,2018,d47b3510-2895-3b70-9897-342d681c769d,Guardian
47c2f395-d447-36dd-8c38-a3d777ea5c76,1916,1934,42c4fca7-f8a9-3cd1-982a-dd9751bf3e2a,Guardian
47c2f395-d447-36dd-8c38-a3d777ea5c76,1935,1981,7caa7254-5050-3b5e-9eae-bd5ea30e809c,Self
939438f9-16dd-2fe8-0d37-9ace18065e8a,1997,2015,4d71f845-a6a9-3c39-b242-14d25ef86a8d,Guardian
6396e4ee-f27f-03ef-5cd5-ad50237daf7f,1960,1960,b1c428d6-4f07-31e0-90f0-68ffa6ff8c76,
04753051-7723-b5eb-7d10-db8ddb3d7461,1974,1992,d47b3510-2895-3b70-9897-342d681c769d,Guardian
946ad51a-1bc8-2315-cbe9-5b64b123d263,1982,2000,6e2f1a2d-27bd-3701-8d08-dae202c58632,Guardian
1bb7c982-a1be-f574-4007-6a7ff06fc3bb,1961,1961,7c4411ce-02f1-39b5-b9ec-dfbea9ad3c1a,Self
a722c1ac-16a3-7156-3f1b-303a5663cf6b,1982,2000,d47b3510-2895-3b70-9897-342d681c769d,Guardian
7ef3859d-9d71-0b04-4aab-6bb3a9dffa43,1954,1955,047f6ec3-6215-35eb-9608-f9dda363a44c,Guardian
7f13004e-99e5-2291-9476-dbd35048cfc1,1978,1978,b1c428d6-4f07-31e0-90f0-68ffa6ff8c76,
298c1215-0805-73c5-e951-bdc7c76ef71d,1956,1974,6e2f1a2d-27bd-3701-8d08-dae202c58632,Guardian
298c1215-0805-73c5-e951-bdc7c76ef71d,1975,2021,7caa7254-5050-3b5e-9eae-bd5ea30e809c,Self
2fcd02a5-5f04-9c3f-db9a-8b7cbcb82cbb,1991,2009,d47b3510-2895-3b70-9897-342d681c769d,Guardian
b401be1c-bd2b-8121-c88c-7534dbb52b97,1961,1979,5059a55e-5d6e-34d1-b6cb-d83d16e57bcf,Guardian
d6c2b6c7-c133-056f-5f08-2318c971fe68,1988,1988,7c4411ce-02f1-39b5-b9ec-dfbea9ad3c1a,Self
c414c82e-7ca9-4ac0-a2a5-6e623ab8ebe3,1997,2015,d47b3510-2895-3b70-9897-342d681c769d,Guardian
974ba735-768b-3eec-b49b-6c0346cdcd1f,2005,2005,b1c428d6-4f07-31e0-90f0-68ffa6ff8c76,
f5eca783-0451-4803-0b0d-b054c9b44471,1951,1969,d47b3510-2895-3b70-9897-342d681c769d,Guardian
f5eca783-0451-4803-0b0d-b054c9b44471,1970,2016,7caa7254-5050-3b5e-9eae-bd5ea30e809c,Self
f32d0f8f-c496-bd1d-5d81-5c87ffff521c,1998,1998,7c4411ce-02f1-39b5-b9ec-dfbea9ad3c1a,Self
c951788a-d319-7edd-1ab4-a0f80543d255,2000,2018,4d71f845-a6a9-3c39-b242-14d25ef86a8d,Guardian
310cf7b4-4781-0371-8d6c-70077f0911b3,1954,1972,6e2f1a2d-27bd-3701-8d08-dae202c58632,Guardian
310cf7b4-4781-0371-8d6c-70077f0911b3,1973,2019,7caa7254-5050-3b5e-9eae-bd5ea30e809c,Self
568dc11d-8c3a-8d1e-6cb3-8b7236707f3e,1967,1985,047f6ec3-6215-35eb-9608-f9dda363a44c,Guardian
a98ae069-134e-37b8-2ef0-ba17338857df,1982,2000,d47b3510-2895-3b70-9897-342d681c769d,Guardian
9aa1256f-724d-cd38-0a2b-f5f63a1c9f33,2020,2020,7c4411ce-02f1-39b5-b9ec-dfbea9ad3c1a,Self
692f31c4-4ddc-fe0a-39b3-b8381210e93f,1959,1977,d47b3510-2895-3b70-9897-342d681c769d,Guardian
06d116dd-536a-8fae-8936-5dcf177825c6,1983,2001,047f6ec3-6215-35eb-9608-f9dda363a44c,Guardian
b165293d-0147-9954-197b-e8415e43a797,1952,1970,047f6ec3-6215-35eb-9608-f9dda363a44c,Guardian
b165293d-0147-9954-197b-e8415e43a797,1971,2017,7caa7254-5050-3b5e-9eae-bd5ea30e809c,Self
1506676d-866b-e7b9-e5b6-5154e1b6aefe,1977,1995,4d71f845-a6a9-3c39-b242-14d25ef86a8d,Guardian
26c67d84-36dd-f769-4c73-c7425b741068,1993,1993,b1c428d6-4f07-31e0-90f0-68ffa6ff8c76,
a8f8086d-fd22-fc84-be54-71ddf53a316d,1984,2002,5059a55e-5d6e-34d1-b6cb-d83d16e57bcf,Guardian
21d4288d-8ac3-dc71-b9d0-43b6e31b35fe,1969,1987,5059a55e-5d6e-34d1-b6cb-d83d16e57bcf,Guardian
e05919de-78a6-ac68-3f3a-726e49a72738,1972,1972,b1c428d6-4f07-31e0-90f0-68ffa6ff8c76,
e05919de-78a6-ac68-3f3a-726e49a72738,1973,1979,b1c428d6-4f07-31e0-90f0-68ffa6ff8c76,
139fe047-98e7-4b97-4bc9-a23411ffab72,1993,2011,5059a55e-5d6e-34d1-b6cb-d83d16e57bcf,Guardian
3dd0934f-d978-ae6d-c8b9-90fc86438b69,1967,1985,047f6ec3-6215-35eb-9608-f9dda363a44c,Guardian
45cfc257-ab83-2db8-9d8f-3a36e29c26a2,1957,1975,4d71f845-a6a9-3c39-b242-14d25ef86a8d,Guardian
2f5302e3-df86-b251-6e5d-3368264c13e3,2000,2018,047f6ec3-6215-35eb-9608-f9dda363a44c,Guardian
e110dbeb-4336-10f4-36a2-2c07c3b32c98,2003,2003,b1c428d6-4f07-31e0-90f0-68ffa6ff8c76,
ce59d0fb-1433-3e77-cbe3-cccfd7b5b353,1972,1972,b1c428d6-4f07-31e0-90f0-68ffa6ff8c76,
c01b6c89-8295-bb4e-8cfe-aaf6374ada4b,1971,1971,7c4411ce-02f1-39b5-b9ec-dfbea9ad3c1a,Self
0b2bb717-1aef-f4b6-2619-d017b661fd4b,1965,1983,4d71f845-a6a9-3c39-b242-14d25ef86a8d,Guardian
6ac2c504-86ad-ada7-75f8-c9c7c14ed85b,1944,1962,047f6ec3-6215-35eb-9608-f9dda363a44c,Guardian
6ac2c504-86ad-ada7-75f8-c9c7c14ed85b,1963,2009,7caa7254-5050-3b5e-9eae-bd5ea30e809c,Self
b7678307-fb26-de38-1038-14c463e4f7b0,1962,1962,b1c428d6-4f07-31e0-90f0-68ffa6ff8c76,
1c2bd035-ca6b-cbd7-00ed-2170c4a91402,1996,1996,7c4411ce-02f1-39b5-b9ec-dfbea9ad3c1a,Self
bfb2c77c-556a-a44f-f865-b26b9f3199c4,1947,1965,6e2f1a2d-27bd-3701-8d08-dae202c58632,Guardian
bfb2c77c-556a-a44f-f865-b26b9f3199c4,1966,2012,7caa7254-5050-3b5e-9eae-bd5ea30e809c,Self
8e233acf-8edd-01a5-a8b1-5897a7fb8be7,1925,1925,b1c428d6-4f07-31e0-90f0-68ffa6ff8c76,
8e233acf-8edd-01a5-a8b1-5897a7fb8be7,1926,1990,7caa7254-5050-3b5e-9eae-bd5ea30e809c,
aa0d210e-40d6-cc9f-cecb-f99886b1ee62,1984,2002,047f6ec3-6215-35eb-9608-f9dda363a44c,Guardian
5bc99934-d121-28d0-936a-cb386b887b80,1990,2008,5059a55e-5d6e-34d1-b6cb-d83d16e57bcf,Guardian
df272c03-85e4-3d8f-b703-e2183e594ac8,2000,2000,7c4411ce-02f1-39b5-b9ec-dfbea9ad3c1a,Self
37479261-b5f1-2159-f6c0-0a3c42bf6e9c,2001,2019,d47b3510-2895-3b70-9897-342d681c769d,Guardian
f977ff1c-2898-2b46-2076-ebe4d501c4c7,1977,1995,42c4fca7-f8a9-3cd1-982a-dd9751bf3e2a,Guardian
7f051152-e346-95dd-042b-ad94d9c9dbd0,1919,1919,7c4411ce-02f1-39b5-b9ec-dfbea9ad3c1a,Self
7f051152-e346-95dd-042b-ad94d9c9dbd0,1920,1984,b3221cfc-24fb-339e-823d-bc4136cbc4ed,Self
7f051152-e346-95dd-042b-ad94d9c9dbd0,1985,2015,b3221cfc-24fb-339e-823d-bc4136cbc4ed,Self
27a2833e-969f-5e58-697c-a949101b5053,1931,1949,5059a55e-5d6e-34d1-b6cb-d83d16e57bcf,Guardian
f3277b65-7f10-f732-b5fb-19402506dbc5,1969,1987,6e2f1a2d-27bd-3701-8d08-dae202c58632,Guardian
23b49184-36d3-04e0-4b59-badd560d5a9e,1961,1979,5059a55e-5d6e-34d1-b6cb-d83d16e57bcf,Guardian
605e0661-4571-7d37-cc0a-e6443180868d,1963,1963,7c4411ce-02f1-39b5-b9ec-dfbea9ad3c1a,Self
bd0e64b0-e12a-1973-c517-ad8305cab48b,1919,1919,7c4411ce-02f1-39b5-b9ec-dfbea9ad3c1a,Self
bd0e64b0-e12a-1973-c517-ad8305cab48b,1920,1984,b3221cfc-24fb-339e-823d-bc4136cbc4ed,Self
77d1c6a7-042e-1301-d264-c429ec482e0d,1931,1949,d47b3510-2895-3b70-9897-342d681c769d,Guardian
77d1c6a7-042e-1301-d264-c429ec482e0d,1950,1996,7caa7254-5050-3b5e-9eae-bd5ea30e809c,Self
d9049bd1-c9f7-f7a8-87da-c8d9a5e05ff3,1919,1919,7c4411ce-02f1-39b5-b9ec-dfbea9ad3c1a,Self
d9049bd1-c9f7-f7a8-87da-c8d9a5e05ff3,1920,1984,b3221cfc-24fb-339e-823d-bc4136cbc4ed,Self
