DATE,PATIENT,ENCOUNTER,CODE,DESCRIPTION,BASE_COST,REASONCODE,REASONDESCRIPTION
2020-07-12T14:03:39Z,f852be14-d93a-159a-dfcb-59631e4f8aa4,476a1f70-20c0-ddf7-a6cc-131808328130,54550000,Seizure Count Cerebral Cortex Electroencephalogram (EEG),11001.62,,
2016-11-19T16:01:38Z,82257e11-3837-f77e-3ea2-56ac99a47eed,f011cecf-c91f-9d33-5fb7-6c6a689719b5,40701008,Echocardiography (procedure),738.19,230690007,Stroke
2016-11-19T16:01:38Z,82257e11-3837-f77e-3ea2-56ac99a47eed,f011cecf-c91f-9d33-5fb7-6c6a689719b5,433112001,Percutaneous mechanical thrombectomy of portal vein using fluoroscopic guidance,17099.61,230690007,Stroke
2014-09-08T01:52:43Z,e9baa9cd-ac84-eca0-057e-afb3485715b2,17a89fce-eebc-3a56-9465-af2b4ea948d2,18286008,Catheter ablation of tissue of heart,9376.99,49436004,Atrial Fibrillation
2015-09-14T01:52:43Z,e9baa9cd-ac84-eca0-057e-afb3485715b2,ecd3b7b2-fc9e-333d-ebba-21f98694882f,180325003,Electrical cardioversion,28651.66,49436004,Atrial Fibrillation
2016-09-19T01:52:43Z,e9baa9cd-ac84-eca0-057e-afb3485715b2,bee12b53-03ac-947c-051f-7912c16a9890,18286008,Catheter ablation of tissue of heart,15309.51,49436004,Atrial Fibrillation
2017-09-25T01:52:43Z,e9baa9cd-ac84-eca0-057e-afb3485715b2,96b7d575-bc03-2a71-1f18-c6808aff8315,180325003,Electrical cardioversion,43430.01,49436004,Atrial Fibrillation
2018-10-01T01:52:43Z,e9baa9cd-ac84-eca0-057e-afb3485715b2,6a221c59-a782-79e9-41e7-e3e925a32fc5,18286008,Catheter ablation of tissue of heart,6407.91,49436004,Atrial Fibrillation
2019-10-07T01:52:43Z,e9baa9cd-ac84-eca0-057e-afb3485715b2,93ae2bc7-72e6-729e-044a-0cbb00e9c5b1,180325003,Electrical cardioversion,42730.49,49436004,Atrial Fibrillation
2020-10-12T01:52:43Z,e9baa9cd-ac84-eca0-057e-afb3485715b2,458f3c5f-df37-4600-4627-67a43ad76958,180325003,Electrical cardioversion,32452.84,49436004,Atrial Fibrillation
1998-08-13T10:25:25Z,5f23ef40-0bda-364a-9bf6-4496d1f48c38,0773ebc4-5e79-cf7f-3cf2-38700f8b1cb1,40701008,Echocardiography (procedure),1715.36,22298006,Myocardial Infarction
1998-08-13T10:25:25Z,5f23ef40-0bda-364a-9bf6-4496d1f48c38,0773ebc4-5e79-cf7f-3cf2-38700f8b1cb1,415070008,Percutaneous coronary intervention,41221.40,22298006,Myocardial Infarction
1998-08-13T10:25:25Z,5f23ef40-0bda-364a-9bf6-4496d1f48c38,0773ebc4-5e79-cf7f-3cf2-38700f8b1cb1,232717009,Coronary artery bypass grafting,49867.47,22298006,Myocardial Infarction
2019-02-26T12:20:47Z,f2c3e2d9-4d8b-ce98-7d8b-804efdc26be1,450030b6-13e6-9470-6e13-d808273a3af6,180325003,Electrical cardioversion,26680.38,49436004,Atrial Fibrillation
2020-03-03T12:20:47Z,f2c3e2d9-4d8b-ce98-7d8b-804efdc26be1,a9c0d1e0-e856-32ae-6d47-9464b4ab18c3,180325003,Electrical cardioversion,38304.32,49436004,Atrial Fibrillation
2021-02-07T08:05:46Z,20c70061-f645-f577-fe72-c29a4ff1a027,e2c0de06-ef6f-bccd-6bd9-0df39c1aa470,40701008,Echocardiography (procedure),786.87,22298006,Myocardial Infarction
2021-02-07T08:05:46Z,20c70061-f645-f577-fe72-c29a4ff1a027,e2c0de06-ef6f-bccd-6bd9-0df39c1aa470,415070008,Percutaneous coronary intervention,29477.03,22298006,Myocardial Infarction
2021-02-07T08:05:46Z,20c70061-f645-f577-fe72-c29a4ff1a027,e2c0de06-ef6f-bccd-6bd9-0df39c1aa470,232717009,Coronary artery bypass grafting,47501.93,22298006,Myocardial Infarction
2017-05-20T23:42:44Z,4af0b725-ad9a-3946-d92b-70034cacc9f4,37905e56-c165-6039-e892-bcc8de5e7fff,180325003,Electrical cardioversion,27532.41,49436004,Atrial Fibrillation
2018-05-26T23:42:44Z,4af0b725-ad9a-3946-d92b-70034cacc9f4,4f34014b-5975-e2d9-e66c-8b9907a0d119,180325003,Electrical cardioversion,30783.13,49436004,Atrial Fibrillation
2019-06-01T23:42:44Z,4af0b725-ad9a-3946-d92b-70034cacc9f4,55b4ad31-9af6-fd78-aa8f-fcc7593f7bc2,180325003,Electrical cardioversion,37630.43,49436004,Atrial Fibrillation
2020-06-06T23:42:44Z,4af0b725-ad9a-3946-d92b-70034cacc9f4,1bc0dba5-0740-4e31-774c-5de1ab20fea6,180325003,Electrical cardioversion,30879.01,49436004,Atrial Fibrillation
2001-02-18T05:39:52Z,c23f1287-5b2e-6e0b-2182-6b9263ae63fc,6fcb089b-c570-9f25-58b4-28e4e0021e1a,40701008,Echocardiography (procedure),1245.80,230690007,Stroke
2001-02-18T05:39:52Z,c23f1287-5b2e-6e0b-2182-6b9263ae63fc,6fcb089b-c570-9f25-58b4-28e4e0021e1a,433112001,Percutaneous mechanical thrombectomy of portal vein using fluoroscopic guidance,25229.37,230690007,Stroke
2013-02-27T14:23:58Z,2a07b7f7-5182-43b9-693c-7a37ee108984,be6a9b64-b2c6-3966-ed06-1112842e032d,40701008,Echocardiography (procedure),1216.09,230690007,Stroke
2013-02-27T14:23:58Z,2a07b7f7-5182-43b9-693c-7a37ee108984,be6a9b64-b2c6-3966-ed06-1112842e032d,433112001,Percutaneous mechanical thrombectomy of portal vein using fluoroscopic guidance,24934.45,230690007,Stroke
2011-12-08T23:14:33Z,75495c28-9994-213c-1307-787c01ddd367,3d3ae891-1e8c-3685-dcf2-c98b0280a755,180325003,Electrical cardioversion,28655.06,49436004,Atrial Fibrillation
2012-12-13T23:14:33Z,75495c28-9994-213c-1307-787c01ddd367,3d0ba9b0-d751-1da8-09c2-d7fc6ae94f2a,18286008,Catheter ablation of tissue of heart,16547.97,49436004,Atrial Fibrillation
2013-12-19T23:14:33Z,75495c28-9994-213c-1307-787c01ddd367,22c823b6-60de-68d0-410c-a2fcc761c9d3,180325003,Electrical cardioversion,38350.60,49436004,Atrial Fibrillation
2014-12-25T23:14:33Z,75495c28-9994-213c-1307-787c01ddd367,645f4834-ef39-c7a5-7b68-98ae28ed3361,18286008,Catheter ablation of tissue of heart,17818.61,49436004,Atrial Fibrillation
2015-12-31T23:14:33Z,75495c28-9994-213c-1307-787c01ddd367,6bd71409-09af-edcb-a04b-7b1a6a6f24dd,18286008,Catheter ablation of tissue of heart,10208.36,49436004,Atrial Fibrillation
2017-01-05T23:14:33Z,75495c28-9994-213c-1307-787c01ddd367,4692f665-cada-6e68-e16d-6f64cf25e567,180325003,Electrical cardioversion,27655.85,49436004,Atrial Fibrillation
2018-01-11T23:14:33Z,75495c28-9994-213c-1307-787c01ddd367,6cb1152e-6429-4be3-d436-4c410f3409a1,18286008,Catheter ablation of tissue of heart,9315.67,49436004,Atrial Fibrillation
2019-01-17T23:14:33Z,75495c28-9994-213c-1307-787c01ddd367,65070282-b80f-3fef-bafb-dba6201a254d,180325003,Electrical cardioversion,27220.72,49436004,Atrial Fibrillation
2020-01-23T23:14:33Z,75495c28-9994-213c-1307-787c01ddd367,71bbb79c-425b-ffc7-7376-03c271e77334,180325003,Electrical cardioversion,35995.84,49436004,Atrial Fibrillation
2021-01-28T23:14:33Z,75495c28-9994-213c-1307-787c01ddd367,d305e8dc-5d40-00ba-dd98-0b2ce4f29749,180325003,Electrical cardioversion,36796.08,49436004,Atrial Fibrillation
2015-01-27T12:39:52Z,5945d696-61ed-650a-c8dc-9ffa9ca1748e,07a12e9a-af3f-090d-a4df-67a7e0a81a6f,54550000,Seizure Count Cerebral Cortex Electroencephalogram (EEG),8470.53,,
2018-11-15T12:39:52Z,5945d696-61ed-650a-c8dc-9ffa9ca1748e,4d76ca04-7474-8c5a-be03-a6a403e92b63,54550000,Seizure Count Cerebral Cortex Electroencephalogram (EEG),11507.61,,
2019-01-15T14:46:47Z,5945d696-61ed-650a-c8dc-9ffa9ca1748e,54c6cf99-5777-47b6-b58f-ec15be74d479,54550000,Seizure Count Cerebral Cortex Electroencephalogram (EEG),10664.32,,
2020-10-30T12:39:52Z,5945d696-61ed-650a-c8dc-9ffa9ca1748e,df403939-2678-2d2e-f40d-dc944995e785,54550000,Seizure Count Cerebral Cortex Electroencephalogram (EEG),7938.18,,
2008-03-23T19:59:59Z,8bd8c389-b141-82f2-8b3b-c731a0ab5183,6ccff94c-e28d-1161-5e2e-ecaa66f03e95,40701008,Echocardiography (procedure),551.24,230690007,Stroke
2008-03-23T19:59:59Z,8bd8c389-b141-82f2-8b3b-c731a0ab5183,6ccff94c-e28d-1161-5e2e-ecaa66f03e95,433112001,Percutaneous mechanical thrombectomy of portal vein using fluoroscopic guidance,21441.25,230690007,Stroke
2016-06-12T04:33:22Z,b32d3e2a-7849-04e1-38d1-2c25fad2f988,58d4e3b0-1abc-180c-20de-bc5954f28757,40701008,Echocardiography (procedure),1299.43,230690007,Stroke
2016-06-12T04:33:22Z,b32d3e2a-7849-04e1-38d1-2c25fad2f988,58d4e3b0-1abc-180c-20de-bc5954f28757,433112001,Percutaneous mechanical thrombectomy of portal vein using fluoroscopic guidance,17992.69,230690007,Stroke
2014-12-14T19:59:59Z,4c00248d-13f1-a8d3-9ae6-cde833f884df,d5341c6d-6fb6-813b-8ccd-accd0610d6e6,180325003,Electrical cardioversion,50903.64,49436004,Atrial Fibrillation
2015-12-20T19:59:59Z,4c00248d-13f1-a8d3-9ae6-cde833f884df,fd98ddc9-6540-e354-d60a-084d7d90aa46,180325003,Electrical cardioversion,36432.57,49436004,Atrial Fibrillation
2016-12-25T19:59:59Z,4c00248d-13f1-a8d3-9ae6-cde833f884df,7346135b-6d2c-a4c4-d914-693e6cbdca0f,180325003,Electrical cardioversion,26184.13,49436004,Atrial Fibrillation
2017-12-31T19:59:59Z,4c00248d-13f1-a8d3-9ae6-cde833f884df,605cdc12-982c-76ec-fa43-5f92353654ba,18286008,Catheter ablation of tissue of heart,15891.99,49436004,Atrial Fibrillation
2019-01-06T19:59:59Z,4c00248d-13f1-a8d3-9ae6-cde833f884df,b335416e-12ed-03fa-1ad5-1ed8f6af5a32,180325003,Electrical cardioversion,31422.19,49436004,Atrial Fibrillation
2020-01-12T19:59:59Z,4c00248d-13f1-a8d3-9ae6-cde833f884df,8d858ce5-2f8a-894a-54e8-12d53db916db,180325003,Electrical cardioversion,34555.20,49436004,Atrial Fibrillation
2021-01-17T19:59:59Z,4c00248d-13f1-a8d3-9ae6-cde833f884df,daa500a5-afdb-3408-0b8f-a94d715d5ad5,180325003,Electrical cardioversion,39197.12,49436004,Atrial Fibrillation
1988-09-28T16:40:52Z,b2c2fd3d-c272-952d-3615-5c196402cb40,9d720783-4510-5c78-1068-9e4ed9f4fcab,40701008,Echocardiography (procedure),870.03,22298006,Myocardial Infarction
1988-09-28T16:40:52Z,b2c2fd3d-c272-952d-3615-5c196402cb40,9d720783-4510-5c78-1068-9e4ed9f4fcab,415070008,Percutaneous coronary intervention,19043.56,22298006,Myocardial Infarction
1988-09-28T16:40:52Z,b2c2fd3d-c272-952d-3615-5c196402cb40,9d720783-4510-5c78-1068-9e4ed9f4fcab,232717009,Coronary artery bypass grafting,32127.76,22298006,Myocardial Infarction
1976-07-27T06:11:19Z,c42c26e1-0cf6-0324-ff76-03ee2c4e0be9,61ac7c38-f7ba-3818-3832-22337027d3cf,180325003,Electrical cardioversion,49610.96,49436004,Atrial Fibrillation
1977-08-02T06:11:19Z,c42c26e1-0cf6-0324-ff76-03ee2c4e0be9,f99e0f7a-8d5e-e7f6-dd96-f1fafcce417d,180325003,Electrical cardioversion,22302.77,49436004,Atrial Fibrillation
1978-08-08T06:11:19Z,c42c26e1-0cf6-0324-ff76-03ee2c4e0be9,3a2b47ec-ff70-7951-dcea-83e45f5a3f11,180325003,Electrical cardioversion,21773.48,49436004,Atrial Fibrillation
1979-07-31T06:11:19Z,c42c26e1-0cf6-0324-ff76-03ee2c4e0be9,427949ce-abad-fbc3-4efc-a420cf70c09f,40701008,Echocardiography (procedure),1110.55,22298006,Myocardial Infarction
1979-07-31T06:11:19Z,c42c26e1-0cf6-0324-ff76-03ee2c4e0be9,427949ce-abad-fbc3-4efc-a420cf70c09f,415070008,Percutaneous coronary intervention,23479.31,22298006,Myocardial Infarction
1979-07-31T06:11:19Z,c42c26e1-0cf6-0324-ff76-03ee2c4e0be9,427949ce-abad-fbc3-4efc-a420cf70c09f,232717009,Coronary artery bypass grafting,83543.32,22298006,Myocardial Infarction
2017-04-23T22:45:21Z,b7ba94e0-d061-0605-074f-203f04c8bcb8,2bb8d4a7-400d-a59b-685f-86118ec469ae,40701008,Echocardiography (procedure),1680.60,230690007,Stroke
2017-04-23T22:45:21Z,b7ba94e0-d061-0605-074f-203f04c8bcb8,2bb8d4a7-400d-a59b-685f-86118ec469ae,433112001,Percutaneous mechanical thrombectomy of portal vein using fluoroscopic guidance,29160.46,230690007,Stroke
1992-07-16T19:42:56Z,42fccba5-bbf5-5ec6-042c-7938f3fa5a5c,dffac1d3-9bf4-6a56-a781-5493a3fcc417,40701008,Echocardiography (procedure),908.22,22298006,Myocardial Infarction
1992-07-16T19:42:56Z,42fccba5-bbf5-5ec6-042c-7938f3fa5a5c,dffac1d3-9bf4-6a56-a781-5493a3fcc417,415070008,Percutaneous coronary intervention,28653.82,22298006,Myocardial Infarction
1992-07-16T19:42:56Z,42fccba5-bbf5-5ec6-042c-7938f3fa5a5c,dffac1d3-9bf4-6a56-a781-5493a3fcc417,232717009,Coronary artery bypass grafting,48914.55,22298006,Myocardial Infarction
1992-07-20T07:03:17Z,65567bde-6a67-2eb5-20ea-eba3748875f6,3db99176-c5e6-e4ab-0ab3-7f5fcd501b6b,40701008,Echocardiography (procedure),613.65,22298006,Myocardial Infarction
1992-07-20T07:03:17Z,65567bde-6a67-2eb5-20ea-eba3748875f6,3db99176-c5e6-e4ab-0ab3-7f5fcd501b6b,415070008,Percutaneous coronary intervention,28130.34,22298006,Myocardial Infarction
1992-07-20T07:03:17Z,65567bde-6a67-2eb5-20ea-eba3748875f6,3db99176-c5e6-e4ab-0ab3-7f5fcd501b6b,232717009,Coronary artery bypass grafting,56121.08,22298006,Myocardial Infarction
1981-06-09T00:51:43Z,4707ca30-f8b0-c89d-1476-de64c0a6734f,5eff1656-299d-aa31-a1f0-556534975005,54550000,Seizure Count Cerebral Cortex Electroencephalogram (EEG),16303.21,,
1983-11-19T00:51:43Z,4707ca30-f8b0-c89d-1476-de64c0a6734f,4311a563-a8e2-f11f-2d85-2118b8d781bb,54550000,Seizure Count Cerebral Cortex Electroencephalogram (EEG),12077.06,,
1984-01-30T02:20:07Z,4707ca30-f8b0-c89d-1476-de64c0a6734f,1b9450ef-9fa8-2fea-dece-18f139ac295a,54550000,Seizure Count Cerebral Cortex Electroencephalogram (EEG),13220.28,,
2018-01-07T12:10:35Z,b33cb26e-7ea1-b135-80d8-feb2912af2d9,f7c42b4c-ce22-1c81-849d-a691a6196fe2,180325003,Electrical cardioversion,30921.64,49436004,Atrial Fibrillation
2019-01-13T12:10:35Z,b33cb26e-7ea1-b135-80d8-feb2912af2d9,4653982c-caa7-72a3-1c03-160cbb644a05,18286008,Catheter ablation of tissue of heart,11172.18,49436004,Atrial Fibrillation
2020-01-19T12:10:35Z,b33cb26e-7ea1-b135-80d8-feb2912af2d9,d4d03172-14e8-97e7-5044-a5d194000065,18286008,Catheter ablation of tissue of heart,15299.52,49436004,Atrial Fibrillation
2021-01-24T12:10:35Z,b33cb26e-7ea1-b135-80d8-feb2912af2d9,4586a74f-ab35-cc71-e350-2404dbd9cf24,180325003,Electrical cardioversion,36262.86,49436004,Atrial Fibrillation
2000-12-29T01:07:09Z,d11dbf04-d4c2-8fac-cb62-274cd8207542,de4171d0-8f40-834e-daf8-00a1517f28b2,40701008,Echocardiography (procedure),1851.59,230690007,Stroke
2000-12-29T01:07:09Z,d11dbf04-d4c2-8fac-cb62-274cd8207542,de4171d0-8f40-834e-daf8-00a1517f28b2,433112001,Percutaneous mechanical thrombectomy of portal vein using fluoroscopic guidance,12676.47,230690007,Stroke
2017-11-14T13:08:01Z,66ea0ca6-1a31-268f-eb61-ea1286f77f2b,9a5e4b9e-a536-62e8-256e-0a962927ea31,40701008,Echocardiography (procedure),615.83,22298006,Myocardial Infarction
2017-11-14T13:08:01Z,66ea0ca6-1a31-268f-eb61-ea1286f77f2b,9a5e4b9e-a536-62e8-256e-0a962927ea31,415070008,Percutaneous coronary intervention,39456.61,22298006,Myocardial Infarction
2017-11-14T13:08:01Z,66ea0ca6-1a31-268f-eb61-ea1286f77f2b,9a5e4b9e-a536-62e8-256e-0a962927ea31,232717009,Coronary artery bypass grafting,34625.55,22298006,Myocardial Infarction
2012-06-16T22:31:25Z,54800256-49fc-70b4-614d-df48562a43c8,83fe4285-fac3-0719-128c-1ae665221ba1,54550000,Seizure Count Cerebral Cortex Electroencephalogram (EEG),16047.03,,
2011-10-04T09:44:19Z,da28fc04-fefe-50b6-2400-f51f102f03b5,e1272d85-861d-da4a-009b-32c6d0c912c9,180325003,Electrical cardioversion,33535.46,49436004,Atrial Fibrillation
2012-10-09T09:44:19Z,da28fc04-fefe-50b6-2400-f51f102f03b5,a5e66ffd-3b9b-cbd5-ca4b-103665e13b3e,18286008,Catheter ablation of tissue of heart,5266.83,49436004,Atrial Fibrillation
2013-10-15T09:44:19Z,da28fc04-fefe-50b6-2400-f51f102f03b5,10d97c1c-cc27-1911-3fc4-fb767b764c9c,180325003,Electrical cardioversion,31993.64,49436004,Atrial Fibrillation
2014-10-21T09:44:19Z,da28fc04-fefe-50b6-2400-f51f102f03b5,dbd4d4b1-5550-2663-ea51-f515b02ad2f5,180325003,Electrical cardioversion,26172.29,49436004,Atrial Fibrillation
2015-10-27T09:44:19Z,da28fc04-fefe-50b6-2400-f51f102f03b5,f83ec35e-c5b4-98bc-5c82-47b51fee6334,180325003,Electrical cardioversion,23311.14,49436004,Atrial Fibrillation
2016-11-01T09:44:19Z,da28fc04-fefe-50b6-2400-f51f102f03b5,d6179f64-d0fb-283e-bad5-8fd69a01685f,180325003,Electrical cardioversion,40702.65,49436004,Atrial Fibrillation
2017-11-07T09:44:19Z,da28fc04-fefe-50b6-2400-f51f102f03b5,00b34b84-06e7-7925-0e3a-ecfa8412011b,180325003,Electrical cardioversion,22223.29,49436004,Atrial Fibrillation
2018-11-13T09:44:19Z,da28fc04-fefe-50b6-2400-f51f102f03b5,6eb81f3a-fc58-1ee4-0c3a-afec140ab175,180325003,Electrical cardioversion,31106.32,49436004,Atrial Fibrillation
2019-11-19T09:44:19Z,da28fc04-fefe-50b6-2400-f51f102f03b5,ab86af37-8d7f-2d8e-dbdc-1a568473ecdf,180325003,Electrical cardioversion,46226.17,49436004,Atrial Fibrillation
2020-11-24T09:44:19Z,da28fc04-fefe-50b6-2400-f51f102f03b5,7a71290a-bac7-fd77-246f-039d55d5bc77,18286008,Catheter ablation of tissue of heart,12915.23,49436004,Atrial Fibrillation
2013-04-29T20:19:12Z,5f362450-9353-2622-0f5d-b49cfe4ce492,6c1803b5-ec99-6685-9d4d-c872d3eaee1f,180325003,Electrical cardioversion,38468.04,49436004,Atrial Fibrillation
2014-05-05T20:19:12Z,5f362450-9353-2622-0f5d-b49cfe4ce492,7e04519c-b28f-a111-6633-6d2a48e675f3,180325003,Electrical cardioversion,30129.00,49436004,Atrial Fibrillation
2015-05-11T20:19:12Z,5f362450-9353-2622-0f5d-b49cfe4ce492,cc3b600c-2715-e6a4-9fd6-8edd82af999c,180325003,Electrical cardioversion,41641.95,49436004,Atrial Fibrillation
2016-05-16T20:19:12Z,5f362450-9353-2622-0f5d-b49cfe4ce492,6bfa84fb-6a29-fa3f-d476-a4fd24cee294,180325003,Electrical cardioversion,30903.98,49436004,Atrial Fibrillation
2016-07-18T20:19:12Z,5f362450-9353-2622-0f5d-b49cfe4ce492,49db98f5-bcbc-8315-0096-75dcbb2e6970,40701008,Echocardiography (procedure),924.46,230690007,Stroke
2016-07-18T20:19:12Z,5f362450-9353-2622-0f5d-b49cfe4ce492,49db98f5-bcbc-8315-0096-75dcbb2e6970,433112001,Percutaneous mechanical thrombectomy of portal vein using fluoroscopic guidance,17283.66,230690007,Stroke
2017-05-22T20:19:12Z,5f362450-9353-2622-0f5d-b49cfe4ce492,9820c50f-06f0-f56f-919f-17cbeee94367,180325003,Electrical cardioversion,26475.40,49436004,Atrial Fibrillation
2018-05-28T20:19:12Z,5f362450-9353-2622-0f5d-b49cfe4ce492,151abc16-7cf8-a5d4-4789-6f653065c414,180325003,Electrical cardioversion,40902.23,49436004,Atrial Fibrillation
2019-06-03T20:19:12Z,5f362450-9353-2622-0f5d-b49cfe4ce492,a81cd306-e3e9-6a64-d970-bf252b2b977a,180325003,Electrical cardioversion,35654.29,49436004,Atrial Fibrillation
2020-06-08T20:19:12Z,5f362450-9353-2622-0f5d-b49cfe4ce492,82b5acc3-0312-6e84-c006-1c3d3f72f849,180325003,Electrical cardioversion,23592.51,49436004,Atrial Fibrillation
2019-12-01T18:00:24Z,11504c1a-d49c-2f89-ea1a-078eaf3456fe,60e3565e-a5d0-b91d-e55e-ad4fdd3bdb57,40701008,Echocardiography (procedure),1687.83,230690007,Stroke
2019-12-01T18:00:24Z,11504c1a-d49c-2f89-ea1a-078eaf3456fe,60e3565e-a5d0-b91d-e55e-ad4fdd3bdb57,433112001,Percutaneous mechanical thrombectomy of portal vein using fluoroscopic guidance,26331.12,230690007,Stroke
2018-08-27T23:59:33Z,67e9962b-1290-9232-0109-50a3480fae2b,24b67e39-e6a1-6602-6a3b-ee164dc02324,180325003,Electrical cardioversion,24557.16,49436004,Atrial Fibrillation
2019-09-02T23:59:33Z,67e9962b-1290-9232-0109-50a3480fae2b,caaaa101-6838-14c3-808e-43701a3433ea,180325003,Electrical cardioversion,23155.21,49436004,Atrial Fibrillation
2020-03-02T23:59:33Z,67e9962b-1290-9232-0109-50a3480fae2b,0ef4c53d-8174-e54b-94fb-4a24e501fc57,40701008,Echocardiography (procedure),1582.05,230690007,Stroke
2020-03-02T23:59:33Z,67e9962b-1290-9232-0109-50a3480fae2b,0ef4c53d-8174-e54b-94fb-4a24e501fc57,433112001,Percutaneous mechanical thrombectomy of portal vein using fluoroscopic guidance,25996.42,230690007,Stroke
2020-09-07T23:59:33Z,67e9962b-1290-9232-0109-50a3480fae2b,cecd676e-4a28-6f38-8c6a-71af3bcd5afe,180325003,Electrical cardioversion,20260.38,49436004,Atrial Fibrillation
2016-07-06T04:02:56Z,100158db-55e6-47a9-0361-b1b333fb1e1c,8f580f2b-ff60-0ae3-2805-fd1a0c22f4d6,54550000,Seizure Count Cerebral Cortex Electroencephalogram (EEG),9388.19,,
2016-12-31T05:45:18Z,100158db-55e6-47a9-0361-b1b333fb1e1c,9c43a052-42e9-1ad4-4040-8323b45379c4,54550000,Seizure Count Cerebral Cortex Electroencephalogram (EEG),12926.00,,
2019-02-15T07:08:44Z,11049097-194a-e4dd-0deb-86bce5f35d0a,7f1fda17-0bc3-9086-85d3-12248f27248e,18286008,Catheter ablation of tissue of heart,8211.82,49436004,Atrial Fibrillation
2020-02-21T07:08:44Z,11049097-194a-e4dd-0deb-86bce5f35d0a,98192575-de75-2b98-7dda-f63a4bee3270,180325003,Electrical cardioversion,35707.24,49436004,Atrial Fibrillation
2021-02-26T07:08:44Z,11049097-194a-e4dd-0deb-86bce5f35d0a,04c3365b-04d0-6639-1b8b-ca6e30d1a474,180325003,Electrical cardioversion,29774.59,49436004,Atrial Fibrillation
1994-05-11T03:55:16Z,12fa1fca-2e58-fd63-882a-4e0761a74e86,b60629fd-4c78-e4e2-3975-62b537187654,40701008,Echocardiography (procedure),658.74,22298006,Myocardial Infarction
1994-05-11T03:55:16Z,12fa1fca-2e58-fd63-882a-4e0761a74e86,b60629fd-4c78-e4e2-3975-62b537187654,415070008,Percutaneous coronary intervention,27466.11,22298006,Myocardial Infarction
1994-05-11T03:55:16Z,12fa1fca-2e58-fd63-882a-4e0761a74e86,b60629fd-4c78-e4e2-3975-62b537187654,232717009,Coronary artery bypass grafting,67691.61,22298006,Myocardial Infarction
1994-12-21T03:55:16Z,12fa1fca-2e58-fd63-882a-4e0761a74e86,09cb8dff-7ff2-c658-bba3-2771d40c0b07,40701008,Echocardiography (procedure),1355.40,22298006,Myocardial Infarction
1994-12-21T03:55:16Z,12fa1fca-2e58-fd63-882a-4e0761a74e86,09cb8dff-7ff2-c658-bba3-2771d40c0b07,415070008,Percutaneous coronary intervention,28781.72,22298006,Myocardial Infarction
1994-12-21T03:55:16Z,12fa1fca-2e58-fd63-882a-4e0761a74e86,09cb8dff-7ff2-c658-bba3-2771d40c0b07,232717009,Coronary artery bypass grafting,36618.32,22298006,Myocardial Infarction
2016-05-01T13:59:49Z,734414ef-da6a-d59b-2481-e8fb9a0e8e2b,508ab0e5-57cc-5286-3c02-a77e4bd79a5c,40701008,Echocardiography (procedure),1444.62,410429000,Cardiac Arrest
2016-05-01T13:59:49Z,734414ef-da6a-d59b-2481-e8fb9a0e8e2b,508ab0e5-57cc-5286-3c02-a77e4bd79a5c,447365002,Insertion of biventricular implantable cardioverter defibrillator,36272.06,410429000,Cardiac Arrest
2016-05-01T13:59:49Z,734414ef-da6a-d59b-2481-e8fb9a0e8e2b,508ab0e5-57cc-5286-3c02-a77e4bd79a5c,18286008,Catheter ablation of tissue of heart,10335.06,410429000,Cardiac Arrest
2017-10-08T13:59:49Z,734414ef-da6a-d59b-2481-e8fb9a0e8e2b,7153234f-92c0-2b1c-c532-fe3ad0596bf7,40701008,Echocardiography (procedure),1919.36,230690007,Stroke
2017-10-08T13:59:49Z,734414ef-da6a-d59b-2481-e8fb9a0e8e2b,7153234f-92c0-2b1c-c532-fe3ad0596bf7,433112001,Percutaneous mechanical thrombectomy of portal vein using fluoroscopic guidance,28421.60,230690007,Stroke
2006-11-10T17:43:41Z,e0f50db7-83f9-9f0e-c50d-588840f43592,e451ae0f-29ef-c95a-be45-7e66caa0933c,40701008,Echocardiography (procedure),807.06,230690007,Stroke
2006-11-10T17:43:41Z,e0f50db7-83f9-9f0e-c50d-588840f43592,e451ae0f-29ef-c95a-be45-7e66caa0933c,433112001,Percutaneous mechanical thrombectomy of portal vein using fluoroscopic guidance,18779.99,230690007,Stroke
2017-05-31T21:00:57Z,bd68519e-015b-8562-2b02-9bbf5592391b,2881bb67-5ee5-a706-a793-7906fafee101,180325003,Electrical cardioversion,30026.16,49436004,Atrial Fibrillation
2018-06-06T21:00:57Z,bd68519e-015b-8562-2b02-9bbf5592391b,7817378b-ae5e-0465-125c-1fa7b944be35,180325003,Electrical cardioversion,20852.97,49436004,Atrial Fibrillation
2019-06-12T21:00:57Z,bd68519e-015b-8562-2b02-9bbf5592391b,6c58783b-732a-fe46-ffbb-480c5b2ff28f,18286008,Catheter ablation of tissue of heart,14174.53,49436004,Atrial Fibrillation
2020-06-17T21:00:57Z,bd68519e-015b-8562-2b02-9bbf5592391b,aa44c6b9-a91e-0d6e-7422-2fb58a8c460a,180325003,Electrical cardioversion,28537.93,49436004,Atrial Fibrillation
2004-07-16T17:43:41Z,b9320ea0-b9b9-f8a1-c384-a8cc697c842a,ec5bfcc6-af3f-8c15-2f65-91f8eb0a5bfb,180325003,Electrical cardioversion,43723.31,49436004,Atrial Fibrillation
2005-07-22T17:43:41Z,b9320ea0-b9b9-f8a1-c384-a8cc697c842a,8c781553-6cfe-2d53-ccbc-a0816abc5a2b,180325003,Electrical cardioversion,28429.53,49436004,Atrial Fibrillation
2006-07-28T17:43:41Z,b9320ea0-b9b9-f8a1-c384-a8cc697c842a,10abd64d-8733-093b-f7a6-68bb96ee7f94,18286008,Catheter ablation of tissue of heart,11486.15,49436004,Atrial Fibrillation
2007-08-03T17:43:41Z,b9320ea0-b9b9-f8a1-c384-a8cc697c842a,323cd0e2-6270-6e4c-50a4-9f8e37b37cec,180325003,Electrical cardioversion,35509.99,49436004,Atrial Fibrillation
2008-08-08T17:43:41Z,b9320ea0-b9b9-f8a1-c384-a8cc697c842a,6138abbf-7d13-72af-b879-0c6d758e83d4,180325003,Electrical cardioversion,45994.94,49436004,Atrial Fibrillation
2009-08-14T17:43:41Z,b9320ea0-b9b9-f8a1-c384-a8cc697c842a,4bc64d41-09df-3d8c-1995-3a22e381a24d,180325003,Electrical cardioversion,28112.96,49436004,Atrial Fibrillation
2010-08-20T17:43:41Z,b9320ea0-b9b9-f8a1-c384-a8cc697c842a,f35d03d0-7af3-1198-b8cd-efd221e1e16a,18286008,Catheter ablation of tissue of heart,12588.93,49436004,Atrial Fibrillation
2011-08-26T17:43:41Z,b9320ea0-b9b9-f8a1-c384-a8cc697c842a,fa9b5089-a77d-ecf2-d3de-b63858c21b47,180325003,Electrical cardioversion,42550.46,49436004,Atrial Fibrillation
2012-08-31T17:43:41Z,b9320ea0-b9b9-f8a1-c384-a8cc697c842a,95ed381e-f96b-d22f-7a49-ed343060bc39,18286008,Catheter ablation of tissue of heart,9814.19,49436004,Atrial Fibrillation
2013-09-06T17:43:41Z,b9320ea0-b9b9-f8a1-c384-a8cc697c842a,21cc3dfc-9f76-0eb3-2ae6-35896c13e346,18286008,Catheter ablation of tissue of heart,12008.32,49436004,Atrial Fibrillation
2013-11-01T17:43:41Z,b9320ea0-b9b9-f8a1-c384-a8cc697c842a,c1616dac-0cc1-1242-0e32-32e053f295d7,40701008,Echocardiography (procedure),1127.04,22298006,Myocardial Infarction
2013-11-01T17:43:41Z,b9320ea0-b9b9-f8a1-c384-a8cc697c842a,c1616dac-0cc1-1242-0e32-32e053f295d7,415070008,Percutaneous coronary intervention,23086.32,22298006,Myocardial Infarction
2013-11-01T17:43:41Z,b9320ea0-b9b9-f8a1-c384-a8cc697c842a,c1616dac-0cc1-1242-0e32-32e053f295d7,232717009,Coronary artery bypass grafting,32535.49,22298006,Myocardial Infarction
2014-03-24T13:52:13Z,7f6b7b3d-2211-85c7-9ba3-c1c61622f77c,7cbf2374-3ca6-9c3c-f251-0d5748669a39,180325003,Electrical cardioversion,21524.32,49436004,Atrial Fibrillation
2015-03-30T13:52:13Z,7f6b7b3d-2211-85c7-9ba3-c1c61622f77c,c06787d2-306e-51df-b7c5-9e9d1b3ea03a,180325003,Electrical cardioversion,22258.02,49436004,Atrial Fibrillation
2016-04-04T13:52:13Z,7f6b7b3d-2211-85c7-9ba3-c1c61622f77c,522914dd-a867-921b-0fb6-9ca25ba308b3,180325003,Electrical cardioversion,31058.25,49436004,Atrial Fibrillation
2017-04-10T13:52:13Z,7f6b7b3d-2211-85c7-9ba3-c1c61622f77c,17937207-534c-3cd6-30e1-9a5adc012f8d,180325003,Electrical cardioversion,25226.76,49436004,Atrial Fibrillation
2018-04-16T13:52:13Z,7f6b7b3d-2211-85c7-9ba3-c1c61622f77c,9678f4b5-501b-9ae4-5521-18d4a6efb416,180325003,Electrical cardioversion,14818.20,49436004,Atrial Fibrillation
2019-04-22T13:52:13Z,7f6b7b3d-2211-85c7-9ba3-c1c61622f77c,5e8e8254-8ebb-9887-2255-0965af18a128,180325003,Electrical cardioversion,46347.40,49436004,Atrial Fibrillation
2020-04-27T13:52:13Z,7f6b7b3d-2211-85c7-9ba3-c1c61622f77c,895effb4-7a14-a439-7714-bf2604db738a,180325003,Electrical cardioversion,20997.93,49436004,Atrial Fibrillation
1990-04-27T17:43:41Z,89fdad28-e238-35a3-3a9f-e3c9c166097b,cd3b436f-1d15-2db0-6fcd-f33d05a5bf24,180325003,Electrical cardioversion,21946.53,49436004,Atrial Fibrillation
1991-05-03T17:43:41Z,89fdad28-e238-35a3-3a9f-e3c9c166097b,fcade043-c0dc-eb2c-ed21-3bf4d6fa36e2,180325003,Electrical cardioversion,21994.92,49436004,Atrial Fibrillation
1992-05-08T17:43:41Z,89fdad28-e238-35a3-3a9f-e3c9c166097b,43da510f-b1ae-3d56-302e-8ece09c095d0,180325003,Electrical cardioversion,24630.94,49436004,Atrial Fibrillation
1993-05-14T17:43:41Z,89fdad28-e238-35a3-3a9f-e3c9c166097b,51656f1b-1276-1373-213f-5dbc11b92460,180325003,Electrical cardioversion,40765.32,49436004,Atrial Fibrillation
1994-05-20T17:43:41Z,89fdad28-e238-35a3-3a9f-e3c9c166097b,fe5def5d-ad7c-26bf-3415-22e1dcdcb459,180325003,Electrical cardioversion,25329.41,49436004,Atrial Fibrillation
1995-05-26T17:43:41Z,89fdad28-e238-35a3-3a9f-e3c9c166097b,2497e458-f76d-b9b1-a603-e89007bdbbb6,180325003,Electrical cardioversion,32281.76,49436004,Atrial Fibrillation
1996-05-31T17:43:41Z,89fdad28-e238-35a3-3a9f-e3c9c166097b,ac5e0922-bbbe-8783-4018-dc6bfc25b9ce,18286008,Catheter ablation of tissue of heart,14481.80,49436004,Atrial Fibrillation
1997-06-06T17:43:41Z,89fdad28-e238-35a3-3a9f-e3c9c166097b,738429c2-0eaa-a7f1-053a-61ed80414ab4,180325003,Electrical cardioversion,24733.87,49436004,Atrial Fibrillation
1998-06-12T17:43:41Z,89fdad28-e238-35a3-3a9f-e3c9c166097b,74c73cbc-548c-6b40-c112-581164ef8ce0,180325003,Electrical cardioversion,39815.62,49436004,Atrial Fibrillation
1999-04-16T17:43:41Z,89fdad28-e238-35a3-3a9f-e3c9c166097b,401d01ee-47e5-7281-1c6a-864743efbd0e,40701008,Echocardiography (procedure),1254.28,22298006,Myocardial Infarction
1999-04-16T17:43:41Z,89fdad28-e238-35a3-3a9f-e3c9c166097b,401d01ee-47e5-7281-1c6a-864743efbd0e,415070008,Percutaneous coronary intervention,13362.70,22298006,Myocardial Infarction
1999-04-16T17:43:41Z,89fdad28-e238-35a3-3a9f-e3c9c166097b,401d01ee-47e5-7281-1c6a-864743efbd0e,232717009,Coronary artery bypass grafting,35292.06,22298006,Myocardial Infarction
2015-03-01T08:40:37Z,f9a2a913-7b81-b713-860a-bd32e57e9f81,7ac1f49f-d927-cbeb-e3f7-7fa06e3666ba,40701008,Echocardiography (procedure),1423.07,230690007,Stroke
2015-03-01T08:40:37Z,f9a2a913-7b81-b713-860a-bd32e57e9f81,7ac1f49f-d927-cbeb-e3f7-7fa06e3666ba,433112001,Percutaneous mechanical thrombectomy of portal vein using fluoroscopic guidance,16138.81,230690007,Stroke
2013-12-16T21:09:44Z,6e58ea0e-5dfd-632a-2a2d-6d036cc78430,7d95a883-b1fb-0455-61c8-53ff101b85d4,180325003,Electrical cardioversion,45444.80,49436004,Atrial Fibrillation
2014-12-22T21:09:44Z,6e58ea0e-5dfd-632a-2a2d-6d036cc78430,d15586da-0989-f85a-362d-141d5d1ae828,180325003,Electrical cardioversion,34610.61,49436004,Atrial Fibrillation
2015-12-28T21:09:44Z,6e58ea0e-5dfd-632a-2a2d-6d036cc78430,eb67c981-a748-9887-8bd9-cb9019ef26bb,180325003,Electrical cardioversion,31120.03,49436004,Atrial Fibrillation
2017-01-02T21:09:44Z,6e58ea0e-5dfd-632a-2a2d-6d036cc78430,a04f32b1-a840-73cf-e887-af0c5f3cedbd,180325003,Electrical cardioversion,34147.00,49436004,Atrial Fibrillation
2018-01-08T21:09:44Z,6e58ea0e-5dfd-632a-2a2d-6d036cc78430,892ed4e2-5845-97b7-d16b-89c08e606aa1,180325003,Electrical cardioversion,27288.19,49436004,Atrial Fibrillation
2019-01-14T21:09:44Z,6e58ea0e-5dfd-632a-2a2d-6d036cc78430,11136ad2-5af4-a203-ed3a-ff0041d396ef,180325003,Electrical cardioversion,22691.74,49436004,Atrial Fibrillation
2020-01-20T21:09:44Z,6e58ea0e-5dfd-632a-2a2d-6d036cc78430,8b2babd1-6413-b9b4-be11-c223a22ddc58,180325003,Electrical cardioversion,43363.39,49436004,Atrial Fibrillation
2021-01-25T21:09:44Z,6e58ea0e-5dfd-632a-2a2d-6d036cc78430,ab7b203a-a855-a331-a097-e8af6871660a,180325003,Electrical cardioversion,30735.00,49436004,Atrial Fibrillation
2012-10-14T22:23:14Z,cb8494dc-6bfd-f9d7-47ff-78aa25a6fa74,e3913fb3-2012-6b7b-c129-126346406b12,18286008,Catheter ablation of tissue of heart,11316.42,49436004,Atrial Fibrillation
2013-10-20T22:23:14Z,cb8494dc-6bfd-f9d7-47ff-78aa25a6fa74,eede8a83-5ebf-94e6-32a1-c1e4df6f0f61,18286008,Catheter ablation of tissue of heart,13205.07,49436004,Atrial Fibrillation
2014-10-26T22:23:14Z,cb8494dc-6bfd-f9d7-47ff-78aa25a6fa74,c2bea122-d6ad-3afd-f548-5a0995315d37,180325003,Electrical cardioversion,42477.97,49436004,Atrial Fibrillation
2015-11-01T22:23:14Z,cb8494dc-6bfd-f9d7-47ff-78aa25a6fa74,fda2797a-f53c-4d26-f1f8-50e660e91519,180325003,Electrical cardioversion,27507.89,49436004,Atrial Fibrillation
2016-11-06T22:23:14Z,cb8494dc-6bfd-f9d7-47ff-78aa25a6fa74,99c1ca8e-b38b-6ee5-0cd5-6139f4a7dcd0,18286008,Catheter ablation of tissue of heart,8315.47,49436004,Atrial Fibrillation
2017-11-12T22:23:14Z,cb8494dc-6bfd-f9d7-47ff-78aa25a6fa74,069f3af2-a06a-f739-c1d3-200a6dbce76d,180325003,Electrical cardioversion,41425.32,49436004,Atrial Fibrillation
2018-11-18T22:23:14Z,cb8494dc-6bfd-f9d7-47ff-78aa25a6fa74,cffc827e-7687-0246-5ba7-d76d7e26998c,180325003,Electrical cardioversion,27189.59,49436004,Atrial Fibrillation
2019-11-24T22:23:14Z,cb8494dc-6bfd-f9d7-47ff-78aa25a6fa74,c382733d-f5ee-7933-e191-baa330c3addd,180325003,Electrical cardioversion,30408.03,49436004,Atrial Fibrillation
2020-11-29T22:23:14Z,cb8494dc-6bfd-f9d7-47ff-78aa25a6fa74,c22c1daa-c928-3455-4f32-c76bcfd39de0,180325003,Electrical cardioversion,32045.30,49436004,Atrial Fibrillation
1990-02-21T09:43:48Z,785d9fb4-1935-0494-fddf-fd7554f0021b,dd7e08f8-57e1-5596-44dc-9da0d577154c,18286008,Catheter ablation of tissue of heart,14602.22,49436004,Atrial Fibrillation
1991-02-27T09:43:48Z,785d9fb4-1935-0494-fddf-fd7554f0021b,4e877711-cdb1-bbf9-efc8-ebafa1120be9,180325003,Electrical cardioversion,34147.02,49436004,Atrial Fibrillation
1992-03-04T09:43:48Z,785d9fb4-1935-0494-fddf-fd7554f0021b,d61a9e7e-a39f-1fda-7cae-3dd1287c3f22,180325003,Electrical cardioversion,37065.04,49436004,Atrial Fibrillation
1993-03-10T09:43:48Z,785d9fb4-1935-0494-fddf-fd7554f0021b,65e2a52a-a522-8d72-c46d-c1e937c37303,180325003,Electrical cardioversion,31762.04,49436004,Atrial Fibrillation
1994-03-16T09:43:48Z,785d9fb4-1935-0494-fddf-fd7554f0021b,f025b964-b1f3-6872-ad8b-20b14949e999,180325003,Electrical cardioversion,36385.07,49436004,Atrial Fibrillation
1995-03-22T09:43:48Z,785d9fb4-1935-0494-fddf-fd7554f0021b,2a12e91a-e474-c523-2c01-ca154b9b5ab4,180325003,Electrical cardioversion,36297.67,49436004,Atrial Fibrillation
1996-03-27T09:43:48Z,785d9fb4-1935-0494-fddf-fd7554f0021b,7eb9b845-c13c-afcf-9032-32be7e3323ed,18286008,Catheter ablation of tissue of heart,10988.53,49436004,Atrial Fibrillation
1997-04-02T09:43:48Z,785d9fb4-1935-0494-fddf-fd7554f0021b,da402aa7-53be-065f-2fec-d6ecc326f4ea,180325003,Electrical cardioversion,33713.15,49436004,Atrial Fibrillation
1998-04-08T09:43:48Z,785d9fb4-1935-0494-fddf-fd7554f0021b,8d0334b2-c183-c845-beaa-168999197be0,18286008,Catheter ablation of tissue of heart,16054.14,49436004,Atrial Fibrillation
1999-04-14T09:43:48Z,785d9fb4-1935-0494-fddf-fd7554f0021b,4098c7ca-caf7-009b-035b-3e7bc50cd659,180325003,Electrical cardioversion,22681.70,49436004,Atrial Fibrillation
1999-12-01T09:43:48Z,785d9fb4-1935-0494-fddf-fd7554f0021b,4469edae-c496-ae8c-2432-533b2ee4ca36,40701008,Echocardiography (procedure),1190.75,230690007,Stroke
1999-12-01T09:43:48Z,785d9fb4-1935-0494-fddf-fd7554f0021b,4469edae-c496-ae8c-2432-533b2ee4ca36,433112001,Percutaneous mechanical thrombectomy of portal vein using fluoroscopic guidance,27343.16,230690007,Stroke
2013-10-07T10:59:02Z,6396e4ee-f27f-03ef-5cd5-ad50237daf7f,41ff2ec7-997a-62bb-c6e4-1450f803f243,180325003,Electrical cardioversion,32024.50,49436004,Atrial Fibrillation
2014-10-13T10:59:02Z,6396e4ee-f27f-03ef-5cd5-ad50237daf7f,d87ac353-6bcb-a5e0-3975-7742473c1a72,180325003,Electrical cardioversion,29231.10,49436004,Atrial Fibrillation
2015-10-19T10:59:02Z,6396e4ee-f27f-03ef-5cd5-ad50237daf7f,7a7bd6eb-e84d-4ce4-36c7-76998cd59202,180325003,Electrical cardioversion,19104.74,49436004,Atrial Fibrillation
2016-10-24T10:59:02Z,6396e4ee-f27f-03ef-5cd5-ad50237daf7f,12f6cbcd-b609-9555-3d84-35c513ec94bb,180325003,Electrical cardioversion,26519.85,49436004,Atrial Fibrillation
2017-10-30T10:59:02Z,6396e4ee-f27f-03ef-5cd5-ad50237daf7f,1839e362-cb08-6a84-f8e2-263d9d0b4e66,180325003,Electrical cardioversion,32303.26,49436004,Atrial Fibrillation
2018-11-05T10:59:02Z,6396e4ee-f27f-03ef-5cd5-ad50237daf7f,bfe3fbd6-5721-1589-5bbf-9143b08b346d,180325003,Electrical cardioversion,25901.31,49436004,Atrial Fibrillation
2019-11-11T10:59:02Z,6396e4ee-f27f-03ef-5cd5-ad50237daf7f,641112e6-48e8-6989-fc80-88cddb7fd5c3,180325003,Electrical cardioversion,35867.06,49436004,Atrial Fibrillation
2020-11-16T10:59:02Z,6396e4ee-f27f-03ef-5cd5-ad50237daf7f,c84ba1fc-bb9e-f03b-6126-73ba95a44501,180325003,Electrical cardioversion,20251.81,49436004,Atrial Fibrillation
1954-04-08T20:25:25Z,7ef3859d-9d71-0b04-4aab-6bb3a9dffa43,3e12824b-b632-75a1-6be6-45d5735f8382,54550000,Seizure Count Cerebral Cortex Electroencephalogram (EEG),11429.02,,
1978-09-06T14:46:43Z,e05919de-78a6-ac68-3f3a-726e49a72738,a2999a06-ba1b-2ef2-d240-c020a1a14977,54550000,Seizure Count Cerebral Cortex Electroencephalogram (EEG),13115.90,,
1979-02-22T17:38:26Z,e05919de-78a6-ac68-3f3a-726e49a72738,cd3c6a23-0808-47e9-3cc5-111bc8d22cbe,54550000,Seizure Count Cerebral Cortex Electroencephalogram (EEG),11398.86,,
2011-05-29T12:24:45Z,8e233acf-8edd-01a5-a8b1-5897a7fb8be7,f46d88e0-4ea5-e46d-b7b0-bca5898637a6,180325003,Electrical cardioversion,42371.37,49436004,Atrial Fibrillation
2012-06-03T12:24:45Z,8e233acf-8edd-01a5-a8b1-5897a7fb8be7,16b81e55-f9fb-838a-e740-5973887a0758,180325003,Electrical cardioversion,20767.23,49436004,Atrial Fibrillation
2013-06-09T12:24:45Z,8e233acf-8edd-01a5-a8b1-5897a7fb8be7,a0951b40-f35a-9303-779e-b60c0e39d9c7,18286008,Catheter ablation of tissue of heart,11265.07,49436004,Atrial Fibrillation
2014-06-15T12:24:45Z,8e233acf-8edd-01a5-a8b1-5897a7fb8be7,e0471f0e-5a47-3434-c51c-e56eb182818d,180325003,Electrical cardioversion,29898.25,49436004,Atrial Fibrillation
2015-06-21T12:24:45Z,8e233acf-8edd-01a5-a8b1-5897a7fb8be7,b8fc7826-62a7-5ea9-8e44-b9cd0de778c0,18286008,Catheter ablation of tissue of heart,9550.13,49436004,Atrial Fibrillation
2016-06-26T12:24:45Z,8e233acf-8edd-01a5-a8b1-5897a7fb8be7,e219cca6-f90e-6cc1-a78e-fe5f27cdf82e,180325003,Electrical cardioversion,28583.09,49436004,Atrial Fibrillation
2017-07-02T12:24:45Z,8e233acf-8edd-01a5-a8b1-5897a7fb8be7,7aba1a55-1d22-4e8e-0662-fa72d96bbeea,18286008,Catheter ablation of tissue of heart,9243.83,49436004,Atrial Fibrillation
2018-07-08T12:24:45Z,8e233acf-8edd-01a5-a8b1-5897a7fb8be7,bf1a41d2-2b66-86ff-2122-91c8426c4e07,180325003,Electrical cardioversion,36490.84,49436004,Atrial Fibrillation
2019-02-24T12:24:45Z,8e233acf-8edd-01a5-a8b1-5897a7fb8be7,1655910d-55d7-5741-6a67-961ae4c79ca3,40701008,Echocardiography (procedure),1343.19,230690007,Stroke
2019-02-24T12:24:45Z,8e233acf-8edd-01a5-a8b1-5897a7fb8be7,1655910d-55d7-5741-6a67-961ae4c79ca3,433112001,Percutaneous mechanical thrombectomy of portal vein using fluoroscopic guidance,23309.65,230690007,Stroke
2019-07-14T12:24:45Z,8e233acf-8edd-01a5-a8b1-5897a7fb8be7,ab3c00f8-2c81-bc61-12cc-1e0108818827,180325003,Electrical cardioversion,16729.56,49436004,Atrial Fibrillation
2020-07-19T12:24:45Z,8e233acf-8edd-01a5-a8b1-5897a7fb8be7,5a621a7c-eaeb-2335-b7e0-f4f74db984cc,180325003,Electrical cardioversion,40222.01,49436004,Atrial Fibrillation
2015-10-11T11:27:21Z,7f051152-e346-95dd-042b-ad94d9c9dbd0,7c8b174a-95a6-a33d-422d-1cabd18007ed,40701008,Echocardiography (procedure),1387.83,230690007,Stroke
2015-10-11T11:27:21Z,7f051152-e346-95dd-042b-ad94d9c9dbd0,7c8b174a-95a6-a33d-422d-1cabd18007ed,433112001,Percutaneous mechanical thrombectomy of portal vein using fluoroscopic guidance,18577.80,230690007,Stroke
1980-04-09T06:32:13Z,27a2833e-969f-5e58-697c-a949101b5053,95c4a2be-4bb3-d628-4a05-3fd267d90f30,40701008,Echocardiography (procedure),1482.08,410429000,Cardiac Arrest
1980-04-09T06:32:13Z,27a2833e-969f-5e58-697c-a949101b5053,95c4a2be-4bb3-d628-4a05-3fd267d90f30,447365002,Insertion of biventricular implantable cardioverter defibrillator,25916.64,410429000,Cardiac Arrest
1980-04-09T06:32:13Z,27a2833e-969f-5e58-697c-a949101b5053,95c4a2be-4bb3-d628-4a05-3fd267d90f30,18286008,Catheter ablation of tissue of heart,9412.55,410429000,Cardiac Arrest
1999-01-31T11:27:21Z,bd0e64b0-e12a-1973-c517-ad8305cab48b,fce58301-fd71-8389-1c55-09fd10f297a3,180325003,Electrical cardioversion,21332.55,49436004,Atrial Fibrillation
2000-02-06T11:27:21Z,bd0e64b0-e12a-1973-c517-ad8305cab48b,9751ced5-955c-1a0d-96c6-d14eed049407,180325003,Electrical cardioversion,35709.46,49436004,Atrial Fibrillation
2001-02-11T11:27:21Z,bd0e64b0-e12a-1973-c517-ad8305cab48b,4d8b39e2-6f6f-b728-6d01-9551a53bb67d,180325003,Electrical cardioversion,32442.32,49436004,Atrial Fibrillation
2001-03-18T11:27:21Z,bd0e64b0-e12a-1973-c517-ad8305cab48b,df46e404-6191-fbf2-3885-8a79c77391a4,40701008,Echocardiography (procedure),1154.72,230690007,Stroke
2001-03-18T11:27:21Z,bd0e64b0-e12a-1973-c517-ad8305cab48b,df46e404-6191-fbf2-3885-8a79c77391a4,433112001,Percutaneous mechanical thrombectomy of portal vein using fluoroscopic guidance,16961.28,230690007,Stroke
2016-01-20T06:32:13Z,77d1c6a7-042e-1301-d264-c429ec482e0d,9c3bd4f0-6ed1-ce32-b825-e5c5c21c9c68,40701008,Echocardiography (procedure),1381.01,230690007,Stroke
2016-01-20T06:32:13Z,77d1c6a7-042e-1301-d264-c429ec482e0d,9c3bd4f0-6ed1-ce32-b825-e5c5c21c9c68,433112001,Percutaneous mechanical thrombectomy of portal vein using fluoroscopic guidance,19552.00,230690007,Stroke
2011-04-10T11:27:21Z,d9049bd1-c9f7-f7a8-87da-c8d9a5e05ff3,5a959023-b174-ea01-c7ba-702641b5a75b,180325003,Electrical cardioversion,46348.96,49436004,Atrial Fibrillation
2012-04-15T11:27:21Z,d9049bd1-c9f7-f7a8-87da-c8d9a5e05ff3,309162ad-1c67-1469-3495-5c5d69ea9409,180325003,Electrical cardioversion,33065.99,49436004,Atrial Fibrillation
2013-04-21T11:27:21Z,d9049bd1-c9f7-f7a8-87da-c8d9a5e05ff3,ac050900-aec1-957c-72b6-31bc31b9fa23,180325003,Electrical cardioversion,50684.13,49436004,Atrial Fibrillation
2014-04-27T11:27:21Z,d9049bd1-c9f7-f7a8-87da-c8d9a5e05ff3,7aa4ac78-58c9-1e7b-2728-cdb3c3c88c6e,18286008,Catheter ablation of tissue of heart,9359.12,49436004,Atrial Fibrillation
2015-05-03T11:27:21Z,d9049bd1-c9f7-f7a8-87da-c8d9a5e05ff3,185a1e19-ba3e-2031-729f-b782d72ffe49,18286008,Catheter ablation of tissue of heart,9859.23,49436004,Atrial Fibrillation
2016-05-08T11:27:21Z,d9049bd1-c9f7-f7a8-87da-c8d9a5e05ff3,1be4b961-6cdc-7068-7763-ca94d5d06846,180325003,Electrical cardioversion,25395.32,49436004,Atrial Fibrillation
2017-05-14T11:27:21Z,d9049bd1-c9f7-f7a8-87da-c8d9a5e05ff3,b84e2f41-b12b-529f-f3a9-a325b17ae1fc,18286008,Catheter ablation of tissue of heart,12268.17,49436004,Atrial Fibrillation
2018-05-20T11:27:21Z,d9049bd1-c9f7-f7a8-87da-c8d9a5e05ff3,6db27d6e-4678-d7f9-1cbe-b12ad74b651a,18286008,Catheter ablation of tissue of heart,15949.74,49436004,Atrial Fibrillation
2019-05-26T11:27:21Z,d9049bd1-c9f7-f7a8-87da-c8d9a5e05ff3,16f995d3-f516-ca77-223a-157207554dbf,180325003,Electrical cardioversion,34294.58,49436004,Atrial Fibrillation
2020-05-31T11:27:21Z,d9049bd1-c9f7-f7a8-87da-c8d9a5e05ff3,df057a69-f09e-9769-c47b-ad07c5270c09,180325003,Electrical cardioversion,31983.36,49436004,Atrial Fibrillation
