Id,START,STOP,PATIENT,ORGANIZATION,PROVIDER,PAYER,ENCOUNTERCLASS,CODE,DESCRIPTION,BASE_ENCOUNTER_COST,TOTAL_CLAIM_COST,PAYER_COVERAGE,REASONCODE,REASONDESCRIPTION
4b16b539-9ad5-0cfe-557f-6e87736698d7,2012-03-10T03:03:17Z,2012-03-10T03:18:17Z,7783dc2a-68c3-5cec-fb57-2ff403bd07a4,1fde85e4-d4ad-3df7-8b63-5da077f83680,859a2c23-b9ba-375a-a95e-94c53518cae6,d47b3510-2895-3b70-9897-342d681c769d,wellness,162673000,General examination of patient (procedure),129.16,129.16,129.16,,
7d798860-cb85-12d4-0078-e24fd9a5c624,2013-03-16T03:03:17Z,2013-03-16T03:18:17Z,7783dc2a-68c3-5cec-fb57-2ff403bd07a4,1fde85e4-d4ad-3df7-8b63-5da077f83680,859a2c23-b9ba-375a-a95e-94c53518cae6,d47b3510-2895-3b70-9897-342d681c769d,wellness,162673000,General examination of patient (procedure),129.16,129.16,129.16,,
31e2f76b-668b-175e-060f-060f74ac6794,2016-03-19T03:03:17Z,2016-03-19T03:18:17Z,7783dc2a-68c3-5cec-fb57-2ff403bd07a4,1fde85e4-d4ad-3df7-8b63-5da077f83680,859a2c23-b9ba-375a-a95e-94c53518cae6,d47b3510-2895-3b70-9897-342d681c769d,wellness,162673000,General examination of patient (procedure),129.16,129.16,129.16,,
9e1fba7f-753c-d729-f490-51cbd8f9d5cc,2019-03-23T03:03:17Z,2019-03-23T03:18:17Z,7783dc2a-68c3-5cec-fb57-2ff403bd07a4,1fde85e4-d4ad-3df7-8b63-5da077f83680,859a2c23-b9ba-375a-a95e-94c53518cae6,d47b3510-2895-3b70-9897-342d681c769d,wellness,162673000,General examination of patient (procedure),129.16,129.16,129.16,,
63fb8a6e-f5ff-49ee-4170-f4a0f6151518,2011-12-26T08:14:47Z,2011-12-26T08:29:47Z,6fe68c1c-97f3-a05b-372b-22d5f8a8c4e7,c8bfc6d8-9d92-357f-a84f-9e756acf7ca6,eae2e10c-e421-3aab-9df8-650f60384df9,42c4fca7-f8a9-3cd1-982a-dd9751bf3e2a,wellness,162673000,General examination of patient (procedure),129.16,129.16,129.16,,
cb7f94d0-787c-3159-43b6-d771b9fd5c58,2012-12-31T08:14:47Z,2012-12-31T08:29:47Z,6fe68c1c-97f3-a05b-372b-22d5f8a8c4e7,c8bfc6d8-9d92-357f-a84f-9e756acf7ca6,eae2e10c-e421-3aab-9df8-650f60384df9,42c4fca7-f8a9-3cd1-982a-dd9751bf3e2a,wellness,162673000,General examination of patient (procedure),129.16,129.16,129.16,,
6dc7b373-fd7d-0c7d-4f4f-352d71d995e0,2014-01-06T08:14:47Z,2014-01-06T08:29:47Z,6fe68c1c-97f3-a05b-372b-22d5f8a8c4e7,c8bfc6d8-9d92-357f-a84f-9e756acf7ca6,eae2e10c-e421-3aab-9df8-650f60384df9,42c4fca7-f8a9-3cd1-982a-dd9751bf3e2a,wellness,162673000,General examination of patient (procedure),129.16,129.16,129.16,,
f0f2c214-bae5-92cb-7a99-00e4977dd656,2015-01-12T08:14:47Z,2015-01-12T08:29:47Z,6fe68c1c-97f3-a05b-372b-22d5f8a8c4e7,c8bfc6d8-9d92-357f-a84f-9e756acf7ca6,eae2e10c-e421-3aab-9df8-650f60384df9,42c4fca7-f8a9-3cd1-982a-dd9751bf3e2a,wellness,162673000,General examination of patient (procedure),129.16,129.16,129.16,,
eb2e9e22-ba30-26f0-48c3-eb1900f2e7cd,2016-01-18T08:14:47Z,2016-01-18T08:29:47Z,6fe68c1c-97f3-a05b-372b-22d5f8a8c4e7,c8bfc6d8-9d92-357f-a84f-9e756acf7ca6,eae2e10c-e421-3aab-9df8-650f60384df9,42c4fca7-f8a9-3cd1-982a-dd9751bf3e2a,wellness,162673000,General examination of patient (procedure),129.16,129.16,129.16,,
4a0525c6-9104-038e-7bdb-2259c74da7a2,2017-01-23T08:14:47Z,2017-01-23T08:29:47Z,6fe68c1c-97f3-a05b-372b-22d5f8a8c4e7,c8bfc6d8-9d92-357f-a84f-9e756acf7ca6,eae2e10c-e421-3aab-9df8-650f60384df9,42c4fca7-f8a9-3cd1-982a-dd9751bf3e2a,wellness,162673000,General examination of patient (procedure),129.16,129.16,129.16,,
71cba323-b8b4-ff2f-5d28-fa2f333ded88,2018-01-29T08:14:47Z,2018-01-29T08:29:47Z,6fe68c1c-97f3-a05b-372b-22d5f8a8c4e7,c8bfc6d8-9d92-357f-a84f-9e756acf7ca6,eae2e10c-e421-3aab-9df8-650f60384df9,42c4fca7-f8a9-3cd1-982a-dd9751bf3e2a,wellness,162673000,General examination of patient (procedure),129.16,129.16,129.16,,
b88727de-e167-1b76-31f3-9c3c7dbc4fe0,2019-02-04T08:14:47Z,2019-02-04T08:29:47Z,6fe68c1c-97f3-a05b-372b-22d5f8a8c4e7,c8bfc6d8-9d92-357f-a84f-9e756acf7ca6,eae2e10c-e421-3aab-9df8-650f60384df9,42c4fca7-f8a9-3cd1-982a-dd9751bf3e2a,wellness,162673000,General examination of patient (procedure),129.16,129.16,129.16,,
63bc9ce1-727f-5397-2ff1-279fe1df594d,2020-02-10T08:14:47Z,2020-02-10T08:29:47Z,6fe68c1c-97f3-a05b-372b-22d5f8a8c4e7,c8bfc6d8-9d92-357f-a84f-9e756acf7ca6,eae2e10c-e421-3aab-9df8-650f60384df9,42c4fca7-f8a9-3cd1-982a-dd9751bf3e2a,wellness,162673000,General examination of patient (procedure),129.16,129.16,129.16,,
8acb8a5b-56ae-5e08-b1d3-e29eec560387,2021-02-15T08:14:47Z,2021-02-15T08:29:47Z,6fe68c1c-97f3-a05b-372b-22d5f8a8c4e7,c8bfc6d8-9d92-357f-a84f-9e756acf7ca6,eae2e10c-e421-3aab-9df8-650f60384df9,42c4fca7-f8a9-3cd1-982a-dd9751bf3e2a,wellness,162673000,General examination of patient (procedure),129.16,129.16,129.16,,
b1812d23-1d59-07bc-a667-49933fdd8423,1962-06-10T04:28:20Z,1962-06-10T05:28:20Z,e0c27843-bf06-6540-b9ab-7487809944cc,fd328395-ab1d-35c6-a2d0-d05a9a79cf11,dc65deeb-b6a5-35c4-a51e-64427437c005,b1c428d6-4f07-31e0-90f0-68ffa6ff8c76,emergency,230690007,Stroke,129.16,129.16,0.00,,
6703aebd-2652-4df2-ffc8-412cc966a80b,1977-04-03T04:28:20Z,1977-04-03T04:43:20Z,e0c27843-bf06-6540-b9ab-7487809944cc,3b70f0ce-fc65-3d63-a86c-4a1c711602ee,8e4f1093-d3fb-3d16-9bba-b4c044eef4cd,b1c428d6-4f07-31e0-90f0-68ffa6ff8c76,wellness,162673000,General examination of patient (procedure),129.16,129.16,0.00,,
8006db88-efce-590f-5655-5d7e50a80679,2011-05-04T17:43:28Z,2011-05-04T17:58:28Z,9feaa7b2-1768-d59f-57f9-3052b264ebe0,749a8ec0-d289-393a-b33b-39115ba167bc,412a5c81-e901-35dc-b898-2ac6103fd0aa,b1c428d6-4f07-31e0-90f0-68ffa6ff8c76,wellness,410620009,Well child visit (procedure),129.16,129.16,0.00,,
6be9d051-ec96-423f-8fd5-db8c7c56495b,2011-08-03T17:43:28Z,2011-08-03T17:58:28Z,9feaa7b2-1768-d59f-57f9-3052b264ebe0,749a8ec0-d289-393a-b33b-39115ba167bc,412a5c81-e901-35dc-b898-2ac6103fd0aa,b1c428d6-4f07-31e0-90f0-68ffa6ff8c76,wellness,410620009,Well child visit (procedure),129.16,129.16,0.00,,
c9b2bbd5-15ac-42fd-52fc-94deaf86138e,2012-02-01T17:43:28Z,2012-02-01T17:58:28Z,9feaa7b2-1768-d59f-57f9-3052b264ebe0,749a8ec0-d289-393a-b33b-39115ba167bc,412a5c81-e901-35dc-b898-2ac6103fd0aa,b1c428d6-4f07-31e0-90f0-68ffa6ff8c76,wellness,410620009,Well child visit (procedure),129.16,129.16,0.00,,
10a62540-a9fe-0308-d780-39d5ddcc397e,2012-08-01T17:43:28Z,2012-08-01T17:58:28Z,9feaa7b2-1768-d59f-57f9-3052b264ebe0,749a8ec0-d289-393a-b33b-39115ba167bc,412a5c81-e901-35dc-b898-2ac6103fd0aa,b1c428d6-4f07-31e0-90f0-68ffa6ff8c76,wellness,410620009,Well child visit (procedure),129.16,129.16,0.00,,
d9d58d58-f5ec-5309-25a1-c25639ea5484,2013-01-30T17:43:28Z,2013-01-30T17:58:28Z,9feaa7b2-1768-d59f-57f9-3052b264ebe0,749a8ec0-d289-393a-b33b-39115ba167bc,412a5c81-e901-35dc-b898-2ac6103fd0aa,b1c428d6-4f07-31e0-90f0-68ffa6ff8c76,wellness,410620009,Well child visit (procedure),129.16,129.16,0.00,,
024d28aa-b5fe-2cb0-47b3-d5260cbb39b2,2013-07-31T17:43:28Z,2013-07-31T17:58:28Z,9feaa7b2-1768-d59f-57f9-3052b264ebe0,749a8ec0-d289-393a-b33b-39115ba167bc,412a5c81-e901-35dc-b898-2ac6103fd0aa,b1c428d6-4f07-31e0-90f0-68ffa6ff8c76,wellness,410620009,Well child visit (procedure),129.16,129.16,0.00,,
15268906-d401-111c-a1e0-d07940a998cf,2014-01-29T17:43:28Z,2014-01-29T17:58:28Z,9feaa7b2-1768-d59f-57f9-3052b264ebe0,749a8ec0-d289-393a-b33b-39115ba167bc,412a5c81-e901-35dc-b898-2ac6103fd0aa,b1c428d6-4f07-31e0-90f0-68ffa6ff8c76,wellness,410620009,Well child visit (procedure),129.16,129.16,0.00,,
4f97ea2e-ae66-697f-88f0-47cbda4307a0,2015-02-04T17:43:28Z,2015-02-04T17:58:28Z,9feaa7b2-1768-d59f-57f9-3052b264ebe0,749a8ec0-d289-393a-b33b-39115ba167bc,412a5c81-e901-35dc-b898-2ac6103fd0aa,b1c428d6-4f07-31e0-90f0-68ffa6ff8c76,wellness,410620009,Well child visit (procedure),129.16,129.16,0.00,,
6e5f15cb-5483-ce01-bb86-0af216d9fd69,2016-02-10T17:43:28Z,2016-02-10T17:58:28Z,9feaa7b2-1768-d59f-57f9-3052b264ebe0,749a8ec0-d289-393a-b33b-39115ba167bc,412a5c81-e901-35dc-b898-2ac6103fd0aa,b1c428d6-4f07-31e0-90f0-68ffa6ff8c76,wellness,410620009,Well child visit (procedure),129.16,129.16,0.00,,
9662129e-8c56-56e5-5662-0a6c284d82b3,2017-02-15T17:43:28Z,2017-02-15T17:58:28Z,9feaa7b2-1768-d59f-57f9-3052b264ebe0,749a8ec0-d289-393a-b33b-39115ba167bc,412a5c81-e901-35dc-b898-2ac6103fd0aa,b1c428d6-4f07-31e0-90f0-68ffa6ff8c76,wellness,410620009,Well child visit (procedure),129.16,129.16,0.00,,
b14f12ff-5dc7-5bea-0cc9-acfe1935994e,2018-02-21T17:43:28Z,2018-02-21T17:58:28Z,9feaa7b2-1768-d59f-57f9-3052b264ebe0,749a8ec0-d289-393a-b33b-39115ba167bc,412a5c81-e901-35dc-b898-2ac6103fd0aa,b1c428d6-4f07-31e0-90f0-68ffa6ff8c76,wellness,410620009,Well child visit (procedure),129.16,129.16,0.00,,
72d97165-074e-4fce-d802-1be06c0993b6,1991-06-23T04:28:20Z,1991-06-23T04:43:20Z,e0c27843-bf06-6540-b9ab-7487809944cc,3b70f0ce-fc65-3d63-a86c-4a1c711602ee,8e4f1093-d3fb-3d16-9bba-b4c044eef4cd,7caa7254-5050-3b5e-9eae-bd5ea30e809c,wellness,162673000,General examination of patient (procedure),129.16,129.16,89.16,,
6c66c818-fd54-f653-514c-6bfda42c8873,1994-07-10T04:28:20Z,1994-07-10T04:43:20Z,e0c27843-bf06-6540-b9ab-7487809944cc,3b70f0ce-fc65-3d63-a86c-4a1c711602ee,8e4f1093-d3fb-3d16-9bba-b4c044eef4cd,7caa7254-5050-3b5e-9eae-bd5ea30e809c,wellness,162673000,General examination of patient (procedure),129.16,129.16,89.16,,
6fed68b2-c66d-a3ae-1c40-b6a02511f6c2,1997-07-27T04:28:20Z,1997-07-27T04:43:20Z,e0c27843-bf06-6540-b9ab-7487809944cc,3b70f0ce-fc65-3d63-a86c-4a1c711602ee,8e4f1093-d3fb-3d16-9bba-b4c044eef4cd,7caa7254-5050-3b5e-9eae-bd5ea30e809c,wellness,162673000,General examination of patient (procedure),129.16,129.16,89.16,,
d5a85681-3673-45f3-7fb8-6a7e2b1fa099,2019-02-27T17:43:28Z,2019-02-27T17:58:28Z,9feaa7b2-1768-d59f-57f9-3052b264ebe0,749a8ec0-d289-393a-b33b-39115ba167bc,412a5c81-e901-35dc-b898-2ac6103fd0aa,b1c428d6-4f07-31e0-90f0-68ffa6ff8c76,wellness,410620009,Well child visit (procedure),129.16,129.16,0.00,,
0f3ff2f4-55d9-56e9-39fe-bfee59763a00,2020-03-04T17:43:28Z,2020-03-04T17:58:28Z,9feaa7b2-1768-d59f-57f9-3052b264ebe0,749a8ec0-d289-393a-b33b-39115ba167bc,412a5c81-e901-35dc-b898-2ac6103fd0aa,b1c428d6-4f07-31e0-90f0-68ffa6ff8c76,wellness,410620009,Well child visit (procedure),129.16,129.16,0.00,,
5fcf7a14-d9de-f754-be69-4f0146295916,2011-10-16T04:28:20Z,2011-10-16T04:43:20Z,e0c27843-bf06-6540-b9ab-7487809944cc,3b70f0ce-fc65-3d63-a86c-4a1c711602ee,8e4f1093-d3fb-3d16-9bba-b4c044eef4cd,7caa7254-5050-3b5e-9eae-bd5ea30e809c,wellness,162673000,General examination of patient (procedure),129.16,129.16,129.16,,
b938d1a1-4064-3067-0392-1309fc4c76dc,2012-10-21T04:28:20Z,2012-10-21T04:43:20Z,e0c27843-bf06-6540-b9ab-7487809944cc,3b70f0ce-fc65-3d63-a86c-4a1c711602ee,8e4f1093-d3fb-3d16-9bba-b4c044eef4cd,7caa7254-5050-3b5e-9eae-bd5ea30e809c,wellness,162673000,General examination of patient (procedure),129.16,129.16,129.16,,
fd1a13ef-246b-d25d-af8f-dd27835f53bc,2013-10-27T04:28:20Z,2013-10-27T04:43:20Z,e0c27843-bf06-6540-b9ab-7487809944cc,3b70f0ce-fc65-3d63-a86c-4a1c711602ee,8e4f1093-d3fb-3d16-9bba-b4c044eef4cd,7caa7254-5050-3b5e-9eae-bd5ea30e809c,wellness,162673000,General examination of patient (procedure),129.16,129.16,129.16,,
24e8acb9-2d89-6fe3-6c2c-bf64b7694f1e,2014-11-02T04:28:20Z,2014-11-02T04:43:20Z,e0c27843-bf06-6540-b9ab-7487809944cc,3b70f0ce-fc65-3d63-a86c-4a1c711602ee,8e4f1093-d3fb-3d16-9bba-b4c044eef4cd,7caa7254-5050-3b5e-9eae-bd5ea30e809c,wellness,162673000,General examination of patient (procedure),129.16,129.16,129.16,,
aa51d219-a87e-bffe-b334-5bb618a237ef,2015-11-08T04:28:20Z,2015-11-08T04:43:20Z,e0c27843-bf06-6540-b9ab-7487809944cc,3b70f0ce-fc65-3d63-a86c-4a1c711602ee,8e4f1093-d3fb-3d16-9bba-b4c044eef4cd,7caa7254-5050-3b5e-9eae-bd5ea30e809c,wellness,162673000,General examination of patient (procedure),129.16,129.16,129.16,,
313e06f6-ecde-6174-287c-ed916c5658a4,2016-11-13T04:28:20Z,2016-11-13T04:43:20Z,e0c27843-bf06-6540-b9ab-7487809944cc,3b70f0ce-fc65-3d63-a86c-4a1c711602ee,8e4f1093-d3fb-3d16-9bba-b4c044eef4cd,7caa7254-5050-3b5e-9eae-bd5ea30e809c,wellness,162673000,General examination of patient (procedure),129.16,129.16,129.16,,
7765d0bc-948c-f069-607e-d8c2f930bf7e,2017-11-19T04:28:20Z,2017-11-19T04:43:20Z,e0c27843-bf06-6540-b9ab-7487809944cc,3b70f0ce-fc65-3d63-a86c-4a1c711602ee,8e4f1093-d3fb-3d16-9bba-b4c044eef4cd,7caa7254-5050-3b5e-9eae-bd5ea30e809c,wellness,162673000,General examination of patient (procedure),129.16,129.16,129.16,,
538f944c-068b-524c-66d5-d17f20ab470f,2018-11-25T04:28:20Z,2018-11-25T04:43:20Z,e0c27843-bf06-6540-b9ab-7487809944cc,3b70f0ce-fc65-3d63-a86c-4a1c711602ee,8e4f1093-d3fb-3d16-9bba-b4c044eef4cd,7caa7254-5050-3b5e-9eae-bd5ea30e809c,wellness,162673000,General examination of patient (procedure),129.16,129.16,129.16,,
0399ce31-c7bf-5bf3-ca23-f1b8f55822fd,2019-12-01T04:28:20Z,2019-12-01T04:43:20Z,e0c27843-bf06-6540-b9ab-7487809944cc,3b70f0ce-fc65-3d63-a86c-4a1c711602ee,8e4f1093-d3fb-3d16-9bba-b4c044eef4cd,7caa7254-5050-3b5e-9eae-bd5ea30e809c,wellness,162673000,General examination of patient (procedure),129.16,129.16,129.16,,
faf41a1b-981e-3604-6180-4fb3ceb0f506,2020-12-06T04:28:20Z,2020-12-06T04:43:20Z,e0c27843-bf06-6540-b9ab-7487809944cc,3b70f0ce-fc65-3d63-a86c-4a1c711602ee,8e4f1093-d3fb-3d16-9bba-b4c044eef4cd,7caa7254-5050-3b5e-9eae-bd5ea30e809c,wellness,162673000,General examination of patient (procedure),129.16,129.16,129.16,,
6911d022-e369-3ef0-5561-e5db814c66d0,2016-12-08T15:22:37Z,2016-12-08T15:37:37Z,00ff2ade-aff6-3f63-e8da-38f52bcee8e7,e0ca0c69-8ba4-35e5-aa72-ea06997ed383,0d9636f3-3fa5-34c0-b047-c847e922b745,4d71f845-a6a9-3c39-b242-14d25ef86a8d,wellness,410620009,Well child visit (procedure),129.16,129.16,129.16,,
1b76eafd-dfa6-6bca-71c8-ae54db52f25c,2017-01-12T15:22:37Z,2017-01-12T15:37:37Z,00ff2ade-aff6-3f63-e8da-38f52bcee8e7,e0ca0c69-8ba4-35e5-aa72-ea06997ed383,0d9636f3-3fa5-34c0-b047-c847e922b745,4d71f845-a6a9-3c39-b242-14d25ef86a8d,wellness,410620009,Well child visit (procedure),129.16,129.16,129.16,,
8d67a434-6c38-58b7-6d5e-f1525a759b38,2017-03-16T15:22:37Z,2017-03-16T15:37:37Z,00ff2ade-aff6-3f63-e8da-38f52bcee8e7,e0ca0c69-8ba4-35e5-aa72-ea06997ed383,0d9636f3-3fa5-34c0-b047-c847e922b745,4d71f845-a6a9-3c39-b242-14d25ef86a8d,wellness,410620009,Well child visit (procedure),129.16,129.16,129.16,,
73637851-8b3d-ca8a-5813-c242bef4da19,2017-05-18T15:22:37Z,2017-05-18T15:37:37Z,00ff2ade-aff6-3f63-e8da-38f52bcee8e7,e0ca0c69-8ba4-35e5-aa72-ea06997ed383,0d9636f3-3fa5-34c0-b047-c847e922b745,4d71f845-a6a9-3c39-b242-14d25ef86a8d,wellness,410620009,Well child visit (procedure),129.16,129.16,129.16,,
b60f4799-62ec-d1c2-f009-2e6ffd2bebdb,2017-08-17T15:22:37Z,2017-08-17T15:37:37Z,00ff2ade-aff6-3f63-e8da-38f52bcee8e7,e0ca0c69-8ba4-35e5-aa72-ea06997ed383,0d9636f3-3fa5-34c0-b047-c847e922b745,4d71f845-a6a9-3c39-b242-14d25ef86a8d,wellness,410620009,Well child visit (procedure),129.16,129.16,129.16,,
b872d414-f777-710f-2f39-bb2bac5a45a2,2017-11-16T15:22:37Z,2017-11-16T15:37:37Z,00ff2ade-aff6-3f63-e8da-38f52bcee8e7,e0ca0c69-8ba4-35e5-aa72-ea06997ed383,0d9636f3-3fa5-34c0-b047-c847e922b745,4d71f845-a6a9-3c39-b242-14d25ef86a8d,wellness,410620009,Well child visit (procedure),129.16,129.16,129.16,,
cb478cee-57b5-a815-fa3b-1349d64da742,2018-02-15T15:22:37Z,2018-02-15T15:37:37Z,00ff2ade-aff6-3f63-e8da-38f52bcee8e7,e0ca0c69-8ba4-35e5-aa72-ea06997ed383,0d9636f3-3fa5-34c0-b047-c847e922b745,4d71f845-a6a9-3c39-b242-14d25ef86a8d,wellness,410620009,Well child visit (procedure),129.16,129.16,129.16,,
11183afc-a41e-e66f-b579-97cf83b06fe0,2018-05-17T15:22:37Z,2018-05-17T15:37:37Z,00ff2ade-aff6-3f63-e8da-38f52bcee8e7,e0ca0c69-8ba4-35e5-aa72-ea06997ed383,0d9636f3-3fa5-34c0-b047-c847e922b745,4d71f845-a6a9-3c39-b242-14d25ef86a8d,wellness,410620009,Well child visit (procedure),129.16,129.16,129.16,,
dad662a1-b7b9-2af5-d3cf-c7e9e6d618d9,2018-11-15T15:22:37Z,2018-11-15T15:37:37Z,00ff2ade-aff6-3f63-e8da-38f52bcee8e7,e0ca0c69-8ba4-35e5-aa72-ea06997ed383,0d9636f3-3fa5-34c0-b047-c847e922b745,4d71f845-a6a9-3c39-b242-14d25ef86a8d,wellness,410620009,Well child visit (procedure),129.16,129.16,129.16,,
99836ed4-1844-5342-c817-b4213019fae2,2019-05-16T15:22:37Z,2019-05-16T15:37:37Z,00ff2ade-aff6-3f63-e8da-38f52bcee8e7,e0ca0c69-8ba4-35e5-aa72-ea06997ed383,0d9636f3-3fa5-34c0-b047-c847e922b745,4d71f845-a6a9-3c39-b242-14d25ef86a8d,wellness,410620009,Well child visit (procedure),129.16,129.16,129.16,,
64d8f978-024c-5f70-0283-f0cc7182c16f,2019-11-14T15:22:37Z,2019-11-14T15:37:37Z,00ff2ade-aff6-3f63-e8da-38f52bcee8e7,e0ca0c69-8ba4-35e5-aa72-ea06997ed383,0d9636f3-3fa5-34c0-b047-c847e922b745,4d71f845-a6a9-3c39-b242-14d25ef86a8d,wellness,410620009,Well child visit (procedure),129.16,129.16,129.16,,
d9bcc4f5-bf35-ae25-5d70-bbc5b59f3059,2020-05-14T15:22:37Z,2020-05-14T15:37:37Z,00ff2ade-aff6-3f63-e8da-38f52bcee8e7,e0ca0c69-8ba4-35e5-aa72-ea06997ed383,0d9636f3-3fa5-34c0-b047-c847e922b745,4d71f845-a6a9-3c39-b242-14d25ef86a8d,wellness,410620009,Well child visit (procedure),129.16,129.16,129.16,,
9b023b0a-1302-74d3-1b35-4960a5b71fba,2020-11-12T15:22:37Z,2020-11-12T15:37:37Z,00ff2ade-aff6-3f63-e8da-38f52bcee8e7,e0ca0c69-8ba4-35e5-aa72-ea06997ed383,0d9636f3-3fa5-34c0-b047-c847e922b745,4d71f845-a6a9-3c39-b242-14d25ef86a8d,wellness,410620009,Well child visit (procedure),129.16,129.16,129.16,,
