DATE,PATIENT,ENCOUNTER,CODE,DESCRIPTION,BASE_COST
2012-03-10T03:03:17Z,7783dc2a-68c3-5cec-fb57-2ff403bd07a4,4b16b539-9ad5-0cfe-557f-6e87736698d7,140,Influenza  seasonal  injectable  preservative free,140.52
2013-03-16T03:03:17Z,7783dc2a-68c3-5cec-fb57-2ff403bd07a4,7d798860-cb85-12d4-0078-e24fd9a5c624,140,Influenza  seasonal  injectable  preservative free,140.52
2016-03-19T03:03:17Z,7783dc2a-68c3-5cec-fb57-2ff403bd07a4,31e2f76b-668b-175e-060f-060f74ac6794,140,Influenza  seasonal  injectable  preservative free,140.52
2016-03-19T03:03:17Z,7783dc2a-68c3-5cec-fb57-2ff403bd07a4,31e2f76b-668b-175e-060f-060f74ac6794,113,Td (adult) preservative free,140.52
2016-03-19T03:03:17Z,7783dc2a-68c3-5cec-fb57-2ff403bd07a4,31e2f76b-668b-175e-060f-060f74ac6794,43,Hep B  adult,140.52
2016-03-19T03:03:17Z,7783dc2a-68c3-5cec-fb57-2ff403bd07a4,31e2f76b-668b-175e-060f-060f74ac6794,114,meningococcal MCV4P,140.52
2019-03-23T03:03:17Z,7783dc2a-68c3-5cec-fb57-2ff403bd07a4,9e1fba7f-753c-d729-f490-51cbd8f9d5cc,140,Influenza  seasonal  injectable  preservative free,140.52
2011-12-26T08:14:47Z,6fe68c1c-97f3-a05b-372b-22d5f8a8c4e7,63fb8a6e-f5ff-49ee-4170-f4a0f6151518,140,Influenza  seasonal  injectable  preservative free,140.52
2012-12-31T08:14:47Z,6fe68c1c-97f3-a05b-372b-22d5f8a8c4e7,cb7f94d0-787c-3159-43b6-d771b9fd5c58,140,Influenza  seasonal  injectable  preservative free,140.52
2014-01-06T08:14:47Z,6fe68c1c-97f3-a05b-372b-22d5f8a8c4e7,6dc7b373-fd7d-0c7d-4f4f-352d71d995e0,140,Influenza  seasonal  injectable  preservative free,140.52
2015-01-12T08:14:47Z,6fe68c1c-97f3-a05b-372b-22d5f8a8c4e7,f0f2c214-bae5-92cb-7a99-00e4977dd656,140,Influenza  seasonal  injectable  preservative free,140.52
2016-01-18T08:14:47Z,6fe68c1c-97f3-a05b-372b-22d5f8a8c4e7,eb2e9e22-ba30-26f0-48c3-eb1900f2e7cd,140,Influenza  seasonal  injectable  preservative free,140.52
2017-01-23T08:14:47Z,6fe68c1c-97f3-a05b-372b-22d5f8a8c4e7,4a0525c6-9104-038e-7bdb-2259c74da7a2,140,Influenza  seasonal  injectable  preservative free,140.52
2018-01-29T08:14:47Z,6fe68c1c-97f3-a05b-372b-22d5f8a8c4e7,71cba323-b8b4-ff2f-5d28-fa2f333ded88,140,Influenza  seasonal  injectable  preservative free,140.52
2018-01-29T08:14:47Z,6fe68c1c-97f3-a05b-372b-22d5f8a8c4e7,71cba323-b8b4-ff2f-5d28-fa2f333ded88,113,Td (adult) preservative free,140.52
2019-02-04T08:14:47Z,6fe68c1c-97f3-a05b-372b-22d5f8a8c4e7,b88727de-e167-1b76-31f3-9c3c7dbc4fe0,140,Influenza  seasonal  injectable  preservative free,140.52
2020-02-10T08:14:47Z,6fe68c1c-97f3-a05b-372b-22d5f8a8c4e7,63bc9ce1-727f-5397-2ff1-279fe1df594d,140,Influenza  seasonal  injectable  preservative free,140.52
2021-02-15T08:14:47Z,6fe68c1c-97f3-a05b-372b-22d5f8a8c4e7,8acb8a5b-56ae-5e08-b1d3-e29eec560387,140,Influenza  seasonal  injectable  preservative free,140.52
2011-05-04T17:43:28Z,9feaa7b2-1768-d59f-57f9-3052b264ebe0,8006db88-efce-590f-5655-5d7e50a80679,49,Hib (PRP-OMP),140.52
2011-05-04T17:43:28Z,9feaa7b2-1768-d59f-57f9-3052b264ebe0,8006db88-efce-590f-5655-5d7e50a80679,21,varicella,140.52
2011-05-04T17:43:28Z,9feaa7b2-1768-d59f-57f9-3052b264ebe0,8006db88-efce-590f-5655-5d7e50a80679,03,MMR,140.52
2011-05-04T17:43:28Z,9feaa7b2-1768-d59f-57f9-3052b264ebe0,8006db88-efce-590f-5655-5d7e50a80679,133,Pneumococcal conjugate PCV 13,140.52
2011-05-04T17:43:28Z,9feaa7b2-1768-d59f-57f9-3052b264ebe0,8006db88-efce-590f-5655-5d7e50a80679,83,Hep A  ped/adol  2 dose,140.52
2011-08-03T17:43:28Z,9feaa7b2-1768-d59f-57f9-3052b264ebe0,6be9d051-ec96-423f-8fd5-db8c7c56495b,20,DTaP,140.52
2012-02-01T17:43:28Z,9feaa7b2-1768-d59f-57f9-3052b264ebe0,c9b2bbd5-15ac-42fd-52fc-94deaf86138e,140,Influenza  seasonal  injectable  preservative free,140.52
2012-08-01T17:43:28Z,9feaa7b2-1768-d59f-57f9-3052b264ebe0,10a62540-a9fe-0308-d780-39d5ddcc397e,83,Hep A  ped/adol  2 dose,140.52
2013-01-30T17:43:28Z,9feaa7b2-1768-d59f-57f9-3052b264ebe0,d9d58d58-f5ec-5309-25a1-c25639ea5484,140,Influenza  seasonal  injectable  preservative free,140.52
2014-01-29T17:43:28Z,9feaa7b2-1768-d59f-57f9-3052b264ebe0,15268906-d401-111c-a1e0-d07940a998cf,140,Influenza  seasonal  injectable  preservative free,140.52
2015-02-04T17:43:28Z,9feaa7b2-1768-d59f-57f9-3052b264ebe0,4f97ea2e-ae66-697f-88f0-47cbda4307a0,21,varicella,140.52
2015-02-04T17:43:28Z,9feaa7b2-1768-d59f-57f9-3052b264ebe0,4f97ea2e-ae66-697f-88f0-47cbda4307a0,10,IPV,140.52
2015-02-04T17:43:28Z,9feaa7b2-1768-d59f-57f9-3052b264ebe0,4f97ea2e-ae66-697f-88f0-47cbda4307a0,140,Influenza  seasonal  injectable  preservative free,140.52
2015-02-04T17:43:28Z,9feaa7b2-1768-d59f-57f9-3052b264ebe0,4f97ea2e-ae66-697f-88f0-47cbda4307a0,20,DTaP,140.52
2015-02-04T17:43:28Z,9feaa7b2-1768-d59f-57f9-3052b264ebe0,4f97ea2e-ae66-697f-88f0-47cbda4307a0,03,MMR,140.52
2016-02-10T17:43:28Z,9feaa7b2-1768-d59f-57f9-3052b264ebe0,6e5f15cb-5483-ce01-bb86-0af216d9fd69,140,Influenza  seasonal  injectable  preservative free,140.52
2017-02-15T17:43:28Z,9feaa7b2-1768-d59f-57f9-3052b264ebe0,9662129e-8c56-56e5-5662-0a6c284d82b3,140,Influenza  seasonal  injectable  preservative free,140.52
2018-02-21T17:43:28Z,9feaa7b2-1768-d59f-57f9-3052b264ebe0,b14f12ff-5dc7-5bea-0cc9-acfe1935994e,140,Influenza  seasonal  injectable  preservative free,140.52
2019-02-27T17:43:28Z,9feaa7b2-1768-d59f-57f9-3052b264ebe0,d5a85681-3673-45f3-7fb8-6a7e2b1fa099,140,Influenza  seasonal  injectable  preservative free,140.52
2020-03-04T17:43:28Z,9feaa7b2-1768-d59f-57f9-3052b264ebe0,0f3ff2f4-55d9-56e9-39fe-bfee59763a00,140,Influenza  seasonal  injectable  preservative free,140.52
2011-10-16T04:28:20Z,e0c27843-bf06-6540-b9ab-7487809944cc,5fcf7a14-d9de-f754-be69-4f0146295916,140,Influenza  seasonal  injectable  preservative free,140.52
2012-10-21T04:28:20Z,e0c27843-bf06-6540-b9ab-7487809944cc,b938d1a1-4064-3067-0392-1309fc4c76dc,140,Influenza  seasonal  injectable  preservative free,140.52
2013-10-27T04:28:20Z,e0c27843-bf06-6540-b9ab-7487809944cc,fd1a13ef-246b-d25d-af8f-dd27835f53bc,140,Influenza  seasonal  injectable  preservative free,140.52
2014-11-02T04:28:20Z,e0c27843-bf06-6540-b9ab-7487809944cc,24e8acb9-2d89-6fe3-6c2c-bf64b7694f1e,140,Influenza  seasonal  injectable  preservative free,140.52
2016-12-08T15:22:37Z,00ff2ade-aff6-3f63-e8da-38f52bcee8e7,6911d022-e369-3ef0-5561-e5db814c66d0,08,Hep B  adolescent or pediatric,140.52
2017-01-12T15:22:37Z,00ff2ade-aff6-3f63-e8da-38f52bcee8e7,1b76eafd-dfa6-6bca-71c8-ae54db52f25c,08,Hep B  adolescent or pediatric,140.52
2017-03-16T15:22:37Z,00ff2ade-aff6-3f63-e8da-38f52bcee8e7,8d67a434-6c38-58b7-6d5e-f1525a759b38,49,Hib (PRP-OMP),140.52
2017-03-16T15:22:37Z,00ff2ade-aff6-3f63-e8da-38f52bcee8e7,8d67a434-6c38-58b7-6d5e-f1525a759b38,119,rotavirus  monovalent,140.52
2017-03-16T15:22:37Z,00ff2ade-aff6-3f63-e8da-38f52bcee8e7,8d67a434-6c38-58b7-6d5e-f1525a759b38,10,IPV,140.52
2017-03-16T15:22:37Z,00ff2ade-aff6-3f63-e8da-38f52bcee8e7,8d67a434-6c38-58b7-6d5e-f1525a759b38,20,DTaP,140.52
2017-03-16T15:22:37Z,00ff2ade-aff6-3f63-e8da-38f52bcee8e7,8d67a434-6c38-58b7-6d5e-f1525a759b38,133,Pneumococcal conjugate PCV 13,140.52
2017-05-18T15:22:37Z,00ff2ade-aff6-3f63-e8da-38f52bcee8e7,73637851-8b3d-ca8a-5813-c242bef4da19,49,Hib (PRP-OMP),140.52
2017-05-18T15:22:37Z,00ff2ade-aff6-3f63-e8da-38f52bcee8e7,73637851-8b3d-ca8a-5813-c242bef4da19,119,rotavirus  monovalent,140.52
2017-05-18T15:22:37Z,00ff2ade-aff6-3f63-e8da-38f52bcee8e7,73637851-8b3d-ca8a-5813-c242bef4da19,10,IPV,140.52
2017-05-18T15:22:37Z,00ff2ade-aff6-3f63-e8da-38f52bcee8e7,73637851-8b3d-ca8a-5813-c242bef4da19,20,DTaP,140.52
2017-05-18T15:22:37Z,00ff2ade-aff6-3f63-e8da-38f52bcee8e7,73637851-8b3d-ca8a-5813-c242bef4da19,133,Pneumococcal conjugate PCV 13,140.52
2017-08-17T15:22:37Z,00ff2ade-aff6-3f63-e8da-38f52bcee8e7,b60f4799-62ec-d1c2-f009-2e6ffd2bebdb,10,IPV,140.52
2017-08-17T15:22:37Z,00ff2ade-aff6-3f63-e8da-38f52bcee8e7,b60f4799-62ec-d1c2-f009-2e6ffd2bebdb,140,Influenza  seasonal  injectable  preservative free,140.52
2017-08-17T15:22:37Z,00ff2ade-aff6-3f63-e8da-38f52bcee8e7,b60f4799-62ec-d1c2-f009-2e6ffd2bebdb,20,DTaP,140.52
2017-08-17T15:22:37Z,00ff2ade-aff6-3f63-e8da-38f52bcee8e7,b60f4799-62ec-d1c2-f009-2e6ffd2bebdb,133,Pneumococcal conjugate PCV 13,140.52
2017-08-17T15:22:37Z,00ff2ade-aff6-3f63-e8da-38f52bcee8e7,b60f4799-62ec-d1c2-f009-2e6ffd2bebdb,08,Hep B  adolescent or pediatric,140.52
2018-02-15T15:22:37Z,00ff2ade-aff6-3f63-e8da-38f52bcee8e7,cb478cee-57b5-a815-fa3b-1349d64da742,49,Hib (PRP-OMP),140.52
2018-02-15T15:22:37Z,00ff2ade-aff6-3f63-e8da-38f52bcee8e7,cb478cee-57b5-a815-fa3b-1349d64da742,21,varicella,140.52
2018-02-15T15:22:37Z,00ff2ade-aff6-3f63-e8da-38f52bcee8e7,cb478cee-57b5-a815-fa3b-1349d64da742,03,MMR,140.52
2018-02-15T15:22:37Z,00ff2ade-aff6-3f63-e8da-38f52bcee8e7,cb478cee-57b5-a815-fa3b-1349d64da742,133,Pneumococcal conjugate PCV 13,140.52
2018-02-15T15:22:37Z,00ff2ade-aff6-3f63-e8da-38f52bcee8e7,cb478cee-57b5-a815-fa3b-1349d64da742,83,Hep A  ped/adol  2 dose,140.52
2018-05-17T15:22:37Z,00ff2ade-aff6-3f63-e8da-38f52bcee8e7,11183afc-a41e-e66f-b579-97cf83b06fe0,20,DTaP,140.52
2018-11-15T15:22:37Z,00ff2ade-aff6-3f63-e8da-38f52bcee8e7,dad662a1-b7b9-2af5-d3cf-c7e9e6d618d9,140,Influenza  seasonal  injectable  preservative free,140.52
2019-05-16T15:22:37Z,00ff2ade-aff6-3f63-e8da-38f52bcee8e7,99836ed4-1844-5342-c817-b4213019fae2,83,Hep A  ped/adol  2 dose,140.52
2019-11-14T15:22:37Z,00ff2ade-aff6-3f63-e8da-38f52bcee8e7,64d8f978-024c-5f70-0283-f0cc7182c16f,140,Influenza  seasonal  injectable  preservative free,140.52
2020-11-12T15:22:37Z,00ff2ade-aff6-3f63-e8da-38f52bcee8e7,9b023b0a-1302-74d3-1b35-4960a5b71fba,140,Influenza  seasonal  injectable  preservative free,140.52
