START,STOP,PATIENT,PAYER,ENCOUNTER,CODE,DESCRIPTION,BASE_COST,PAYER_COVERAGE,DISPENSES,TOTALCOST,REASONCODE,REASONDESCRIPTION
1977-04-03T04:28:20Z,,e0c27843-bf06-6540-b9ab-7487809944cc,b1c428d6-4f07-31e0-90f0-68ffa6ff8c76,6703aebd-2652-4df2-ffc8-412cc966a80b,705129,Nitroglycerin 0.4 MG/ACTUAT Mucosal Spray,57.36,0.00,534,30630.24,,
1991-06-23T04:28:20Z,,e0c27843-bf06-6540-b9ab-7487809944cc,7caa7254-5050-3b5e-9eae-bd5ea30e809c,72d97165-074e-4fce-d802-1be06c0993b6,312961,Simvastatin 20 MG Oral Tablet,27.29,0.00,361,9851.69,,
1994-07-10T04:28:20Z,,e0c27843-bf06-6540-b9ab-7487809944cc,7caa7254-5050-3b5e-9eae-bd5ea30e809c,6c66c818-fd54-f653-514c-6bfda42c8873,197361,Amlodipine 5 MG Oral Tablet,3.64,0.00,324,1179.36,,
1997-07-27T04:28:20Z,,e0c27843-bf06-6540-b9ab-7487809944cc,7caa7254-5050-3b5e-9eae-bd5ea30e809c,6fed68b2-c66d-a3ae-1c40-b6a02511f6c2,309362,Clopidogrel 75 MG Oral Tablet,109.67,0.00,287,31475.29,,
