DATE,PATIENT,ENCOUNTER,CODE,DESCRIPTION,VALUE,UNITS,TYPE
2011-01-15T03:03:17Z,7783dc2a-68c3-5cec-fb57-2ff403bd07a4,,QALY,QALY,16.0,a,numeric
2012-01-15T03:03:17Z,7783dc2a-68c3-5cec-fb57-2ff403bd07a4,,QALY,QALY,17.0,a,numeric
2013-01-15T03:03:17Z,7783dc2a-68c3-5cec-fb57-2ff403bd07a4,,QALY,QALY,18.0,a,numeric
2014-01-15T03:03:17Z,7783dc2a-68c3-5cec-fb57-2ff403bd07a4,,QALY,QALY,19.0,a,numeric
2015-01-15T03:03:17Z,7783dc2a-68c3-5cec-fb57-2ff403bd07a4,,QALY,QALY,20.0,a,numeric
2016-01-15T03:03:17Z,7783dc2a-68c3-5cec-fb57-2ff403bd07a4,,QALY,QALY,21.0,a,numeric
2017-01-15T03:03:17Z,7783dc2a-68c3-5cec-fb57-2ff403bd07a4,,QALY,QALY,22.0,a,numeric
2018-01-15T03:03:17Z,7783dc2a-68c3-5cec-fb57-2ff403bd07a4,,QALY,QALY,23.0,a,numeric
2019-01-15T03:03:17Z,7783dc2a-68c3-5cec-fb57-2ff403bd07a4,,QALY,QALY,24.0,a,numeric
2020-01-15T03:03:17Z,7783dc2a-68c3-5cec-fb57-2ff403bd07a4,,QALY,QALY,25.0,a,numeric
2021-01-15T03:03:17Z,7783dc2a-68c3-5cec-fb57-2ff403bd07a4,,QALY,QALY,26.0,a,numeric
2011-01-15T03:03:17Z,7783dc2a-68c3-5cec-fb57-2ff403bd07a4,,DALY,DALY,0.0,a,numeric
2012-01-15T03:03:17Z,7783dc2a-68c3-5cec-fb57-2ff403bd07a4,,DALY,DALY,0.0,a,numeric
2013-01-15T03:03:17Z,7783dc2a-68c3-5cec-fb57-2ff403bd07a4,,DALY,DALY,0.0,a,numeric
2014-01-15T03:03:17Z,7783dc2a-68c3-5cec-fb57-2ff403bd07a4,,DALY,DALY,0.0,a,numeric
2015-01-15T03:03:17Z,7783dc2a-68c3-5cec-fb57-2ff403bd07a4,,DALY,DALY,0.0,a,numeric
2016-01-15T03:03:17Z,7783dc2a-68c3-5cec-fb57-2ff403bd07a4,,DALY,DALY,0.0,a,numeric
2017-01-15T03:03:17Z,7783dc2a-68c3-5cec-fb57-2ff403bd07a4,,DALY,DALY,0.0,a,numeric
2018-01-15T03:03:17Z,7783dc2a-68c3-5cec-fb57-2ff403bd07a4,,DALY,DALY,0.0,a,numeric
2019-01-15T03:03:17Z,7783dc2a-68c3-5cec-fb57-2ff403bd07a4,,DALY,DALY,0.0,a,numeric
2020-01-15T03:03:17Z,7783dc2a-68c3-5cec-fb57-2ff403bd07a4,,DALY,DALY,0.0,a,numeric
2021-01-15T03:03:17Z,7783dc2a-68c3-5cec-fb57-2ff403bd07a4,,DALY,DALY,0.0,a,numeric
2011-01-15T03:03:17Z,7783dc2a-68c3-5cec-fb57-2ff403bd07a4,,QOLS,QOLS,1.0,{score},numeric
2012-01-15T03:03:17Z,7783dc2a-68c3-5cec-fb57-2ff403bd07a4,,QOLS,QOLS,1.0,{score},numeric
2013-01-15T03:03:17Z,7783dc2a-68c3-5cec-fb57-2ff403bd07a4,,QOLS,QOLS,1.0,{score},numeric
2014-01-15T03:03:17Z,7783dc2a-68c3-5cec-fb57-2ff403bd07a4,,QOLS,QOLS,1.0,{score},numeric
2015-01-15T03:03:17Z,7783dc2a-68c3-5cec-fb57-2ff403bd07a4,,QOLS,QOLS,1.0,{score},numeric
2016-01-15T03:03:17Z,7783dc2a-68c3-5cec-fb57-2ff403bd07a4,,QOLS,QOLS,1.0,{score},numeric
2017-01-15T03:03:17Z,7783dc2a-68c3-5cec-fb57-2ff403bd07a4,,QOLS,QOLS,1.0,{score},numeric
2018-01-15T03:03:17Z,7783dc2a-68c3-5cec-fb57-2ff403bd07a4,,QOLS,QOLS,1.0,{score},numeric
2019-01-15T03:03:17Z,7783dc2a-68c3-5cec-fb57-2ff403bd07a4,,QOLS,QOLS,1.0,{score},numeric
2020-01-15T03:03:17Z,7783dc2a-68c3-5cec-fb57-2ff403bd07a4,,QOLS,QOLS,1.0,{score},numeric
2021-01-15T03:03:17Z,7783dc2a-68c3-5cec-fb57-2ff403bd07a4,,QOLS,QOLS,1.0,{score},numeric
2011-11-26T08:14:47Z,6fe68c1c-97f3-a05b-372b-22d5f8a8c4e7,,QALY,QALY,54.0,a,numeric
2012-11-26T08:14:47Z,6fe68c1c-97f3-a05b-372b-22d5f8a8c4e7,,QALY,QALY,55.0,a,numeric
2013-11-26T08:14:47Z,6fe68c1c-97f3-a05b-372b-22d5f8a8c4e7,,QALY,QALY,56.0,a,numeric
2014-11-26T08:14:47Z,6fe68c1c-97f3-a05b-372b-22d5f8a8c4e7,,QALY,QALY,57.0,a,numeric
2015-11-26T08:14:47Z,6fe68c1c-97f3-a05b-372b-22d5f8a8c4e7,,QALY,QALY,58.0,a,numeric
2016-11-26T08:14:47Z,6fe68c1c-97f3-a05b-372b-22d5f8a8c4e7,,QALY,QALY,59.0,a,numeric
2017-11-26T08:14:47Z,6fe68c1c-97f3-a05b-372b-22d5f8a8c4e7,,QALY,QALY,60.0,a,numeric
2018-11-26T08:14:47Z,6fe68c1c-97f3-a05b-372b-22d5f8a8c4e7,,QALY,QALY,61.0,a,numeric
2019-11-26T08:14:47Z,6fe68c1c-97f3-a05b-372b-22d5f8a8c4e7,,QALY,QALY,62.0,a,numeric
2020-11-26T08:14:47Z,6fe68c1c-97f3-a05b-372b-22d5f8a8c4e7,,QALY,QALY,63.0,a,numeric
2011-11-26T08:14:47Z,6fe68c1c-97f3-a05b-372b-22d5f8a8c4e7,,DALY,DALY,0.0,a,numeric
2012-11-26T08:14:47Z,6fe68c1c-97f3-a05b-372b-22d5f8a8c4e7,,DALY,DALY,0.0,a,numeric
2013-11-26T08:14:47Z,6fe68c1c-97f3-a05b-372b-22d5f8a8c4e7,,DALY,DALY,0.0,a,numeric
2014-11-26T08:14:47Z,6fe68c1c-97f3-a05b-372b-22d5f8a8c4e7,,DALY,DALY,0.0,a,numeric
2015-11-26T08:14:47Z,6fe68c1c-97f3-a05b-372b-22d5f8a8c4e7,,DALY,DALY,0.0,a,numeric
2016-11-26T08:14:47Z,6fe68c1c-97f3-a05b-372b-22d5f8a8c4e7,,DALY,DALY,0.0,a,numeric
2017-11-26T08:14:47Z,6fe68c1c-97f3-a05b-372b-22d5f8a8c4e7,,DALY,DALY,0.0,a,numeric
2018-11-26T08:14:47Z,6fe68c1c-97f3-a05b-372b-22d5f8a8c4e7,,DALY,DALY,0.0,a,numeric
2019-11-26T08:14:47Z,6fe68c1c-97f3-a05b-372b-22d5f8a8c4e7,,DALY,DALY,0.0,a,numeric
2020-11-26T08:14:47Z,6fe68c1c-97f3-a05b-372b-22d5f8a8c4e7,,DALY,DALY,0.0,a,numeric
2011-11-26T08:14:47Z,6fe68c1c-97f3-a05b-372b-22d5f8a8c4e7,,QOLS,QOLS,1.0,{score},numeric
2012-11-26T08:14:47Z,6fe68c1c-97f3-a05b-372b-22d5f8a8c4e7,,QOLS,QOLS,1.0,{score},numeric
2013-11-26T08:14:47Z,6fe68c1c-97f3-a05b-372b-22d5f8a8c4e7,,QOLS,QOLS,1.0,{score},numeric
2014-11-26T08:14:47Z,6fe68c1c-97f3-a05b-372b-22d5f8a8c4e7,,QOLS,QOLS,1.0,{score},numeric
2015-11-26T08:14:47Z,6fe68c1c-97f3-a05b-372b-22d5f8a8c4e7,,QOLS,QOLS,1.0,{score},numeric
2016-11-26T08:14:47Z,6fe68c1c-97f3-a05b-372b-22d5f8a8c4e7,,QOLS,QOLS,1.0,{score},numeric
2017-11-26T08:14:47Z,6fe68c1c-97f3-a05b-372b-22d5f8a8c4e7,,QOLS,QOLS,1.0,{score},numeric
2018-11-26T08:14:47Z,6fe68c1c-97f3-a05b-372b-22d5f8a8c4e7,,QOLS,QOLS,1.0,{score},numeric
2019-11-26T08:14:47Z,6fe68c1c-97f3-a05b-372b-22d5f8a8c4e7,,QOLS,QOLS,1.0,{score},numeric
2020-11-26T08:14:47Z,6fe68c1c-97f3-a05b-372b-22d5f8a8c4e7,,QOLS,QOLS,1.0,{score},numeric
2011-02-24T17:43:28Z,9feaa7b2-1768-d59f-57f9-3052b264ebe0,,QALY,QALY,0.0,a,numeric
2012-02-24T17:43:28Z,9feaa7b2-1768-d59f-57f9-3052b264ebe0,,QALY,QALY,1.0,a,numeric
2013-02-24T17:43:28Z,9feaa7b2-1768-d59f-57f9-3052b264ebe0,,QALY,QALY,2.0,a,numeric
2014-02-24T17:43:28Z,9feaa7b2-1768-d59f-57f9-3052b264ebe0,,QALY,QALY,3.0,a,numeric
2015-02-24T17:43:28Z,9feaa7b2-1768-d59f-57f9-3052b264ebe0,,QALY,QALY,4.0,a,numeric
2016-02-24T17:43:28Z,9feaa7b2-1768-d59f-57f9-3052b264ebe0,,QALY,QALY,5.0,a,numeric
2017-02-24T17:43:28Z,9feaa7b2-1768-d59f-57f9-3052b264ebe0,,QALY,QALY,6.0,a,numeric
2018-02-24T17:43:28Z,9feaa7b2-1768-d59f-57f9-3052b264ebe0,,QALY,QALY,7.0,a,numeric
2019-02-24T17:43:28Z,9feaa7b2-1768-d59f-57f9-3052b264ebe0,,QALY,QALY,8.0,a,numeric
2020-02-24T17:43:28Z,9feaa7b2-1768-d59f-57f9-3052b264ebe0,,QALY,QALY,9.0,a,numeric
2021-02-24T17:43:28Z,9feaa7b2-1768-d59f-57f9-3052b264ebe0,,QALY,QALY,10.0,a,numeric
2011-02-24T17:43:28Z,9feaa7b2-1768-d59f-57f9-3052b264ebe0,,DALY,DALY,0.0,a,numeric
2012-02-24T17:43:28Z,9feaa7b2-1768-d59f-57f9-3052b264ebe0,,DALY,DALY,0.0,a,numeric
2013-02-24T17:43:28Z,9feaa7b2-1768-d59f-57f9-3052b264ebe0,,DALY,DALY,0.0,a,numeric
2014-02-24T17:43:28Z,9feaa7b2-1768-d59f-57f9-3052b264ebe0,,DALY,DALY,0.0,a,numeric
2015-02-24T17:43:28Z,9feaa7b2-1768-d59f-57f9-3052b264ebe0,,DALY,DALY,0.0,a,numeric
2016-02-24T17:43:28Z,9feaa7b2-1768-d59f-57f9-3052b264ebe0,,DALY,DALY,0.0,a,numeric
2017-02-24T17:43:28Z,9feaa7b2-1768-d59f-57f9-3052b264ebe0,,DALY,DALY,0.0,a,numeric
2018-02-24T17:43:28Z,9feaa7b2-1768-d59f-57f9-3052b264ebe0,,DALY,DALY,0.0,a,numeric
2019-02-24T17:43:28Z,9feaa7b2-1768-d59f-57f9-3052b264ebe0,,DALY,DALY,0.0,a,numeric
2020-02-24T17:43:28Z,9feaa7b2-1768-d59f-57f9-3052b264ebe0,,DALY,DALY,0.0,a,numeric
2021-02-24T17:43:28Z,9feaa7b2-1768-d59f-57f9-3052b264ebe0,,DALY,DALY,0.0,a,numeric
2011-02-24T17:43:28Z,9feaa7b2-1768-d59f-57f9-3052b264ebe0,,QOLS,QOLS,1.0,{score},numeric
2012-02-24T17:43:28Z,9feaa7b2-1768-d59f-57f9-3052b264ebe0,,QOLS,QOLS,1.0,{score},numeric
2013-02-24T17:43:28Z,9feaa7b2-1768-d59f-57f9-3052b264ebe0,,QOLS,QOLS,1.0,{score},numeric
2014-02-24T17:43:28Z,9feaa7b2-1768-d59f-57f9-3052b264ebe0,,QOLS,QOLS,1.0,{score},numeric
2015-02-24T17:43:28Z,9feaa7b2-1768-d59f-57f9-3052b264ebe0,,QOLS,QOLS,1.0,{score},numeric
2016-02-24T17:43:28Z,9feaa7b2-1768-d59f-57f9-3052b264ebe0,,QOLS,QOLS,1.0,{score},numeric
2017-02-24T17:43:28Z,9feaa7b2-1768-d59f-57f9-3052b264ebe0,,QOLS,QOLS,1.0,{score},numeric
2018-02-24T17:43:28Z,9feaa7b2-1768-d59f-57f9-3052b264ebe0,,QOLS,QOLS,1.0,{score},numeric
2019-02-24T17:43:28Z,9feaa7b2-1768-d59f-57f9-3052b264ebe0,,QOLS,QOLS,1.0,{score},numeric
2020-02-24T17:43:28Z,9feaa7b2-1768-d59f-57f9-3052b264ebe0,,QOLS,QOLS,1.0,{score},numeric
2021-02-24T17:43:28Z,9feaa7b2-1768-d59f-57f9-3052b264ebe0,,QOLS,QOLS,1.0,{score},numeric
2011-01-18T04:28:20Z,e0c27843-bf06-6540-b9ab-7487809944cc,,QALY,QALY,95.1,a,numeric
2012-01-18T04:28:20Z,e0c27843-bf06-6540-b9ab-7487809944cc,,QALY,QALY,96.1,a,numeric
2013-01-18T04:28:20Z,e0c27843-bf06-6540-b9ab-7487809944cc,,QALY,QALY,97.1,a,numeric
2014-01-18T04:28:20Z,e0c27843-bf06-6540-b9ab-7487809944cc,,QALY,QALY,98.1,a,numeric
2015-01-18T04:28:20Z,e0c27843-bf06-6540-b9ab-7487809944cc,,QALY,QALY,99.1,a,numeric
2016-01-18T04:28:20Z,e0c27843-bf06-6540-b9ab-7487809944cc,,QALY,QALY,100.1,a,numeric
2017-01-18T04:28:20Z,e0c27843-bf06-6540-b9ab-7487809944cc,,QALY,QALY,101.0,a,numeric
2018-01-18T04:28:20Z,e0c27843-bf06-6540-b9ab-7487809944cc,,QALY,QALY,102.0,a,numeric
2019-01-18T04:28:20Z,e0c27843-bf06-6540-b9ab-7487809944cc,,QALY,QALY,103.0,a,numeric
2020-01-18T04:28:20Z,e0c27843-bf06-6540-b9ab-7487809944cc,,QALY,QALY,104.0,a,numeric
2021-01-18T04:28:20Z,e0c27843-bf06-6540-b9ab-7487809944cc,,QALY,QALY,105.0,a,numeric
2011-01-18T04:28:20Z,e0c27843-bf06-6540-b9ab-7487809944cc,,DALY,DALY,0.9,a,numeric
2012-01-18T04:28:20Z,e0c27843-bf06-6540-b9ab-7487809944cc,,DALY,DALY,0.9,a,numeric
2013-01-18T04:28:20Z,e0c27843-bf06-6540-b9ab-7487809944cc,,DALY,DALY,0.9,a,numeric
2014-01-18T04:28:20Z,e0c27843-bf06-6540-b9ab-7487809944cc,,DALY,DALY,0.9,a,numeric
2015-01-18T04:28:20Z,e0c27843-bf06-6540-b9ab-7487809944cc,,DALY,DALY,0.9,a,numeric
2016-01-18T04:28:20Z,e0c27843-bf06-6540-b9ab-7487809944cc,,DALY,DALY,0.9,a,numeric
2017-01-18T04:28:20Z,e0c27843-bf06-6540-b9ab-7487809944cc,,DALY,DALY,1.0,a,numeric
2018-01-18T04:28:20Z,e0c27843-bf06-6540-b9ab-7487809944cc,,DALY,DALY,1.0,a,numeric
2019-01-18T04:28:20Z,e0c27843-bf06-6540-b9ab-7487809944cc,,DALY,DALY,1.0,a,numeric
2020-01-18T04:28:20Z,e0c27843-bf06-6540-b9ab-7487809944cc,,DALY,DALY,1.0,a,numeric
2021-01-18T04:28:20Z,e0c27843-bf06-6540-b9ab-7487809944cc,,DALY,DALY,1.0,a,numeric
2011-01-18T04:28:20Z,e0c27843-bf06-6540-b9ab-7487809944cc,,QOLS,QOLS,1.0,{score},numeric
2012-01-18T04:28:20Z,e0c27843-bf06-6540-b9ab-7487809944cc,,QOLS,QOLS,1.0,{score},numeric
2013-01-18T04:28:20Z,e0c27843-bf06-6540-b9ab-7487809944cc,,QOLS,QOLS,1.0,{score},numeric
2014-01-18T04:28:20Z,e0c27843-bf06-6540-b9ab-7487809944cc,,QOLS,QOLS,1.0,{score},numeric
2016-12-08T15:22:37Z,00ff2ade-aff6-3f63-e8da-38f52bcee8e7,,QALY,QALY,0.0,a,numeric
2015-01-18T04:28:20Z,e0c27843-bf06-6540-b9ab-7487809944cc,,QOLS,QOLS,1.0,{score},numeric
2017-12-08T15:22:37Z,00ff2ade-aff6-3f63-e8da-38f52bcee8e7,,QALY,QALY,0.0,a,numeric
2016-01-18T04:28:20Z,e0c27843-bf06-6540-b9ab-7487809944cc,,QOLS,QOLS,1.0,{score},numeric
2018-12-08T15:22:37Z,00ff2ade-aff6-3f63-e8da-38f52bcee8e7,,QALY,QALY,1.0,a,numeric
2017-01-18T04:28:20Z,e0c27843-bf06-6540-b9ab-7487809944cc,,QOLS,QOLS,1.0,{score},numeric
2019-12-08T15:22:37Z,00ff2ade-aff6-3f63-e8da-38f52bcee8e7,,QALY,QALY,2.0,a,numeric
2018-01-18T04:28:20Z,e0c27843-bf06-6540-b9ab-7487809944cc,,QOLS,QOLS,1.0,{score},numeric
2020-12-08T15:22:37Z,00ff2ade-aff6-3f63-e8da-38f52bcee8e7,,QALY,QALY,3.0,a,numeric
2019-01-18T04:28:20Z,e0c27843-bf06-6540-b9ab-7487809944cc,,QOLS,QOLS,1.0,{score},numeric
2016-12-08T15:22:37Z,00ff2ade-aff6-3f63-e8da-38f52bcee8e7,,DALY,DALY,0.0,a,numeric
2020-01-18T04:28:20Z,e0c27843-bf06-6540-b9ab-7487809944cc,,QOLS,QOLS,1.0,{score},numeric
2017-12-08T15:22:37Z,00ff2ade-aff6-3f63-e8da-38f52bcee8e7,,DALY,DALY,0.0,a,numeric
2021-01-18T04:28:20Z,e0c27843-bf06-6540-b9ab-7487809944cc,,QOLS,QOLS,1.0,{score},numeric
2018-12-08T15:22:37Z,00ff2ade-aff6-3f63-e8da-38f52bcee8e7,,DALY,DALY,0.0,a,numeric
2019-12-08T15:22:37Z,00ff2ade-aff6-3f63-e8da-38f52bcee8e7,,DALY,DALY,0.0,a,numeric
2020-12-08T15:22:37Z,00ff2ade-aff6-3f63-e8da-38f52bcee8e7,,DALY,DALY,0.0,a,numeric
2016-12-08T15:22:37Z,00ff2ade-aff6-3f63-e8da-38f52bcee8e7,,QOLS,QOLS,1.0,{score},numeric
2017-12-08T15:22:37Z,00ff2ade-aff6-3f63-e8da-38f52bcee8e7,,QOLS,QOLS,1.0,{score},numeric
2018-12-08T15:22:37Z,00ff2ade-aff6-3f63-e8da-38f52bcee8e7,,QOLS,QOLS,1.0,{score},numeric
2019-12-08T15:22:37Z,00ff2ade-aff6-3f63-e8da-38f52bcee8e7,,QOLS,QOLS,1.0,{score},numeric
2020-12-08T15:22:37Z,00ff2ade-aff6-3f63-e8da-38f52bcee8e7,,QOLS,QOLS,1.0,{score},numeric
