Id,NAME,ADDRESS,CITY,STATE,ZIP,LAT,LON,PHONE,REVENUE,UTILIZATION
fd328395-ab1d-35c6-a2d0-d05a9a79cf11,MERCY MEDICAL CTR,271 CAREW STREET,SPRINGFIELD,MA,01104,42.115454,-72.539978,4137489000,129.16,1
c8bfc6d8-9d92-357f-a84f-9e756acf7ca6,PCP31570,1 WASHINGTON ST,WELLESLEY,MA,02481-1712,42.305932,-71.282917,781-235-0339,6974.639999999995,54
1fde85e4-d4ad-3df7-8b63-5da077f83680,PCP32099,489 ARLINGTON ST,DRACUT,MA,01826-5228,42.679722999999996,-71.30068,913-909-9160,3874.7999999999984,30
e0ca0c69-8ba4-35e5-aa72-ea06997ed383,HILLTOWN COMMUNITY HEALTH CENTERS INC,58 OLD N RD,WORTHINGTON,MA,01098,42.397559,-72.943392,413-238-5511,1679.0800000000004,13
749a8ec0-d289-393a-b33b-39115ba167bc,COMMUNITY MEDICAL ASSOCIATES  INC.,25 MARSTON ST,LAWRENCE,MA,01841-2310,42.700272999999996,-71.161357,,2454.04,19
3b70f0ce-fc65-3d63-a86c-4a1c711602ee,SPRINGFIELD ANESTHESIA SERVICE INC.,3550 MAIN ST,SPRINGFIELD,MA,01107-1077,42.115454,-72.539978,413-788-9700,12399.35999999999,96
