Id,BIRTHDATE,DEATHDATE,SSN,DRIVERS,PASSPORT,PREFIX,FIRST,LAST,SUFFIX,MAIDEN,MARITAL,RACE,ETHNICITY,GENDER,BIRTHPLACE,ADDRESS,CITY,STATE,COUNTY,ZIP,LAT,LON,HEALTHCARE_EXPENSES,HEALTHCARE_COVERAGE
7783dc2a-68c3-5cec-fb57-2ff403bd07a4,1994-01-14,,999-82-3625,S99931394,X85214836X,Mr.,Rosendo998,Boyer713,,,M,asian,nonhispanic,M,Sandwich  Massachusetts  US,723 Murphy Orchard,Dracut,Massachusetts,Middlesex County,,42.71581694184969,-71.28657626665294,557500.0,2274.7999999999997
6fe68c1c-97f3-a05b-372b-22d5f8a8c4e7,1956-11-26,,999-50-8353,S99954385,X23406191X,Mr.,Jody426,Dickens475,,,M,white,nonhispanic,M,Peabody  Massachusetts  US,140 Skiles Tunnel,Wellesley,Massachusetts,Norfolk County,02457,42.337649133668755,-71.2610943214991,1700545.0,4829.639999999999
e0c27843-bf06-6540-b9ab-7487809944cc,1914-01-17,,999-27-6208,S99991489,X16899086X,Mr.,Ted955,Ankunding277,,,M,white,nonhispanic,M,Mashpee  Massachusetts  US,552 Schinner Boulevard,Springfield,Massachusetts,Hampden County,01103,42.15869577606143,-72.5131031659771,157563.0,4615.5199999999995
9feaa7b2-1768-d59f-57f9-3052b264ebe0,2010-02-24,,999-87-2336,,,,Virginia437,Martínez540,,,,white,hispanic,F,Caracas  Capital District  VE,184 Dietrich Trace Unit 2,Methuen,Massachusetts,Essex County,01841,42.707311985659594,-71.17051033951056,17337.4,516.64
00ff2ade-aff6-3f63-e8da-38f52bcee8e7,2016-12-08,,999-82-5614,,,,Yu876,Nicolas769,,,,native,nonhispanic,F,Eastham  Massachusetts  US,885 Pagac Bridge,Worthington,Massachusetts,Hampshire County,,42.4098192626339,-72.91590094842194,104000.0,1679.08
