Id,NAME,ADDRESS,CITY,STATE_HEADQUARTERED,ZIP,PHONE,AMOUNT_COVERED,AMOUNT_UNCOVERED,REVENUE,COVERED_ENCOUNTERS,UNCOVERED_ENCOUNTERS,COVERED_MEDICATIONS,UNCOVERED_MEDICATIONS,COVERED_PROCEDURES,UNCOVERED_PROCEDURES,COVERED_IMMUNIZATIONS,UNCOVERED_IMMUNIZATIONS,UNIQUE_CUSTOMERS,QOLS_AVG,MEMBER_MONTHS
b3221cfc-24fb-339e-823d-bc4136cbc4ed,Dual Eligible,7500 Security Blvd,Baltimore,MD,21244,1-877-267-2323,0.00,0.00,0.00,0,0,0,0,0,0,0,0,0,NaN,0
7caa7254-5050-3b5e-9eae-bd5ea30e809c,Medicare,7500 Security Blvd,Baltimore,MD,21244,1-800-633-4227,4344.72,1080.00,126250.00,42,0,0,0,0,0,39,0,1,0.9572812634477079,516
7c4411ce-02f1-39b5-b9ec-dfbea9ad3c1a,Medicaid,7500 Security Blvd,Baltimore,MD,21244,1-877-267-2323,0.00,0.00,0.00,0,0,0,0,0,0,0,0,0,NaN,0
d47b3510-2895-3b70-9897-342d681c769d,Humana,500 West Main St,Louisville,KY,40018,1-844-330-7799,2274.80,1600.00,555900.00,30,0,0,0,0,0,49,0,1,0.9642857142857143,336
6e2f1a2d-27bd-3701-8d08-dae202c58632,Blue Cross Blue Shield,Michigan Plaza,Chicago,IL,60007,1-800-262-2583,270.80,375.00,23400.00,5,0,0,0,0,0,0,0,1,0.0,12
5059a55e-5d6e-34d1-b6cb-d83d16e57bcf,UnitedHealthcare,9800 Healthcare Lane,Minnetonka,MN,55436,1-888-545-5205,0.00,0.00,0.00,0,0,0,0,0,0,0,0,0,NaN,0
4d71f845-a6a9-3c39-b242-14d25ef86a8d,Aetna,151 Farmington Ave,Hartford,CT,6156,1-800-872-3862,1679.08,0.00,104000.00,13,0,0,0,0,0,27,0,1,0.8,60
047f6ec3-6215-35eb-9608-f9dda363a44c,Cigna Health,900 Cottage Grove Rd,Bloomfield,CT,6002,1-800-997-1654,0.00,0.00,0.00,0,0,0,0,0,0,0,0,0,NaN,0
42c4fca7-f8a9-3cd1-982a-dd9751bf3e2a,Anthem,220 Virginia Ave,Indianapolis,IN,46204,1-800-331-1476,5346.28,2145.00,1713800.00,58,0,0,0,0,0,68,0,2,0.9696969696969697,792
b1c428d6-4f07-31e0-90f0-68ffa6ff8c76,NO_INSURANCE,,,,,,0.00,8395.40,0.00,0,65,0,0,0,2,0,48,2,1.0113965910164924,900
