Id,ORGANIZATION,NAME,GENDER,SPECIALITY,ADDRESS,CITY,STATE,ZIP,LAT,LON,UTILIZATION
dc65deeb-b6a5-35c4-a51e-64427437c005,fd328395-ab1d-35c6-a2d0-d05a9a79cf11,Douglass930 Windler79,M,GENERAL PRACTICE,271 CAREW STREET,SPRINGFIELD,MA,01104,42.115454,-72.539978,1
eae2e10c-e421-3aab-9df8-650f60384df9,c8bfc6d8-9d92-357f-a84f-9e756acf7ca6,Sean831 Schiller186,M,GENERAL PRACTICE,1 WASHINGTON ST,WELLESLEY,MA,02481-1712,42.305932,-71.282917,54
1510703b-7f0b-3cd7-9f72-ab3b6b897637,1fde85e4-d4ad-3df7-8b63-5da077f83680,Norris589 Moen819,M,CLINICAL PSYCHOLOGIST,489 ARLINGTON ST,DRACUT,MA,01826-5228,42.679722999999996,-71.30068,0
859a2c23-b9ba-375a-a95e-94c53518cae6,1fde85e4-d4ad-3df7-8b63-5da077f83680,Norris589 Moen819,M,GENERAL PRACTICE,489 ARLINGTON ST,DRACUT,MA,01826-5228,42.679722999999996,-71.30068,30
0117d059-6b84-3d45-a0d0-5b7f6c88a098,e0ca0c69-8ba4-35e5-aa72-ea06997ed383,Romeo514 Gutmann970,M,OPTOMETRY,58 OLD N RD,WORTHINGTON,MA,01098,42.397559,-72.943392,0
dc3f38e2-d7bd-35bf-ab2e-c99f87380c8c,e0ca0c69-8ba4-35e5-aa72-ea06997ed383,Lauralee67 Casper496,F,OPTOMETRY,58 OLD N RD,WORTHINGTON,MA,01098,42.397559,-72.943392,0
b54b8dbf-1956-3fd8-9513-6953abfe6507,e0ca0c69-8ba4-35e5-aa72-ea06997ed383,Myong12 Gutmann970,F,PEDIATRIC MEDICINE,58 OLD N RD,WORTHINGTON,MA,01098,42.397559,-72.943392,0
4d1e3b99-462f-332b-a9c6-5e88a9887049,e0ca0c69-8ba4-35e5-aa72-ea06997ed383,Romeo514 Gutmann970,M,FAMILY PRACTICE,58 OLD N RD,WORTHINGTON,MA,01098,42.397559,-72.943392,0
180fb5e9-b892-3c44-992a-b42878a922cf,e0ca0c69-8ba4-35e5-aa72-ea06997ed383,Lauralee67 Casper496,F,FAMILY PRACTICE,58 OLD N RD,WORTHINGTON,MA,01098,42.397559,-72.943392,0
534f42ee-27d1-3e1e-842f-43506dfe3e27,e0ca0c69-8ba4-35e5-aa72-ea06997ed383,Roni48 Orn563,F,FAMILY PRACTICE,58 OLD N RD,WORTHINGTON,MA,01098,42.397559,-72.943392,0
0d9636f3-3fa5-34c0-b047-c847e922b745,e0ca0c69-8ba4-35e5-aa72-ea06997ed383,Julio255 Varela93,M,GENERAL PRACTICE,58 OLD N RD,WORTHINGTON,MA,01098,42.397559,-72.943392,13
aecd7e89-5291-3ae3-ad7b-c41a65efa59f,e0ca0c69-8ba4-35e5-aa72-ea06997ed383,Romeo514 Gutmann970,M,INTERNAL MEDICINE,58 OLD N RD,WORTHINGTON,MA,01098,42.397559,-72.943392,0
412a5c81-e901-35dc-b898-2ac6103fd0aa,749a8ec0-d289-393a-b33b-39115ba167bc,Terri848 Nikolaus26,F,GENERAL PRACTICE,25 MARSTON ST,LAWRENCE,MA,01841-2310,42.700272999999996,-71.161357,19
8e4f1093-d3fb-3d16-9bba-b4c044eef4cd,3b70f0ce-fc65-3d63-a86c-4a1c711602ee,Loria303 Ebert178,F,GENERAL PRACTICE,3550 MAIN ST,SPRINGFIELD,MA,01107-1077,42.115454,-72.539978,96
