START,STOP,PATIENT,ENCOUNTER,CODE,DESCRIPTION
2014-07-18,,e36a34f7-6d5d-73c7-f7bd-374ea75cd72b,c5158255-687a-50c0-e87a-c91c0307569f,128613002,Seizure disorder
2014-07-18,,e36a34f7-6d5d-73c7-f7bd-374ea75cd72b,c5158255-687a-50c0-e87a-c91c0307569f,703151001,History of single seizure (situation)
2014-07-18,,e36a34f7-6d5d-73c7-f7bd-374ea75cd72b,c5158255-687a-50c0-e87a-c91c0307569f,84757009,Epilepsy
1973-01-22,,c1f704fb-5006-c73a-60c5-a2416956c8fd,11d64049-dc90-98f3-07cd-5b1274df3ab8,128613002,Seizure disorder
1973-01-22,,c1f704fb-5006-c73a-60c5-a2416956c8fd,11d64049-dc90-98f3-07cd-5b1274df3ab8,703151001,History of single seizure (situation)
1996-02-02,,8b59ed10-98a2-ff08-bd5e-bd76ea4fc5c5,8f42b789-6456-3c57-e352-a66289d6fdb5,128613002,Seizure disorder
1996-02-02,,8b59ed10-98a2-ff08-bd5e-bd76ea4fc5c5,8f42b789-6456-3c57-e352-a66289d6fdb5,703151001,History of single seizure (situation)
1981-04-04,,44e1d216-b9b0-f55f-2785-00b04411d002,2a0db463-7bb0-8dfc-c02e-96041daccdd9,128613002,Seizure disorder
1981-04-04,,44e1d216-b9b0-f55f-2785-00b04411d002,2a0db463-7bb0-8dfc-c02e-96041daccdd9,703151001,History of single seizure (situation)
2020-02-12,,76873105-0588-efc0-515a-e64dae892615,23122ace-8a60-8f44-2e0a-7b3aa9e5aa4b,230690007,Stroke
1974-06-10,,82ae611b-8c8c-d48d-9d30-d8267497b265,491cadb7-4337-cc5e-d213-fa3de821ad6d,128613002,Seizure disorder
1974-06-10,,82ae611b-8c8c-d48d-9d30-d8267497b265,491cadb7-4337-cc5e-d213-fa3de821ad6d,703151001,History of single seizure (situation)
1975-06-13,,82ae611b-8c8c-d48d-9d30-d8267497b265,c4b95456-5bf2-0d02-df94-f58ee2758e96,84757009,Epilepsy
2018-10-18,,e577f016-1063-6699-c77d-7cac94becf30,7af9babc-d26b-c26f-eb5f-8f346b77c239,53741008,Coronary Heart Disease
2009-04-19,,dbed1f32-331d-c8a1-bbdd-6cddf4c092e4,83310ccb-875d-b13f-0683-0ce2bca805f4,53741008,Coronary Heart Disease
2021-02-10,,ac9b6211-b63c-9ed1-ce12-2684a0d470ea,95d115be-9cf9-723b-4c26-89e9f48abb87,128613002,Seizure disorder
2021-02-10,,ac9b6211-b63c-9ed1-ce12-2684a0d470ea,95d115be-9cf9-723b-4c26-89e9f48abb87,703151001,History of single seizure (situation)
2011-07-13,,5ccd03bf-c8bc-08a7-f097-5644c86b930d,97c25fdb-31ad-2d2a-79db-7a0b4fa74199,230690007,Stroke
2008-05-10,,01350c81-51b5-8a12-dbc8-9708dc5ccd6f,1afb2994-aa4a-1a51-922b-9c32d7f9d07e,49436004,Atrial Fibrillation
2009-01-15,,6ffb2bf7-f9dc-e603-50bc-d8e2afd224bb,940bc4c3-837e-bdbb-1518-8a5fd7020a1e,230690007,Stroke
1988-06-25,,fd2219d4-4082-1f9e-fc08-c63a5fda91c4,fe2f46d3-9236-d987-bc39-900b7b4e1508,128613002,Seizure disorder
1988-06-25,,fd2219d4-4082-1f9e-fc08-c63a5fda91c4,fe2f46d3-9236-d987-bc39-900b7b4e1508,703151001,History of single seizure (situation)
2013-06-06,,076f7cce-f0f0-8f1a-14e8-971b5f548f75,1998f478-24bd-d506-9ee0-dac8973a4ae7,49436004,Atrial Fibrillation
1947-02-19,,53029c4e-49f9-e0e8-2310-1be5c067bf79,3f72412e-535b-6cc3-36e0-ce3ed5a6ed28,128613002,Seizure disorder
1947-02-19,,53029c4e-49f9-e0e8-2310-1be5c067bf79,3f72412e-535b-6cc3-36e0-ce3ed5a6ed28,703151001,History of single seizure (situation)
1947-02-19,,53029c4e-49f9-e0e8-2310-1be5c067bf79,3f72412e-535b-6cc3-36e0-ce3ed5a6ed28,84757009,Epilepsy
2009-02-01,,909a374e-99e9-9f12-d5ec-ab64e013a394,e8af8e5c-a57e-4e2d-a81c-4405193db1a3,230690007,Stroke
1973-10-09,,6221893f-7632-7770-da8d-f93391b6490f,301f4f60-95c4-2cfb-463f-e1931fd2fef1,49436004,Atrial Fibrillation
1987-08-25,,6221893f-7632-7770-da8d-f93391b6490f,5d638767-99eb-088e-fb86-3abde0899778,230690007,Stroke
2014-08-20,,856b3c1a-0834-86ae-bb3e-2d140a9118b6,c0bc78d5-59fd-1355-8f8f-08e64bc22885,128613002,Seizure disorder
2014-08-20,,856b3c1a-0834-86ae-bb3e-2d140a9118b6,c0bc78d5-59fd-1355-8f8f-08e64bc22885,703151001,History of single seizure (situation)
2003-09-06,,32ad309d-e9cd-cba1-24c0-93753b3e2c39,becc1b3c-8b62-1eea-6a54-073439343fe5,410429000,Cardiac Arrest
2003-09-06,,32ad309d-e9cd-cba1-24c0-93753b3e2c39,becc1b3c-8b62-1eea-6a54-073439343fe5,429007001,History of cardiac arrest (situation)
1999-10-19,,787c50ad-30e0-dbcd-4eef-be9c2f831390,002f36bd-1712-95b6-a967-3bfbafca7a2c,230690007,Stroke
1964-07-02,,0da4b712-4f7f-48d7-4c52-bbee4f3403c4,e4d54ee7-d417-20f2-7576-70eb4374ef71,128613002,Seizure disorder
1964-07-02,,0da4b712-4f7f-48d7-4c52-bbee4f3403c4,e4d54ee7-d417-20f2-7576-70eb4374ef71,703151001,History of single seizure (situation)
2015-11-04,,96743887-346d-1da9-6484-1e824a3c9acf,fc2a3903-6fad-6f47-7450-65350eb9ac24,230690007,Stroke
1994-03-11,,d7a86ebb-d5a4-1b0e-da7f-057e6351bcf1,35389c9c-3791-d499-deee-1293398c0d19,410429000,Cardiac Arrest
1994-03-11,,d7a86ebb-d5a4-1b0e-da7f-057e6351bcf1,35389c9c-3791-d499-deee-1293398c0d19,429007001,History of cardiac arrest (situation)
2018-10-12,,d7a86ebb-d5a4-1b0e-da7f-057e6351bcf1,7f4a2cae-2993-5010-6ca3-a4ffbdf9316e,53741008,Coronary Heart Disease
2008-04-17,,cdab36a9-bbff-daf7-45a6-0c26a1318977,351e9158-c11d-615a-53ce-d103ba11cf8e,49436004,Atrial Fibrillation
2010-08-19,,cdab36a9-bbff-daf7-45a6-0c26a1318977,cfe2ce26-6f18-21a7-e29e-443519d4ab59,22298006,Myocardial Infarction
2010-08-19,,cdab36a9-bbff-daf7-45a6-0c26a1318977,cfe2ce26-6f18-21a7-e29e-443519d4ab59,399211009,History of myocardial infarction (situation)
2011-05-05,,cdab36a9-bbff-daf7-45a6-0c26a1318977,bb13e5dc-8abf-31ed-6695-63da00e66974,53741008,Coronary Heart Disease
2010-01-15,,ae25ad8a-2ded-3da2-c31b-02022fd7532a,41df9abc-1caa-0865-41a4-5a270a367561,53741008,Coronary Heart Disease
1978-05-07,,797d91ba-cb24-4593-786c-758fe6bae1d7,d5d90b09-9b93-dcda-cb53-e86058b726ac,53741008,Coronary Heart Disease
2012-01-01,,797d91ba-cb24-4593-786c-758fe6bae1d7,3d5a970c-c1f7-6fa2-b419-d009c4288547,230690007,Stroke
1978-10-24,,6f332382-36c8-f2a4-8276-de2517f0f4ba,2923a4df-dbf9-45b3-a69b-b52d5fc914a6,230690007,Stroke
2013-11-02,,7a9e0b43-fc09-94d6-efdb-092c16df8948,bdb32a5a-56db-e6d9-f4a2-62aaf960af87,230690007,Stroke
2014-06-24,,33b4e987-5d21-fda0-a34c-35c6d2f3b731,86857bc0-8719-2a93-edaa-46b3f6de35c5,49436004,Atrial Fibrillation
2014-01-31,,4e61dd56-7f7e-3d46-ab1c-a05f093a8590,caa91e8a-4ef6-c81d-052c-8a50fce44010,410429000,Cardiac Arrest
2014-01-31,,4e61dd56-7f7e-3d46-ab1c-a05f093a8590,caa91e8a-4ef6-c81d-052c-8a50fce44010,429007001,History of cardiac arrest (situation)
1979-06-11,,2c3a9e75-f816-bba8-b013-4fc2749535bc,df9e7ab0-7c2e-e57d-ea3d-5864406be32d,410429000,Cardiac Arrest
1979-06-11,,2c3a9e75-f816-bba8-b013-4fc2749535bc,df9e7ab0-7c2e-e57d-ea3d-5864406be32d,429007001,History of cardiac arrest (situation)
1991-06-24,,2c3a9e75-f816-bba8-b013-4fc2749535bc,925b8b0e-8aee-4e08-7401-fd7354f59c15,53741008,Coronary Heart Disease
1997-09-29,,2c3a9e75-f816-bba8-b013-4fc2749535bc,cfed42ef-c185-8144-7801-2f2a4222e524,22298006,Myocardial Infarction
1997-09-29,,2c3a9e75-f816-bba8-b013-4fc2749535bc,cfed42ef-c185-8144-7801-2f2a4222e524,399211009,History of myocardial infarction (situation)
2018-02-02,,192c2a7d-6c54-9531-ed55-3b61bc4f5081,7196407b-fc31-0144-f88e-b60ee15bd20c,53741008,Coronary Heart Disease
1969-02-23,,89a0e54e-381e-beef-9ade-b75ad2260b65,186b4ece-7114-0632-419c-99690018559d,410429000,Cardiac Arrest
1969-02-23,,89a0e54e-381e-beef-9ade-b75ad2260b65,186b4ece-7114-0632-419c-99690018559d,429007001,History of cardiac arrest (situation)
2006-08-30,,74ad0728-1097-fbc3-a586-0092dfdb239d,35c38407-ed2b-6275-514a-943b7bb5f7f8,53741008,Coronary Heart Disease
1998-05-09,,f282eb56-b8a5-8ef8-a308-8176e9465140,e77459a6-86dd-cbdf-db3b-0e3f0cbf45de,53741008,Coronary Heart Disease
2006-11-09,,d104a61e-c0aa-6e3a-f1f1-e538760c9cac,d4ef3596-ea31-b47c-92a5-2fa8a63fe53d,49436004,Atrial Fibrillation
1985-02-25,,9cdd2f89-86d0-9f8e-1f47-4e6a627b0d8b,54da07b7-70d6-fdf2-890f-7ae13fb0224e,128613002,Seizure disorder
1985-02-25,,9cdd2f89-86d0-9f8e-1f47-4e6a627b0d8b,54da07b7-70d6-fdf2-890f-7ae13fb0224e,703151001,History of single seizure (situation)
1981-11-12,,4ba44da0-1d72-9c20-eaa0-30bd12edecf7,23732e84-7241-5e81-ee57-53a29d6aaba9,128613002,Seizure disorder
1981-11-12,,4ba44da0-1d72-9c20-eaa0-30bd12edecf7,23732e84-7241-5e81-ee57-53a29d6aaba9,703151001,History of single seizure (situation)
1981-11-12,,4ba44da0-1d72-9c20-eaa0-30bd12edecf7,23732e84-7241-5e81-ee57-53a29d6aaba9,84757009,Epilepsy
1951-09-23,,31744229-95be-297d-8faf-04f1704c29f1,0bc1a31e-3401-8f8b-cc7e-cdfcc599253f,53741008,Coronary Heart Disease
1954-03-14,,31744229-95be-297d-8faf-04f1704c29f1,79d87a57-8832-66e2-0d29-5373a25eb486,22298006,Myocardial Infarction
1954-03-14,,31744229-95be-297d-8faf-04f1704c29f1,79d87a57-8832-66e2-0d29-5373a25eb486,399211009,History of myocardial infarction (situation)
1958-08-17,,b28c3c67-bbb8-158b-430f-19cc5f2ab907,1ea5f2a0-50e9-8d3d-a3e0-d12eedc54824,410429000,Cardiac Arrest
1958-08-17,,b28c3c67-bbb8-158b-430f-19cc5f2ab907,1ea5f2a0-50e9-8d3d-a3e0-d12eedc54824,429007001,History of cardiac arrest (situation)
1986-02-01,,6eb1fd38-f081-7f1e-4718-1351b825f716,ef644c7c-c231-514b-c6ca-6021724e8d83,230690007,Stroke
2012-02-20,,c9b7df2e-804a-779a-33f7-de98799627c3,33f3427f-5269-7816-a2ba-2045a3d91c02,230690007,Stroke
2017-10-14,,bc1a9290-76ef-efe4-a60b-4f379552a772,844a3401-e537-8fc8-e3b6-61fb925ef49e,230690007,Stroke
2013-05-16,,f853d71c-be96-6608-e62f-0446fb627cf3,9d2cd28e-4dbc-3802-02c0-44e5897a94cf,53741008,Coronary Heart Disease
1940-05-02,,fb7bf63a-d153-ce57-03ce-ca3e0b91c1c2,5d02ce69-946d-5c3c-f1bb-b122c706b00c,128613002,Seizure disorder
1940-05-02,,fb7bf63a-d153-ce57-03ce-ca3e0b91c1c2,5d02ce69-946d-5c3c-f1bb-b122c706b00c,703151001,History of single seizure (situation)
1940-09-30,,fb7bf63a-d153-ce57-03ce-ca3e0b91c1c2,db724935-527b-ce56-3310-855b7ccee538,84757009,Epilepsy
2020-09-11,,b379f243-b73b-0a9f-691a-24a6219354c3,ae7c9f05-7fca-c1d7-fb5c-6f5f489bba74,230690007,Stroke
1983-06-25,,2d4c9465-a576-e318-9f49-5122b4b3defd,5578cdb1-8575-ecd9-7f52-c04427656187,53741008,Coronary Heart Disease
1985-12-14,,2d4c9465-a576-e318-9f49-5122b4b3defd,7195c14d-fa27-7142-55a3-86d818ee9c0e,410429000,Cardiac Arrest
1985-12-14,,2d4c9465-a576-e318-9f49-5122b4b3defd,7195c14d-fa27-7142-55a3-86d818ee9c0e,429007001,History of cardiac arrest (situation)
2015-07-16,,55ded8dc-fa73-4d9e-5ed6-c288d8704ff1,02ec6592-c70f-5c4e-783d-fbfda3e9aa7d,49436004,Atrial Fibrillation
1988-07-27,,096ef4b4-c6ff-2e41-541b-09039d52ac43,19d4f3fb-32ff-6647-49fe-165d252eab19,53741008,Coronary Heart Disease
2020-06-17,,096ef4b4-c6ff-2e41-541b-09039d52ac43,a27e8fd9-d2f0-8e43-9057-4e828c958f65,22298006,Myocardial Infarction
2020-06-17,,096ef4b4-c6ff-2e41-541b-09039d52ac43,a27e8fd9-d2f0-8e43-9057-4e828c958f65,399211009,History of myocardial infarction (situation)
2016-09-14,,53747d10-334c-91b1-581d-0a67cbd1aa2e,02e645ec-1b38-69cc-7d24-ea899cc1b860,49436004,Atrial Fibrillation
2016-12-21,,53747d10-334c-91b1-581d-0a67cbd1aa2e,4a56d121-69c9-9444-9b23-60f54a847077,230690007,Stroke
2006-02-07,,81a8cf98-9acc-cd62-2829-679fbb3c67a2,506b8e79-6de1-b888-be63-5c6ee0aa67e7,230690007,Stroke
2015-03-21,,f6e144ca-a58f-be7b-7bf9-53182962abf5,4ece97e2-5956-d8f9-7055-699e201110a5,49436004,Atrial Fibrillation
2020-11-09,,5c839476-d736-3679-ab82-bc3590cbf973,0dcae151-74e8-d095-d291-0b72f6c3e08e,410429000,Cardiac Arrest
2020-11-09,,5c839476-d736-3679-ab82-bc3590cbf973,0dcae151-74e8-d095-d291-0b72f6c3e08e,429007001,History of cardiac arrest (situation)
2019-06-30,,23af3c9f-fe7b-e81c-aef5-2e4d65cfd9d5,cb04ce85-4e7a-e465-9e3f-36f6e264bd6f,53741008,Coronary Heart Disease
1977-11-11,,2a8b586f-ff2e-8f9e-6e54-134b2e7a9614,7c84a6c4-3ae1-533b-737c-be638b6ddf8e,128613002,Seizure disorder
1977-11-11,,2a8b586f-ff2e-8f9e-6e54-134b2e7a9614,7c84a6c4-3ae1-533b-737c-be638b6ddf8e,703151001,History of single seizure (situation)
1977-11-11,,2a8b586f-ff2e-8f9e-6e54-134b2e7a9614,7c84a6c4-3ae1-533b-737c-be638b6ddf8e,84757009,Epilepsy
1998-07-15,,222ea891-5e7c-b4e3-e1d1-6ebad4edde90,534babe3-0500-d930-02b4-f3150d0ded45,128613002,Seizure disorder
1998-07-15,,222ea891-5e7c-b4e3-e1d1-6ebad4edde90,534babe3-0500-d930-02b4-f3150d0ded45,703151001,History of single seizure (situation)
2005-10-08,,49ee4a91-e2ce-c15f-7744-42c528b88224,c9dc0312-b75b-d8bb-3760-a405556fd68e,49436004,Atrial Fibrillation
1962-04-27,,afc65ecb-2810-9ece-ac6d-b50fdcb845e1,61317f70-cc39-6e8a-2d98-86001c5684ea,53741008,Coronary Heart Disease
1982-08-27,,afc65ecb-2810-9ece-ac6d-b50fdcb845e1,8239790d-4cf7-5f37-2af2-385eb9dd7bf0,22298006,Myocardial Infarction
1982-08-27,,afc65ecb-2810-9ece-ac6d-b50fdcb845e1,8239790d-4cf7-5f37-2af2-385eb9dd7bf0,399211009,History of myocardial infarction (situation)
2002-12-14,,edde07fa-eb8d-2a86-ca42-f41eb7f3c7cd,3ea7973a-48ec-7cef-2b14-84b9651980ef,410429000,Cardiac Arrest
2002-12-14,,edde07fa-eb8d-2a86-ca42-f41eb7f3c7cd,3ea7973a-48ec-7cef-2b14-84b9651980ef,429007001,History of cardiac arrest (situation)
1989-04-11,,34d2e4ab-4ef3-8ca1-ccf2-5c4e13faaddb,a9f28b01-bbac-39dc-8ba0-3fa486c9d339,410429000,Cardiac Arrest
1989-04-11,,34d2e4ab-4ef3-8ca1-ccf2-5c4e13faaddb,a9f28b01-bbac-39dc-8ba0-3fa486c9d339,429007001,History of cardiac arrest (situation)
2013-07-24,,d4f31499-fc5b-df7f-b290-bcc5dddfbba4,5cbbfcce-41ff-2533-60f6-4024fc1dea93,49436004,Atrial Fibrillation
2010-04-04,,9a2ac872-3921-3386-e45b-3029ef018b72,9218001a-cd4a-a665-a54a-c2b3b28408e7,230690007,Stroke
2015-08-12,,0b3ca0fe-0583-2209-cfc2-c287adb91b9f,29d4cf83-965b-b5ad-16af-ecfd64fdd86f,49436004,Atrial Fibrillation
2018-08-29,,0b3ca0fe-0583-2209-cfc2-c287adb91b9f,1b5f2c8c-fc2c-ff72-636b-8a0d810fcaa3,53741008,Coronary Heart Disease
2020-08-04,,5249dbb8-3395-9a6b-41f5-1fca8e8f1a61,fa083e56-6bec-d224-2fe7-b281fb5bf231,230690007,Stroke
1995-10-18,,d85e5983-5c27-8de4-6a3a-9585fe2f2ccc,6de86aaa-f73a-951d-e03b-964975a255ca,53741008,Coronary Heart Disease
1986-06-12,,b214aed8-d759-1ce8-9800-e5d283b3d738,4c937fe2-a5d0-6c23-56e8-6efab4d66938,410429000,Cardiac Arrest
1986-06-12,,b214aed8-d759-1ce8-9800-e5d283b3d738,4c937fe2-a5d0-6c23-56e8-6efab4d66938,429007001,History of cardiac arrest (situation)
1985-09-09,,b20b33ed-6d69-7d49-0247-791dc131e2b0,e84d62da-6cc0-8752-d9a4-aa74281b1a1f,128613002,Seizure disorder
1985-09-09,,b20b33ed-6d69-7d49-0247-791dc131e2b0,e84d62da-6cc0-8752-d9a4-aa74281b1a1f,703151001,History of single seizure (situation)
1977-01-20,,4655aaee-ee43-47e3-639e-f0985afe9a23,7d10c9e3-e2a7-427b-1400-2eed9549494b,128613002,Seizure disorder
1977-01-20,,4655aaee-ee43-47e3-639e-f0985afe9a23,7d10c9e3-e2a7-427b-1400-2eed9549494b,703151001,History of single seizure (situation)
1977-01-20,,4655aaee-ee43-47e3-639e-f0985afe9a23,7d10c9e3-e2a7-427b-1400-2eed9549494b,84757009,Epilepsy
1981-08-13,,932dfcc1-f093-3747-81f6-922265f3166a,b94c2c2f-91d8-e271-98db-cbb6c98ac316,410429000,Cardiac Arrest
1981-08-13,,932dfcc1-f093-3747-81f6-922265f3166a,b94c2c2f-91d8-e271-98db-cbb6c98ac316,429007001,History of cardiac arrest (situation)
2012-10-17,,9031de2d-fcf9-1dd7-c3cc-7b60219e80af,e8e5b24c-3153-aa84-f311-314f0f9993b2,53741008,Coronary Heart Disease
2015-10-18,,663c693d-02b7-0fd1-a59e-de01d47f95ac,ced3014c-6db8-63c9-6f85-e2195be9f29e,49436004,Atrial Fibrillation
2003-12-29,,46fdb18d-cb74-33c1-1506-4669c3b45032,789f8fb7-d475-ea6e-4380-80736ddfac05,128613002,Seizure disorder
2003-12-29,,46fdb18d-cb74-33c1-1506-4669c3b45032,789f8fb7-d475-ea6e-4380-80736ddfac05,703151001,History of single seizure (situation)
2003-12-29,,46fdb18d-cb74-33c1-1506-4669c3b45032,789f8fb7-d475-ea6e-4380-80736ddfac05,84757009,Epilepsy
2012-03-09,,6d3740f5-945c-4c4f-3c81-94779af30a37,82a3a99f-f702-54be-8361-39afb91e6c71,230690007,Stroke
2000-11-19,,66b5eb1e-28c9-6794-c9ff-36712779a6b7,c8bb2eb9-a506-d43a-d0e6-6e347cd7cc8b,230690007,Stroke
1983-10-09,,406e7812-9e86-41ce-9a48-3d71ff6a8f3b,92c2cd97-0b7a-d49f-67b9-a8cbabf2793e,53741008,Coronary Heart Disease
2013-10-06,,406e7812-9e86-41ce-9a48-3d71ff6a8f3b,07cb3ad9-8b6a-b32a-aa2e-8afc03f50762,22298006,Myocardial Infarction
2013-10-06,,406e7812-9e86-41ce-9a48-3d71ff6a8f3b,07cb3ad9-8b6a-b32a-aa2e-8afc03f50762,399211009,History of myocardial infarction (situation)
1955-12-26,,60250948-c858-77d6-6871-7cd10df1ec7c,e97c68b0-8bec-7e35-0c21-cae76bf927db,128613002,Seizure disorder
1955-12-26,,60250948-c858-77d6-6871-7cd10df1ec7c,e97c68b0-8bec-7e35-0c21-cae76bf927db,703151001,History of single seizure (situation)
1955-12-26,,60250948-c858-77d6-6871-7cd10df1ec7c,e97c68b0-8bec-7e35-0c21-cae76bf927db,84757009,Epilepsy
2004-03-17,,60250948-c858-77d6-6871-7cd10df1ec7c,fd6eb032-45ee-8848-7cea-1ac79f3970bf,53741008,Coronary Heart Disease
2012-11-15,,0aea0e65-83ed-8d5d-5d0e-7f599976295c,4dbea204-dc55-80f9-f8e3-42a0a2d6f057,230690007,Stroke
2008-12-09,,cca126a9-1f3a-10d1-7512-cc2b943ac3d7,19d5c5ce-1c68-dccd-8147-db2bfac1ba9a,53741008,Coronary Heart Disease
2010-06-08,,cca126a9-1f3a-10d1-7512-cc2b943ac3d7,604dbe4f-614e-f7d7-8ae2-203c4a3cd95b,128613002,Seizure disorder
2010-06-08,,cca126a9-1f3a-10d1-7512-cc2b943ac3d7,604dbe4f-614e-f7d7-8ae2-203c4a3cd95b,703151001,History of single seizure (situation)
2010-06-08,,cca126a9-1f3a-10d1-7512-cc2b943ac3d7,604dbe4f-614e-f7d7-8ae2-203c4a3cd95b,84757009,Epilepsy
2011-12-06,,cca126a9-1f3a-10d1-7512-cc2b943ac3d7,610cadc2-806c-fd40-0358-0f7214802eca,410429000,Cardiac Arrest
2011-12-06,,cca126a9-1f3a-10d1-7512-cc2b943ac3d7,610cadc2-806c-fd40-0358-0f7214802eca,429007001,History of cardiac arrest (situation)
1963-02-12,,96502c9a-a0c9-a51a-457c-364248e0e73a,aa1e91bf-0424-c7df-46f6-3ebd119b6f3d,128613002,Seizure disorder
1963-02-12,,96502c9a-a0c9-a51a-457c-364248e0e73a,aa1e91bf-0424-c7df-46f6-3ebd119b6f3d,703151001,History of single seizure (situation)
1963-02-12,,96502c9a-a0c9-a51a-457c-364248e0e73a,aa1e91bf-0424-c7df-46f6-3ebd119b6f3d,84757009,Epilepsy
2002-05-24,,36cfee66-3465-5024-6952-b226a2fba0c0,570a7f68-9101-19c3-9de5-8c0fa3da2ad9,410429000,Cardiac Arrest
2002-05-24,,36cfee66-3465-5024-6952-b226a2fba0c0,570a7f68-9101-19c3-9de5-8c0fa3da2ad9,429007001,History of cardiac arrest (situation)
2006-12-15,,55a989df-cacf-b8e1-1bdb-8057cf6ad15a,38f56770-5e81-043b-f8f3-98a9ce52291e,128613002,Seizure disorder
2006-12-15,,55a989df-cacf-b8e1-1bdb-8057cf6ad15a,38f56770-5e81-043b-f8f3-98a9ce52291e,703151001,History of single seizure (situation)
2000-09-14,,53d1e844-eb39-f7bc-e8f1-91fc35a3f667,31c8fd28-e578-fc1e-f3ea-df10d9278a81,53741008,Coronary Heart Disease
2019-12-18,,b368413c-028b-4545-ee62-7d7fedd20d85,0df1e84a-35e8-3186-b233-5b4d1e5c6660,230690007,Stroke
2012-10-14,,ea0b964e-8bf2-6f41-d0bd-942d1abe32d3,68fb4c14-3410-fc86-29fb-dfd88bf58fe9,230690007,Stroke
2008-04-21,,6ce48ea6-8ec2-7407-5270-d15708fcb5be,0ffb6be8-b3a2-eb5e-7a1b-cd8dc8fc72c5,53741008,Coronary Heart Disease
2020-07-30,,6ce48ea6-8ec2-7407-5270-d15708fcb5be,5e1569f4-e92f-852a-ea98-1af8cadbabbe,128613002,Seizure disorder
2020-07-30,,6ce48ea6-8ec2-7407-5270-d15708fcb5be,5e1569f4-e92f-852a-ea98-1af8cadbabbe,703151001,History of single seizure (situation)
1980-08-29,,98656e5b-d4aa-f69f-6973-ff34bf68c36e,5b3f0d62-f135-7f65-cf32-47779d8225a1,230690007,Stroke
1987-04-07,,809f14a0-a061-8a79-6500-32bde8c55f74,f908b934-3143-890d-eb1c-02f8c0748fd5,128613002,Seizure disorder
1987-04-07,,809f14a0-a061-8a79-6500-32bde8c55f74,f908b934-3143-890d-eb1c-02f8c0748fd5,703151001,History of single seizure (situation)
2009-12-17,,8b2ee293-4c03-7031-427c-abb852b10851,28840146-c7b9-86dc-52a6-27ab15eafcb0,49436004,Atrial Fibrillation
2003-11-28,,5e6555ef-eab5-c350-4642-efd3bb963617,7a7a652a-8a38-28f2-64fc-ce3d27ebe2ca,410429000,Cardiac Arrest
2003-11-28,,5e6555ef-eab5-c350-4642-efd3bb963617,7a7a652a-8a38-28f2-64fc-ce3d27ebe2ca,429007001,History of cardiac arrest (situation)
2011-03-11,,5e6555ef-eab5-c350-4642-efd3bb963617,3c497d60-3ed5-c0f1-d38c-5d3465e5506a,49436004,Atrial Fibrillation
1973-06-03,,644054ae-bb2e-b1e8-fd54-0af56a8214d4,5b282aa1-081c-d5f2-18f9-ce83c0eea9ac,128613002,Seizure disorder
1973-06-03,,644054ae-bb2e-b1e8-fd54-0af56a8214d4,5b282aa1-081c-d5f2-18f9-ce83c0eea9ac,703151001,History of single seizure (situation)
2020-09-13,,612a7cc8-a003-8f4b-f0df-08ba2d237f28,22606766-623a-bbfa-0286-41c54d62a273,53741008,Coronary Heart Disease
2015-08-21,,6f3223bf-bc8b-b464-6583-a0727e8c7f41,dd947e0b-81a8-57e0-ffce-da13307f4022,53741008,Coronary Heart Disease
2001-09-07,,cc2f9f34-d16a-da58-7c6b-28363970425f,3dca7097-c1a1-6126-655a-c4f7e8f44b70,410429000,Cardiac Arrest
2001-09-07,,cc2f9f34-d16a-da58-7c6b-28363970425f,3dca7097-c1a1-6126-655a-c4f7e8f44b70,429007001,History of cardiac arrest (situation)
2005-10-27,,e83954b2-d165-d4c9-bdf9-60dcabd13c74,4f8ada46-dfd5-19d8-c588-ee1e0a957d38,128613002,Seizure disorder
2005-10-27,,e83954b2-d165-d4c9-bdf9-60dcabd13c74,4f8ada46-dfd5-19d8-c588-ee1e0a957d38,703151001,History of single seizure (situation)
1987-02-15,,31954f7e-954f-a111-f65d-e817cf181452,52a08309-6cb1-2396-47b1-2d405162ddd7,128613002,Seizure disorder
1987-02-15,,31954f7e-954f-a111-f65d-e817cf181452,52a08309-6cb1-2396-47b1-2d405162ddd7,703151001,History of single seizure (situation)
1988-03-17,,31954f7e-954f-a111-f65d-e817cf181452,f25dec88-8e1a-bf8a-750d-c96985f0432b,84757009,Epilepsy
2000-04-19,,4eb3f73b-948c-87c7-fb3a-c2cb71463d31,84715a31-010c-5c7e-1e64-59e9deb974f1,410429000,Cardiac Arrest
2000-04-19,,4eb3f73b-948c-87c7-fb3a-c2cb71463d31,84715a31-010c-5c7e-1e64-59e9deb974f1,429007001,History of cardiac arrest (situation)
2004-02-01,,604e6f85-4ab9-0558-f8bc-260c402c54c9,ed7c0c84-6948-cf84-8c70-ffb98814ef43,53741008,Coronary Heart Disease
2006-11-05,,604e6f85-4ab9-0558-f8bc-260c402c54c9,0e62de03-0c73-e948-5f68-8f85e2c17c14,22298006,Myocardial Infarction
2006-11-05,,604e6f85-4ab9-0558-f8bc-260c402c54c9,0e62de03-0c73-e948-5f68-8f85e2c17c14,399211009,History of myocardial infarction (situation)
1958-11-09,,6e73610a-1930-db86-e2a3-a557f2190a82,8fd0274c-f7e3-7d45-d1dd-ee496320e12f,128613002,Seizure disorder
1958-11-09,,6e73610a-1930-db86-e2a3-a557f2190a82,8fd0274c-f7e3-7d45-d1dd-ee496320e12f,703151001,History of single seizure (situation)
2017-10-05,,43dc162d-408b-dcc3-e096-f7f015199bd7,d091b30c-0312-2446-4bd2-8b1695a7ba59,49436004,Atrial Fibrillation
2018-05-03,,43dc162d-408b-dcc3-e096-f7f015199bd7,2e01615b-e938-6b90-a4f7-32e1bd2be3c8,230690007,Stroke
1994-03-24,,88194dad-d324-4ea8-3ffd-1dcc3f485744,c6d4f723-8072-4995-054a-1c3268a53635,128613002,Seizure disorder
1994-03-24,,88194dad-d324-4ea8-3ffd-1dcc3f485744,c6d4f723-8072-4995-054a-1c3268a53635,703151001,History of single seizure (situation)
1994-03-24,,88194dad-d324-4ea8-3ffd-1dcc3f485744,c6d4f723-8072-4995-054a-1c3268a53635,84757009,Epilepsy
2007-01-12,,6da77631-ea4d-615f-a256-bf544c0c7227,b3177447-d14c-8ac9-c21a-5be1281adc53,49436004,Atrial Fibrillation
1951-05-30,,0755e7f6-52d9-2cc5-ff1e-5b6dd0855d81,52ea1787-1ff8-e608-a032-e05e8c113c8f,128613002,Seizure disorder
1951-05-30,,0755e7f6-52d9-2cc5-ff1e-5b6dd0855d81,52ea1787-1ff8-e608-a032-e05e8c113c8f,703151001,History of single seizure (situation)
1952-11-09,,0755e7f6-52d9-2cc5-ff1e-5b6dd0855d81,b418f01e-ef21-5d87-b67d-f175b81d250f,84757009,Epilepsy
1990-08-10,,0755e7f6-52d9-2cc5-ff1e-5b6dd0855d81,82f61044-5f7a-99ed-12e6-632e89d5b103,230690007,Stroke
1990-02-14,,16518481-b12b-8e40-efc0-cbd2c4dd0606,dee57681-c610-e7bf-8ab2-52a74a5bff49,128613002,Seizure disorder
1990-02-14,,16518481-b12b-8e40-efc0-cbd2c4dd0606,dee57681-c610-e7bf-8ab2-52a74a5bff49,703151001,History of single seizure (situation)
2000-06-04,,a15c974e-a6b1-fd98-96da-5bcee35d0ac1,e7bd4759-aad8-3722-6f8b-99cceacc7a4b,230690007,Stroke
2013-02-18,,bf2571ac-f362-bbed-89ca-b4aa27e93514,0ef1136d-3c7c-dce5-81f6-da56872707bf,230690007,Stroke
1977-06-06,,51f3e9cd-9da0-3360-627d-8b68421c1316,3701dfde-8c62-dc67-601b-a8fea4028276,230690007,Stroke
2020-08-22,,50738083-f0d3-644c-74dd-c32225ee1fae,1f9f6a05-1e99-e5f1-b1ec-909af802ab27,49436004,Atrial Fibrillation
1977-12-08,,ad007086-664b-ad22-ae1e-145c939ed6b1,bc3ba51d-ca0e-bed5-993e-df6315cc3499,230690007,Stroke
1996-10-21,,79fb7d73-0b12-83f6-797c-16328257fd33,c1963f26-de34-f964-d4cd-8fdaa16b75fd,410429000,Cardiac Arrest
1996-10-21,,79fb7d73-0b12-83f6-797c-16328257fd33,c1963f26-de34-f964-d4cd-8fdaa16b75fd,429007001,History of cardiac arrest (situation)
1943-11-21,,0cae5c67-6f86-0c1a-6e5d-ca28221a4887,4c3d665c-f9b3-40f6-281b-e667b807fc59,128613002,Seizure disorder
1943-11-21,,0cae5c67-6f86-0c1a-6e5d-ca28221a4887,4c3d665c-f9b3-40f6-281b-e667b807fc59,703151001,History of single seizure (situation)
1995-01-28,,0cae5c67-6f86-0c1a-6e5d-ca28221a4887,74dfb70b-591a-13f9-11e5-7e22a89a8104,230690007,Stroke
1975-08-26,,9b52881d-02fc-8856-6f24-e87fde2a422c,60ecc659-7b02-f4cf-8781-296277378e77,53741008,Coronary Heart Disease
1998-06-16,,9b52881d-02fc-8856-6f24-e87fde2a422c,9cd73665-744d-f1bf-56fb-b2c651e5711e,22298006,Myocardial Infarction
1998-06-16,,9b52881d-02fc-8856-6f24-e87fde2a422c,9cd73665-744d-f1bf-56fb-b2c651e5711e,399211009,History of myocardial infarction (situation)
2008-05-07,,1cba6388-148c-9a15-62c5-18e8f81a43eb,aefdb70b-4d98-dcb4-34bc-38ef4eb1f5d0,49436004,Atrial Fibrillation
2008-07-23,,1cba6388-148c-9a15-62c5-18e8f81a43eb,e8b3c16d-a4a1-5881-487e-3d1e03e54f80,230690007,Stroke
2011-05-26,,42369716-bd31-11fe-9212-46f4414315f0,58257bda-c99a-f968-8920-cb42ac4e1f07,53741008,Coronary Heart Disease
2019-06-13,,42369716-bd31-11fe-9212-46f4414315f0,68152c5f-359b-c5e4-22b0-dcaadffa9fdc,22298006,Myocardial Infarction
2019-06-13,,42369716-bd31-11fe-9212-46f4414315f0,68152c5f-359b-c5e4-22b0-dcaadffa9fdc,399211009,History of myocardial infarction (situation)
2018-03-16,,c4dbe984-c6cf-2b9f-eaa9-487c987b64cf,32f11b20-69fd-4c93-7d90-8fcbf29daf05,53741008,Coronary Heart Disease
1997-02-20,,dfc699e3-8346-c469-fd34-02b96cec9e71,7f150f43-5965-2b78-e956-953d9bf958f9,230690007,Stroke
2013-08-12,,9a57b95e-7d87-a989-e3c1-1e56bd72e7d6,7cb686eb-1b86-aef9-3aab-86136199d43c,230690007,Stroke
1989-05-27,,a6dc4ca5-cb78-ceb8-a06e-c402a6b14550,ab28ccf5-0c3b-3d5d-0395-01fa10105e70,128613002,Seizure disorder
1989-05-27,,a6dc4ca5-cb78-ceb8-a06e-c402a6b14550,ab28ccf5-0c3b-3d5d-0395-01fa10105e70,703151001,History of single seizure (situation)
1967-06-10,,9acda10d-5f9f-fe4d-2129-e843657d0381,68e2cbae-68f8-f235-448d-8cbfa2a15010,128613002,Seizure disorder
1967-06-10,,9acda10d-5f9f-fe4d-2129-e843657d0381,68e2cbae-68f8-f235-448d-8cbfa2a15010,703151001,History of single seizure (situation)
1967-08-21,,9acda10d-5f9f-fe4d-2129-e843657d0381,600defb5-c010-3188-a6e9-a4dd0c30bdb7,84757009,Epilepsy
1988-06-26,,893552e1-f71e-64af-aef9-46f47cb02f7d,50e80bbc-6603-a3de-eb55-9f0fbf868ea6,128613002,Seizure disorder
1988-06-26,,893552e1-f71e-64af-aef9-46f47cb02f7d,50e80bbc-6603-a3de-eb55-9f0fbf868ea6,703151001,History of single seizure (situation)
1988-06-26,,893552e1-f71e-64af-aef9-46f47cb02f7d,50e80bbc-6603-a3de-eb55-9f0fbf868ea6,84757009,Epilepsy
1967-02-24,,fb44dbad-f436-26bc-b1ad-604cfb9fa499,fcd65fad-e1a7-a047-a35c-431a7213419d,410429000,Cardiac Arrest
1967-02-24,,fb44dbad-f436-26bc-b1ad-604cfb9fa499,fcd65fad-e1a7-a047-a35c-431a7213419d,429007001,History of cardiac arrest (situation)
1981-06-22,,7fcacb5d-9c91-a48a-135e-1bb5c5aaf86a,bd57e13d-1a5a-39e8-3e59-4c7a72e028ad,53741008,Coronary Heart Disease
1987-06-22,,7fcacb5d-9c91-a48a-135e-1bb5c5aaf86a,17ddb904-0835-71e5-8071-ab77f45ba679,22298006,Myocardial Infarction
1987-06-22,,7fcacb5d-9c91-a48a-135e-1bb5c5aaf86a,17ddb904-0835-71e5-8071-ab77f45ba679,399211009,History of myocardial infarction (situation)
2011-11-24,,1030ed0b-a8f1-163e-f672-2bacd327bc5b,4022648a-83d8-e5bc-e1e6-3254ffbd649b,49436004,Atrial Fibrillation
2005-12-14,,aa22e75f-adda-db44-a681-e2613af89f33,180ea52c-2bc8-4ccc-a1ea-90420073f307,53741008,Coronary Heart Disease
2019-01-25,,4fa3317a-97ad-48dd-264e-5b1cf01b1bd5,1220fffc-7dfd-5da0-f3d6-303b5a566cc4,53741008,Coronary Heart Disease
2017-10-16,,e4dfc663-2460-b63c-d679-d91b4df80659,79f33794-6aa8-4730-ca7d-0ffc30daf31a,128613002,Seizure disorder
2017-10-16,,e4dfc663-2460-b63c-d679-d91b4df80659,79f33794-6aa8-4730-ca7d-0ffc30daf31a,703151001,History of single seizure (situation)
2004-05-17,,a92e48cb-1b95-792e-b667-ca731982fa6c,6d4c586b-75b9-ae36-7d98-7f25688c2e73,410429000,Cardiac Arrest
2004-05-17,,a92e48cb-1b95-792e-b667-ca731982fa6c,6d4c586b-75b9-ae36-7d98-7f25688c2e73,429007001,History of cardiac arrest (situation)
1980-12-21,,7d773ff9-9f72-c6ff-556e-df8c2997dffb,1f2a8c8a-5905-177f-7f8e-44463083cd03,128613002,Seizure disorder
1980-12-21,,7d773ff9-9f72-c6ff-556e-df8c2997dffb,1f2a8c8a-5905-177f-7f8e-44463083cd03,703151001,History of single seizure (situation)
1980-12-21,,7d773ff9-9f72-c6ff-556e-df8c2997dffb,1f2a8c8a-5905-177f-7f8e-44463083cd03,84757009,Epilepsy
2002-07-29,,b4b517b5-494c-ae82-76b9-b3ee27dcdf52,d0a92a64-f740-a30f-2a38-1cc76b60ba1f,410429000,Cardiac Arrest
2002-07-29,,b4b517b5-494c-ae82-76b9-b3ee27dcdf52,d0a92a64-f740-a30f-2a38-1cc76b60ba1f,429007001,History of cardiac arrest (situation)
2019-11-08,,7122ec85-2581-b9b7-d099-997f4655a707,2cd15f16-34dc-de83-4e87-e1e4be79ec9f,53741008,Coronary Heart Disease
2019-07-25,,312c13e1-963f-a162-7732-f76b1a66653e,a754efec-d5b2-d5de-28d0-8a7e2de3add1,53741008,Coronary Heart Disease
2020-12-03,,312c13e1-963f-a162-7732-f76b1a66653e,1ee451f6-7e1e-f483-60f9-8f6c08c61419,410429000,Cardiac Arrest
2020-12-03,,312c13e1-963f-a162-7732-f76b1a66653e,1ee451f6-7e1e-f483-60f9-8f6c08c61419,429007001,History of cardiac arrest (situation)
1994-05-29,,6eb3a91a-7d2d-d9a0-6826-4e5401cafa29,c2f2e423-e29f-d8ba-6c8f-9a99e500da65,53741008,Coronary Heart Disease
2014-11-26,,b48ca79f-ced2-8e4e-4154-b433f5d5ea96,bfba296b-9d16-b2d7-1e2d-9f3608b3b269,53741008,Coronary Heart Disease
2009-08-29,,cf290504-89f3-32e7-7ed4-c257522ad150,cccc1249-df54-567c-e209-040596a38ce3,53741008,Coronary Heart Disease
2018-10-20,,cf290504-89f3-32e7-7ed4-c257522ad150,20055bb2-b024-3f39-56a6-b9a3475e502b,22298006,Myocardial Infarction
2018-10-20,,cf290504-89f3-32e7-7ed4-c257522ad150,20055bb2-b024-3f39-56a6-b9a3475e502b,399211009,History of myocardial infarction (situation)
2007-08-26,,99da9b4d-157b-0e78-bc1f-5bf777bff2e3,58cc3cfe-0acb-71d9-c426-30d6f61d465a,230690007,Stroke
2007-04-13,,425730c3-eabe-7225-7087-cbc9ff6d3e82,0d1ae252-ef21-45d3-9ada-287d8b80bec9,49436004,Atrial Fibrillation
2015-04-18,,426b4386-7af1-035f-f402-62156336c5aa,41b82edd-25a8-2bdb-850e-55fa31caedf0,230690007,Stroke
1964-04-04,,8fd154c2-4fe5-a372-2541-22523bbd13b8,bfe8a009-25da-54ae-7606-7e64005bfa1b,128613002,Seizure disorder
1964-04-04,,8fd154c2-4fe5-a372-2541-22523bbd13b8,bfe8a009-25da-54ae-7606-7e64005bfa1b,703151001,History of single seizure (situation)
1964-04-04,,8fd154c2-4fe5-a372-2541-22523bbd13b8,bfe8a009-25da-54ae-7606-7e64005bfa1b,84757009,Epilepsy
2016-07-28,,a6fddec8-7661-a551-af49-8671fab66bd5,d577c18f-3cbd-817b-3f49-4a1e6c44b02a,410429000,Cardiac Arrest
2016-07-28,,a6fddec8-7661-a551-af49-8671fab66bd5,d577c18f-3cbd-817b-3f49-4a1e6c44b02a,429007001,History of cardiac arrest (situation)
1992-03-05,,4840e9a2-d841-26b7-6239-734066ea5a7e,ce909789-a02e-195b-7440-e41b0e715d96,128613002,Seizure disorder
1992-03-05,,4840e9a2-d841-26b7-6239-734066ea5a7e,ce909789-a02e-195b-7440-e41b0e715d96,703151001,History of single seizure (situation)
1992-03-05,,4840e9a2-d841-26b7-6239-734066ea5a7e,ce909789-a02e-195b-7440-e41b0e715d96,84757009,Epilepsy
2004-08-10,,fda4bf1f-1cee-4738-57fc-9c438c7877a9,a933500d-6a82-b26c-f1d5-de09c5cd168e,53741008,Coronary Heart Disease
2014-07-15,,fda4bf1f-1cee-4738-57fc-9c438c7877a9,d094f303-4277-b8d8-8700-fd59baa4c506,410429000,Cardiac Arrest
2014-07-15,,fda4bf1f-1cee-4738-57fc-9c438c7877a9,d094f303-4277-b8d8-8700-fd59baa4c506,429007001,History of cardiac arrest (situation)
2003-06-09,,f2a37602-9a34-697c-eacf-01e0614a62fd,66affbcd-76f9-59b9-5723-d97a0a1ef710,410429000,Cardiac Arrest
2003-06-09,,f2a37602-9a34-697c-eacf-01e0614a62fd,66affbcd-76f9-59b9-5723-d97a0a1ef710,429007001,History of cardiac arrest (situation)
2019-10-13,,bd2ac6c7-6f15-8048-ee3e-d9868025c1c0,2c7cf005-c233-5a09-d4db-546dcce5df40,53741008,Coronary Heart Disease
2014-10-07,,1fc04c08-6163-8f57-2b5b-f651073a91a3,f7bbbd73-e453-f316-e8ba-9db2c3250990,49436004,Atrial Fibrillation
1962-06-22,,c4f78385-bd6a-f279-6e49-3391298144eb,7412e876-f1b6-5e30-2e87-a3d196c03ab3,128613002,Seizure disorder
1962-06-22,,c4f78385-bd6a-f279-6e49-3391298144eb,7412e876-f1b6-5e30-2e87-a3d196c03ab3,703151001,History of single seizure (situation)
1962-11-23,,753bc72b-0a8b-c737-9fa5-c2c8e328d5b9,f6061aac-29d0-5f9c-ec99-78583f52e2ad,128613002,Seizure disorder
1962-11-23,,753bc72b-0a8b-c737-9fa5-c2c8e328d5b9,f6061aac-29d0-5f9c-ec99-78583f52e2ad,703151001,History of single seizure (situation)
1993-09-16,,9b547cc6-0a14-87f1-11cb-6d4f78e6f195,6ef9d98b-f4f4-3df5-fd35-7c827284d0ea,410429000,Cardiac Arrest
1993-09-16,,9b547cc6-0a14-87f1-11cb-6d4f78e6f195,6ef9d98b-f4f4-3df5-fd35-7c827284d0ea,429007001,History of cardiac arrest (situation)
2011-04-28,,9b547cc6-0a14-87f1-11cb-6d4f78e6f195,26b93c3d-e32d-8e79-74b8-d82e27c6f683,53741008,Coronary Heart Disease
2011-01-26,,1dd9a2ec-dc1b-336b-94fb-58caee225ba8,9cfb1fa6-fc6e-94ed-bb20-8fce00084ae7,230690007,Stroke
2019-03-20,,3ae45684-18b7-502a-962a-8d043ec8eb62,d28a7640-97f4-3d01-3a2c-831fb04d75a4,128613002,Seizure disorder
2019-03-20,,3ae45684-18b7-502a-962a-8d043ec8eb62,d28a7640-97f4-3d01-3a2c-831fb04d75a4,703151001,History of single seizure (situation)
2021-01-04,,3ae45684-18b7-502a-962a-8d043ec8eb62,5e2a9f64-e184-4b85-614f-23fc4bc829fe,84757009,Epilepsy
1989-12-28,,a4a8baa1-f10a-f855-68a4-cbd6eddb5a95,73e156f0-46f8-eebd-b0ee-62b003fccdf4,53741008,Coronary Heart Disease
2021-02-06,,2cd918f9-95e6-f899-ef4d-2091482c01e4,8c08ef15-1c02-52bf-9f2e-1fa755e4ae3d,230690007,Stroke
2018-11-02,,902bdd11-f10f-8c36-2875-1f3ee944da04,f4c83bbc-c7ab-dec4-f24b-11e2cd9227f1,53741008,Coronary Heart Disease
1999-02-04,,52c22977-e4d3-e0ad-33f0-5b745bf643a8,4e2c1d09-274d-7696-a3d8-e1f7c452cfdd,49436004,Atrial Fibrillation
1970-12-15,,a9cdf97a-e78f-856b-3439-f51d48ad9d78,4ebff55a-def4-b1a9-79b0-ae40ff650377,128613002,Seizure disorder
1970-12-15,,a9cdf97a-e78f-856b-3439-f51d48ad9d78,4ebff55a-def4-b1a9-79b0-ae40ff650377,703151001,History of single seizure (situation)
