START,STOP,PATIENT,ENCOUNTER,CODE,DESCRIPTION,UDI
2013-06-06T11:29:50Z,,076f7cce-f0f0-8f1a-14e8-971b5f548f75,1998f478-24bd-d506-9ee0-dac8973a4ae7,706004007,Implantable cardiac pacemaker (physical object),(01)68699262764962(11)130516(17)380531(10)2509967181851528461(21)2780836506215080
2003-09-06T16:26:46Z,,32ad309d-e9cd-cba1-24c0-93753b3e2c39,becc1b3c-8b62-1eea-6a54-073439343fe5,72506001,Implantable defibrillator  device (physical object),(01)28064306062357(11)030816(17)280830(10)69546988840331797(21)833876299942848332
1994-03-11T08:31:18Z,,d7a86ebb-d5a4-1b0e-da7f-057e6351bcf1,35389c9c-3791-d499-deee-1293398c0d19,72506001,Implantable defibrillator  device (physical object),(01)75947600981372(11)940218(17)190305(10)7983822168954(21)3597261969322
2010-08-19T18:17:07Z,,cdab36a9-bbff-daf7-45a6-0c26a1318977,cfe2ce26-6f18-21a7-e29e-443519d4ab59,705643001,Coronary artery stent (physical object),(01)55095430547368(11)100729(17)350813(10)4044(21)164034651670814307
2014-01-31T20:40:05Z,,4e61dd56-7f7e-3d46-ab1c-a05f093a8590,caa91e8a-4ef6-c81d-052c-8a50fce44010,72506001,Implantable defibrillator  device (physical object),(01)62732906593570(11)140110(17)390125(10)64437894163(21)6067068249074158
1979-06-11T16:07:39Z,,2c3a9e75-f816-bba8-b013-4fc2749535bc,df9e7ab0-7c2e-e57d-ea3d-5864406be32d,72506001,Implantable defibrillator  device (physical object),(01)17861459551461(11)790521(17)040604(10)5106116451462728872(21)4034036513307959648
1997-09-29T16:07:39Z,,2c3a9e75-f816-bba8-b013-4fc2749535bc,cfed42ef-c185-8144-7801-2f2a4222e524,705643001,Coronary artery stent (physical object),(01)66653040765327(11)970908(17)220923(10)894181331804852225(21)537429
1969-02-23T21:50:54Z,,89a0e54e-381e-beef-9ade-b75ad2260b65,186b4ece-7114-0632-419c-99690018559d,72506001,Implantable defibrillator  device (physical object),(01)69795036925619(11)690202(17)940217(10)600671911263354972(21)259380448891624
2017-01-05T13:40:54Z,,d104a61e-c0aa-6e3a-f1f1-e538760c9cac,ea69db62-5244-7905-87f4-63b5e1cff012,706004007,Implantable cardiac pacemaker (physical object),(01)11406346147371(11)161215(17)421230(10)5057370246(21)1382
1954-03-14T21:18:44Z,,31744229-95be-297d-8faf-04f1704c29f1,79d87a57-8832-66e2-0d29-5373a25eb486,705643001,Coronary artery stent (physical object),(01)15363210715425(11)540221(17)790308(10)6189151779520187104(21)59873039114797
1958-08-17T10:23:11Z,,b28c3c67-bbb8-158b-430f-19cc5f2ab907,1ea5f2a0-50e9-8d3d-a3e0-d12eedc54824,72506001,Implantable defibrillator  device (physical object),(01)66299182388493(11)580727(17)830811(10)155015101131(21)424318725713102449
1985-12-14T10:07:01Z,,2d4c9465-a576-e318-9f49-5122b4b3defd,7195c14d-fa27-7142-55a3-86d818ee9c0e,72506001,Implantable defibrillator  device (physical object),(01)67144654253954(11)851123(17)101208(10)476090017369671061(21)9814945799
2020-06-17T14:34:40Z,,096ef4b4-c6ff-2e41-541b-09039d52ac43,a27e8fd9-d2f0-8e43-9057-4e828c958f65,705643001,Coronary artery stent (physical object),(01)86968395660190(11)200527(17)450611(10)4090783845(21)2681291924033
2020-11-09T22:44:37Z,,5c839476-d736-3679-ab82-bc3590cbf973,0dcae151-74e8-d095-d291-0b72f6c3e08e,72506001,Implantable defibrillator  device (physical object),(01)53751285681261(11)201019(17)451103(10)803085033(21)46084956437609926
1982-08-27T12:24:28Z,,afc65ecb-2810-9ece-ac6d-b50fdcb845e1,8239790d-4cf7-5f37-2af2-385eb9dd7bf0,705643001,Coronary artery stent (physical object),(01)18114186941457(11)820806(17)070821(10)4773910545(21)79150430563145
2002-12-14T06:59:09Z,,edde07fa-eb8d-2a86-ca42-f41eb7f3c7cd,3ea7973a-48ec-7cef-2b14-84b9651980ef,72506001,Implantable defibrillator  device (physical object),(01)50021988432663(11)021123(17)271208(10)2267696(21)5059
1989-04-11T23:19:26Z,,34d2e4ab-4ef3-8ca1-ccf2-5c4e13faaddb,a9f28b01-bbac-39dc-8ba0-3fa486c9d339,72506001,Implantable defibrillator  device (physical object),(01)36869720344070(11)890321(17)140405(10)66068072(21)71377899016
1986-06-12T07:05:23Z,,b214aed8-d759-1ce8-9800-e5d283b3d738,4c937fe2-a5d0-6c23-56e8-6efab4d66938,72506001,Implantable defibrillator  device (physical object),(01)52953900561384(11)860522(17)110606(10)6877307(21)24774127821055818
1981-08-14T00:13:16Z,,932dfcc1-f093-3747-81f6-922265f3166a,b94c2c2f-91d8-e271-98db-cbb6c98ac316,72506001,Implantable defibrillator  device (physical object),(01)30709326623526(11)810723(17)060807(10)886463389736(21)91200625017701
2013-10-06T18:06:14Z,,406e7812-9e86-41ce-9a48-3d71ff6a8f3b,07cb3ad9-8b6a-b32a-aa2e-8afc03f50762,705643001,Coronary artery stent (physical object),(01)12303902751560(11)130915(17)380930(10)4251359570530988(21)389328120089
2011-12-06T21:47:50Z,,cca126a9-1f3a-10d1-7512-cc2b943ac3d7,610cadc2-806c-fd40-0358-0f7214802eca,72506001,Implantable defibrillator  device (physical object),(01)85920425400394(11)111115(17)361129(10)272447(21)79422952017396
2002-05-24T12:48:29Z,,36cfee66-3465-5024-6952-b226a2fba0c0,570a7f68-9101-19c3-9de5-8c0fa3da2ad9,72506001,Implantable defibrillator  device (physical object),(01)84106178715868(11)020503(17)270518(10)63557348942(21)77570
2003-11-28T18:05:18Z,,5e6555ef-eab5-c350-4642-efd3bb963617,7a7a652a-8a38-28f2-64fc-ce3d27ebe2ca,72506001,Implantable defibrillator  device (physical object),(01)29352486530382(11)031107(17)281121(10)2044642(21)408425224435055
2001-09-07T07:50:49Z,,cc2f9f34-d16a-da58-7c6b-28363970425f,3dca7097-c1a1-6126-655a-c4f7e8f44b70,72506001,Implantable defibrillator  device (physical object),(01)44281065579473(11)010817(17)260901(10)870352097(21)617073793466552
2000-04-19T09:12:11Z,,4eb3f73b-948c-87c7-fb3a-c2cb71463d31,84715a31-010c-5c7e-1e64-59e9deb974f1,72506001,Implantable defibrillator  device (physical object),(01)64480839861245(11)000329(17)250413(10)303645305(21)52356343663448
2006-11-06T02:44:01Z,,604e6f85-4ab9-0558-f8bc-260c402c54c9,0e62de03-0c73-e948-5f68-8f85e2c17c14,705643001,Coronary artery stent (physical object),(01)88740818447640(11)061015(17)311030(10)870304504852(21)63515072
1996-10-21T12:35:22Z,,79fb7d73-0b12-83f6-797c-16328257fd33,c1963f26-de34-f964-d4cd-8fdaa16b75fd,72506001,Implantable defibrillator  device (physical object),(01)47891544291953(11)960930(17)211015(10)512176374613(21)550781403
1998-06-16T13:55:41Z,,9b52881d-02fc-8856-6f24-e87fde2a422c,9cd73665-744d-f1bf-56fb-b2c651e5711e,705643001,Coronary artery stent (physical object),(01)46945021841361(11)980526(17)230610(10)387468298(21)777242146317
2019-06-13T13:22:49Z,,42369716-bd31-11fe-9212-46f4414315f0,68152c5f-359b-c5e4-22b0-dcaadffa9fdc,705643001,Coronary artery stent (physical object),(01)38442972252599(11)190523(17)440606(10)523129894412797636(21)13991649497760357
1967-02-24T13:39:58Z,,fb44dbad-f436-26bc-b1ad-604cfb9fa499,fcd65fad-e1a7-a047-a35c-431a7213419d,72506001,Implantable defibrillator  device (physical object),(01)80498931172565(11)670203(17)920218(10)7182976975(21)5189371172655174
1987-06-22T11:15:23Z,,7fcacb5d-9c91-a48a-135e-1bb5c5aaf86a,17ddb904-0835-71e5-8071-ab77f45ba679,705643001,Coronary artery stent (physical object),(01)17463029834561(11)870601(17)120615(10)641523488609(21)3208399622
2004-05-17T11:15:23Z,,a92e48cb-1b95-792e-b667-ca731982fa6c,6d4c586b-75b9-ae36-7d98-7f25688c2e73,72506001,Implantable defibrillator  device (physical object),(01)80190006201648(11)040426(17)290511(10)5903(21)8330753206809519
2002-07-29T05:30:16Z,,b4b517b5-494c-ae82-76b9-b3ee27dcdf52,d0a92a64-f740-a30f-2a38-1cc76b60ba1f,72506001,Implantable defibrillator  device (physical object),(01)31484765207152(11)020708(17)270723(10)74866(21)6898012284
2020-12-03T20:12:43Z,,312c13e1-963f-a162-7732-f76b1a66653e,1ee451f6-7e1e-f483-60f9-8f6c08c61419,72506001,Implantable defibrillator  device (physical object),(01)91517649351332(11)201112(17)451127(10)2049608(21)37375598
2018-10-21T04:38:24Z,,cf290504-89f3-32e7-7ed4-c257522ad150,20055bb2-b024-3f39-56a6-b9a3475e502b,705643001,Coronary artery stent (physical object),(01)16523621430696(11)180929(17)431014(10)6157535088(21)8196053
2007-04-14T02:55:01Z,,425730c3-eabe-7225-7087-cbc9ff6d3e82,0d1ae252-ef21-45d3-9ada-287d8b80bec9,706004007,Implantable cardiac pacemaker (physical object),(01)51316068303998(11)070323(17)320406(10)896712(21)1920529800730526
2016-07-28T19:03:07Z,,a6fddec8-7661-a551-af49-8671fab66bd5,d577c18f-3cbd-817b-3f49-4a1e6c44b02a,72506001,Implantable defibrillator  device (physical object),(01)29271137001791(11)160707(17)410722(10)8272123871902741(21)801428148
2014-07-15T20:03:11Z,,fda4bf1f-1cee-4738-57fc-9c438c7877a9,d094f303-4277-b8d8-8700-fd59baa4c506,72506001,Implantable defibrillator  device (physical object),(01)28917402119533(11)140624(17)390709(10)571912(21)3273
2003-06-09T11:21:23Z,,f2a37602-9a34-697c-eacf-01e0614a62fd,66affbcd-76f9-59b9-5723-d97a0a1ef710,72506001,Implantable defibrillator  device (physical object),(01)21614776525308(11)030519(17)280602(10)524250461634118533(21)1312961672069
1993-09-16T18:32:30Z,,9b547cc6-0a14-87f1-11cb-6d4f78e6f195,6ef9d98b-f4f4-3df5-fd35-7c827284d0ea,72506001,Implantable defibrillator  device (physical object),(01)38832012649276(11)930826(17)180910(10)24174809977102726(21)758276668
