START,STOP,PATIENT,PAYER,ENCOUNTER,CODE,DESCRIPTION,BASE_COST,PAYER_COVERAGE,DISPENSES,TOTALCOST,REASONCODE,REASONDESCRIPTION
2014-07-18T23:13:42Z,2015-03-03T23:13:42Z,e36a34f7-6d5d-73c7-f7bd-374ea75cd72b,5059a55e-5d6e-34d1-b6cb-d83d16e57bcf,c5158255-687a-50c0-e87a-c91c0307569f,197591,Diazepam 5 MG Oral Tablet,1503.56,0.00,7,10524.92,,
2016-01-18T21:48:30Z,2016-08-31T21:48:30Z,e36a34f7-6d5d-73c7-f7bd-374ea75cd72b,5059a55e-5d6e-34d1-b6cb-d83d16e57bcf,a2017475-b222-ef8f-f171-182603b4ca8b,308971,Carbamazepine[Tegretol],38.70,0.00,7,270.90,,
2020-02-12T13:58:51Z,2020-02-12T14:13:51Z,76873105-0588-efc0-515a-e64dae892615,b1c428d6-4f07-31e0-90f0-68ffa6ff8c76,23122ace-8a60-8f44-2e0a-7b3aa9e5aa4b,309362,Clopidogrel 75 MG Oral Tablet,74.68,0.00,1,74.68,,
2020-02-12T13:58:51Z,2020-02-12T14:13:51Z,76873105-0588-efc0-515a-e64dae892615,b1c428d6-4f07-31e0-90f0-68ffa6ff8c76,23122ace-8a60-8f44-2e0a-7b3aa9e5aa4b,1804799,Alteplase 100 MG Injection,6414.37,0.00,1,6414.37,,
1974-09-27T22:22:28Z,,82ae611b-8c8c-d48d-9d30-d8267497b265,6e2f1a2d-27bd-3701-8d08-dae202c58632,afc7e684-aa7c-e7da-dd17-e383d1a70771,308971,Carbamazepine[Tegretol],273.94,0.00,565,154776.10,,
2018-10-18T18:21:19Z,,e577f016-1063-6699-c77d-7cac94becf30,d47b3510-2895-3b70-9897-342d681c769d,7af9babc-d26b-c26f-eb5f-8f346b77c239,309362,Clopidogrel 75 MG Oral Tablet,19.62,0.00,28,549.36,,
2018-10-18T18:21:19Z,,e577f016-1063-6699-c77d-7cac94becf30,d47b3510-2895-3b70-9897-342d681c769d,7af9babc-d26b-c26f-eb5f-8f346b77c239,312961,Simvastatin 20 MG Oral Tablet,13.92,0.00,28,389.76,,
2018-10-18T18:21:19Z,,e577f016-1063-6699-c77d-7cac94becf30,d47b3510-2895-3b70-9897-342d681c769d,7af9babc-d26b-c26f-eb5f-8f346b77c239,197361,Amlodipine 5 MG Oral Tablet,43.82,0.00,28,1226.96,,
2018-10-18T18:21:19Z,,e577f016-1063-6699-c77d-7cac94becf30,d47b3510-2895-3b70-9897-342d681c769d,7af9babc-d26b-c26f-eb5f-8f346b77c239,705129,Nitroglycerin 0.4 MG/ACTUAT Mucosal Spray,45.61,0.00,28,1277.08,,
2009-04-20T02:45:26Z,,dbed1f32-331d-c8a1-bbdd-6cddf4c092e4,5059a55e-5d6e-34d1-b6cb-d83d16e57bcf,83310ccb-875d-b13f-0683-0ce2bca805f4,309362,Clopidogrel 75 MG Oral Tablet,26.30,0.00,144,3787.20,,
2009-04-20T02:45:26Z,,dbed1f32-331d-c8a1-bbdd-6cddf4c092e4,5059a55e-5d6e-34d1-b6cb-d83d16e57bcf,83310ccb-875d-b13f-0683-0ce2bca805f4,312961,Simvastatin 20 MG Oral Tablet,18.48,0.00,144,2661.12,,
2009-04-20T02:45:26Z,,dbed1f32-331d-c8a1-bbdd-6cddf4c092e4,5059a55e-5d6e-34d1-b6cb-d83d16e57bcf,83310ccb-875d-b13f-0683-0ce2bca805f4,197361,Amlodipine 5 MG Oral Tablet,76.03,0.00,144,10948.32,,
2009-04-20T02:45:26Z,,dbed1f32-331d-c8a1-bbdd-6cddf4c092e4,5059a55e-5d6e-34d1-b6cb-d83d16e57bcf,83310ccb-875d-b13f-0683-0ce2bca805f4,705129,Nitroglycerin 0.4 MG/ACTUAT Mucosal Spray,58.78,0.00,144,8464.32,,
2021-02-10T18:37:53Z,,ac9b6211-b63c-9ed1-ce12-2684a0d470ea,b1c428d6-4f07-31e0-90f0-68ffa6ff8c76,95d115be-9cf9-723b-4c26-89e9f48abb87,308971,Carbamazepine[Tegretol],211.82,0.00,1,211.82,,
2011-07-13T22:47:49Z,2011-07-13T23:02:49Z,5ccd03bf-c8bc-08a7-f097-5644c86b930d,7caa7254-5050-3b5e-9eae-bd5ea30e809c,97c25fdb-31ad-2d2a-79db-7a0b4fa74199,309362,Clopidogrel 75 MG Oral Tablet,63.89,23.89,1,63.89,,
2011-07-13T22:47:49Z,2011-07-13T23:02:49Z,5ccd03bf-c8bc-08a7-f097-5644c86b930d,7caa7254-5050-3b5e-9eae-bd5ea30e809c,97c25fdb-31ad-2d2a-79db-7a0b4fa74199,1804799,Alteplase 100 MG Injection,6569.39,6529.39,1,6569.39,,
2008-05-10T08:51:47Z,,01350c81-51b5-8a12-dbc8-9708dc5ccd6f,7caa7254-5050-3b5e-9eae-bd5ea30e809c,1afb2994-aa4a-1a51-922b-9c32d7f9d07e,855332,Warfarin Sodium 5 MG Oral Tablet,32.38,0.00,156,5051.28,,
2008-05-10T08:51:47Z,,01350c81-51b5-8a12-dbc8-9708dc5ccd6f,7caa7254-5050-3b5e-9eae-bd5ea30e809c,1afb2994-aa4a-1a51-922b-9c32d7f9d07e,897718,Verapamil Hydrochloride 40 MG,187.64,0.00,156,29271.84,,
2008-05-10T08:51:47Z,,01350c81-51b5-8a12-dbc8-9708dc5ccd6f,7caa7254-5050-3b5e-9eae-bd5ea30e809c,1afb2994-aa4a-1a51-922b-9c32d7f9d07e,197604,Digoxin 0.125 MG Oral Tablet,32.19,0.00,156,5021.64,,
2009-01-15T11:15:44Z,2009-01-15T11:30:44Z,6ffb2bf7-f9dc-e603-50bc-d8e2afd224bb,b1c428d6-4f07-31e0-90f0-68ffa6ff8c76,940bc4c3-837e-bdbb-1518-8a5fd7020a1e,309362,Clopidogrel 75 MG Oral Tablet,34.20,0.00,1,34.20,,
2009-01-15T11:15:44Z,2009-01-15T11:30:44Z,6ffb2bf7-f9dc-e603-50bc-d8e2afd224bb,b1c428d6-4f07-31e0-90f0-68ffa6ff8c76,940bc4c3-837e-bdbb-1518-8a5fd7020a1e,1804799,Alteplase 100 MG Injection,6344.98,0.00,1,6344.98,,
1988-06-26T04:02:47Z,,fd2219d4-4082-1f9e-fc08-c63a5fda91c4,5059a55e-5d6e-34d1-b6cb-d83d16e57bcf,fe2f46d3-9236-d987-bc39-900b7b4e1508,308971,Carbamazepine[Tegretol],44.44,0.00,12,533.28,,
2013-06-06T11:29:50Z,,076f7cce-f0f0-8f1a-14e8-971b5f548f75,7caa7254-5050-3b5e-9eae-bd5ea30e809c,1998f478-24bd-d506-9ee0-dac8973a4ae7,855332,Warfarin Sodium 5 MG Oral Tablet,75.43,0.00,94,7090.42,,
2013-06-06T11:29:50Z,,076f7cce-f0f0-8f1a-14e8-971b5f548f75,7caa7254-5050-3b5e-9eae-bd5ea30e809c,1998f478-24bd-d506-9ee0-dac8973a4ae7,897718,Verapamil Hydrochloride 40 MG,63.64,0.00,94,5982.16,,
2013-06-06T11:29:50Z,,076f7cce-f0f0-8f1a-14e8-971b5f548f75,7caa7254-5050-3b5e-9eae-bd5ea30e809c,1998f478-24bd-d506-9ee0-dac8973a4ae7,197604,Digoxin 0.125 MG Oral Tablet,93.78,0.00,94,8815.32,,
1947-11-24T17:12:30Z,,53029c4e-49f9-e0e8-2310-1be5c067bf79,b1c428d6-4f07-31e0-90f0-68ffa6ff8c76,f09a29bb-090e-2d29-d626-c19ed673191e,308971,Carbamazepine[Tegretol],227.85,0.00,892,203242.20,,
2009-02-01T20:34:08Z,2009-02-01T20:49:08Z,909a374e-99e9-9f12-d5ec-ab64e013a394,6e2f1a2d-27bd-3701-8d08-dae202c58632,e8af8e5c-a57e-4e2d-a81c-4405193db1a3,309362,Clopidogrel 75 MG Oral Tablet,134.89,59.89,1,134.89,,
2009-02-01T20:34:08Z,2009-02-01T20:49:08Z,909a374e-99e9-9f12-d5ec-ab64e013a394,6e2f1a2d-27bd-3701-8d08-dae202c58632,e8af8e5c-a57e-4e2d-a81c-4405193db1a3,1804799,Alteplase 100 MG Injection,6629.90,6554.90,1,6629.90,,
1973-10-09T20:37:38Z,,6221893f-7632-7770-da8d-f93391b6490f,6e2f1a2d-27bd-3701-8d08-dae202c58632,301f4f60-95c4-2cfb-463f-e1931fd2fef1,855332,Warfarin Sodium 5 MG Oral Tablet,34.86,0.00,577,20114.22,,
1973-10-09T20:37:38Z,,6221893f-7632-7770-da8d-f93391b6490f,6e2f1a2d-27bd-3701-8d08-dae202c58632,301f4f60-95c4-2cfb-463f-e1931fd2fef1,197604,Digoxin 0.125 MG Oral Tablet,48.94,0.00,577,28238.38,,
1981-11-24T20:37:38Z,,6221893f-7632-7770-da8d-f93391b6490f,6e2f1a2d-27bd-3701-8d08-dae202c58632,b10b4a8f-bac3-060a-3cb0-9286fdb7f24a,897718,Verapamil Hydrochloride 40 MG,168.48,0.00,478,80533.44,,
2014-08-20T15:21:37Z,2015-01-05T15:21:37Z,856b3c1a-0834-86ae-bb3e-2d140a9118b6,5059a55e-5d6e-34d1-b6cb-d83d16e57bcf,c0bc78d5-59fd-1355-8f8f-08e64bc22885,204892,clonazePAM 0.25 MG Oral Tablet,262.39,0.00,4,1049.56,,
2015-06-16T12:50:52Z,,856b3c1a-0834-86ae-bb3e-2d140a9118b6,5059a55e-5d6e-34d1-b6cb-d83d16e57bcf,2d21f41e-253d-dc87-ab79-123e5d79b98d,308971,Carbamazepine[Tegretol],511.68,0.00,15,7675.20,,
2015-11-04T07:51:12Z,2015-11-04T08:06:12Z,96743887-346d-1da9-6484-1e824a3c9acf,7caa7254-5050-3b5e-9eae-bd5ea30e809c,fc2a3903-6fad-6f47-7450-65350eb9ac24,309362,Clopidogrel 75 MG Oral Tablet,47.01,7.01,1,47.01,,
2015-11-04T07:51:12Z,2015-11-04T08:06:12Z,96743887-346d-1da9-6484-1e824a3c9acf,7caa7254-5050-3b5e-9eae-bd5ea30e809c,fc2a3903-6fad-6f47-7450-65350eb9ac24,1804799,Alteplase 100 MG Injection,6458.24,6418.24,1,6458.24,,
2018-10-12T08:31:18Z,,d7a86ebb-d5a4-1b0e-da7f-057e6351bcf1,7c4411ce-02f1-39b5-b9ec-dfbea9ad3c1a,7f4a2cae-2993-5010-6ca3-a4ffbdf9316e,309362,Clopidogrel 75 MG Oral Tablet,107.87,0.00,29,3128.23,,
2018-10-12T08:31:18Z,,d7a86ebb-d5a4-1b0e-da7f-057e6351bcf1,7c4411ce-02f1-39b5-b9ec-dfbea9ad3c1a,7f4a2cae-2993-5010-6ca3-a4ffbdf9316e,312961,Simvastatin 20 MG Oral Tablet,48.08,0.00,29,1394.32,,
2018-10-12T08:31:18Z,,d7a86ebb-d5a4-1b0e-da7f-057e6351bcf1,7c4411ce-02f1-39b5-b9ec-dfbea9ad3c1a,7f4a2cae-2993-5010-6ca3-a4ffbdf9316e,197361,Amlodipine 5 MG Oral Tablet,34.86,0.00,29,1010.94,,
2018-10-12T08:31:18Z,,d7a86ebb-d5a4-1b0e-da7f-057e6351bcf1,7c4411ce-02f1-39b5-b9ec-dfbea9ad3c1a,7f4a2cae-2993-5010-6ca3-a4ffbdf9316e,705129,Nitroglycerin 0.4 MG/ACTUAT Mucosal Spray,151.55,0.00,29,4394.95,,
2008-04-17T18:17:07Z,,cdab36a9-bbff-daf7-45a6-0c26a1318977,b1c428d6-4f07-31e0-90f0-68ffa6ff8c76,351e9158-c11d-615a-53ce-d103ba11cf8e,855332,Warfarin Sodium 5 MG Oral Tablet,19.92,0.00,156,3107.52,,
2008-04-17T18:17:07Z,,cdab36a9-bbff-daf7-45a6-0c26a1318977,b1c428d6-4f07-31e0-90f0-68ffa6ff8c76,351e9158-c11d-615a-53ce-d103ba11cf8e,897718,Verapamil Hydrochloride 40 MG,21.46,0.00,156,3347.76,,
2008-04-17T18:17:07Z,,cdab36a9-bbff-daf7-45a6-0c26a1318977,b1c428d6-4f07-31e0-90f0-68ffa6ff8c76,351e9158-c11d-615a-53ce-d103ba11cf8e,197604,Digoxin 0.125 MG Oral Tablet,46.94,0.00,156,7322.64,,
2010-08-19T18:17:07Z,2010-08-19T18:32:07Z,cdab36a9-bbff-daf7-45a6-0c26a1318977,b1c428d6-4f07-31e0-90f0-68ffa6ff8c76,cfe2ce26-6f18-21a7-e29e-443519d4ab59,705129,Nitroglycerin 0.4 MG/ACTUAT Mucosal Spray,204.50,0.00,1,204.50,,
2010-08-19T18:17:07Z,2010-08-19T18:32:07Z,cdab36a9-bbff-daf7-45a6-0c26a1318977,b1c428d6-4f07-31e0-90f0-68ffa6ff8c76,cfe2ce26-6f18-21a7-e29e-443519d4ab59,309362,Clopidogrel 75 MG Oral Tablet,55.11,0.00,1,55.11,,
2011-05-05T18:17:07Z,,cdab36a9-bbff-daf7-45a6-0c26a1318977,b1c428d6-4f07-31e0-90f0-68ffa6ff8c76,bb13e5dc-8abf-31ed-6695-63da00e66974,309362,Clopidogrel 75 MG Oral Tablet,40.48,0.00,119,4817.12,,
2011-05-05T18:17:07Z,,cdab36a9-bbff-daf7-45a6-0c26a1318977,b1c428d6-4f07-31e0-90f0-68ffa6ff8c76,bb13e5dc-8abf-31ed-6695-63da00e66974,312961,Simvastatin 20 MG Oral Tablet,11.69,0.00,119,1391.11,,
2011-05-05T18:17:07Z,,cdab36a9-bbff-daf7-45a6-0c26a1318977,b1c428d6-4f07-31e0-90f0-68ffa6ff8c76,bb13e5dc-8abf-31ed-6695-63da00e66974,197361,Amlodipine 5 MG Oral Tablet,10.75,0.00,119,1279.25,,
2011-05-05T18:17:07Z,,cdab36a9-bbff-daf7-45a6-0c26a1318977,b1c428d6-4f07-31e0-90f0-68ffa6ff8c76,bb13e5dc-8abf-31ed-6695-63da00e66974,705129,Nitroglycerin 0.4 MG/ACTUAT Mucosal Spray,130.99,0.00,119,15587.81,,
2010-01-15T06:58:45Z,,ae25ad8a-2ded-3da2-c31b-02022fd7532a,6e2f1a2d-27bd-3701-8d08-dae202c58632,41df9abc-1caa-0865-41a4-5a270a367561,309362,Clopidogrel 75 MG Oral Tablet,16.81,0.00,135,2269.35,,
2010-01-15T06:58:45Z,,ae25ad8a-2ded-3da2-c31b-02022fd7532a,6e2f1a2d-27bd-3701-8d08-dae202c58632,41df9abc-1caa-0865-41a4-5a270a367561,312961,Simvastatin 20 MG Oral Tablet,7.74,0.00,135,1044.90,,
2010-01-15T06:58:45Z,,ae25ad8a-2ded-3da2-c31b-02022fd7532a,6e2f1a2d-27bd-3701-8d08-dae202c58632,41df9abc-1caa-0865-41a4-5a270a367561,197361,Amlodipine 5 MG Oral Tablet,42.52,0.00,135,5740.20,,
2010-01-15T06:58:45Z,,ae25ad8a-2ded-3da2-c31b-02022fd7532a,6e2f1a2d-27bd-3701-8d08-dae202c58632,41df9abc-1caa-0865-41a4-5a270a367561,705129,Nitroglycerin 0.4 MG/ACTUAT Mucosal Spray,46.43,0.00,135,6268.05,,
1978-05-07T19:29:33Z,,797d91ba-cb24-4593-786c-758fe6bae1d7,d47b3510-2895-3b70-9897-342d681c769d,d5d90b09-9b93-dcda-cb53-e86058b726ac,705129,Nitroglycerin 0.4 MG/ACTUAT Mucosal Spray,177.54,0.00,521,92498.34,,
1991-07-21T19:29:33Z,,797d91ba-cb24-4593-786c-758fe6bae1d7,d47b3510-2895-3b70-9897-342d681c769d,269626fe-d5e4-eb63-524c-f0a094c4623a,312961,Simvastatin 20 MG Oral Tablet,8.34,0.00,360,3002.40,,
1994-08-07T19:29:33Z,,797d91ba-cb24-4593-786c-758fe6bae1d7,d47b3510-2895-3b70-9897-342d681c769d,0e2c0f04-dbff-262a-b54c-a6a0ecbeafb9,197361,Amlodipine 5 MG Oral Tablet,29.03,0.00,323,9376.69,,
1997-08-24T19:29:33Z,2012-01-01T19:44:33Z,797d91ba-cb24-4593-786c-758fe6bae1d7,d47b3510-2895-3b70-9897-342d681c769d,69cec429-75b1-57c4-e77f-8bc8d0e06c12,309362,Clopidogrel 75 MG Oral Tablet,33.29,0.00,174,5792.46,,
2012-01-01T19:29:33Z,2012-01-01T19:44:33Z,797d91ba-cb24-4593-786c-758fe6bae1d7,7caa7254-5050-3b5e-9eae-bd5ea30e809c,3d5a970c-c1f7-6fa2-b419-d009c4288547,1804799,Alteplase 100 MG Injection,6665.24,6625.24,1,6665.24,,
2012-11-18T19:29:33Z,,797d91ba-cb24-4593-786c-758fe6bae1d7,7caa7254-5050-3b5e-9eae-bd5ea30e809c,db7d9c98-77f2-2a2b-fba2-3f56fe1dade0,309362,Clopidogrel 75 MG Oral Tablet,48.68,0.00,101,4916.68,,
2013-11-03T04:20:27Z,2013-11-03T04:35:27Z,7a9e0b43-fc09-94d6-efdb-092c16df8948,b1c428d6-4f07-31e0-90f0-68ffa6ff8c76,bdb32a5a-56db-e6d9-f4a2-62aaf960af87,309362,Clopidogrel 75 MG Oral Tablet,34.30,0.00,1,34.30,,
2013-11-03T04:20:27Z,2013-11-03T04:35:27Z,7a9e0b43-fc09-94d6-efdb-092c16df8948,b1c428d6-4f07-31e0-90f0-68ffa6ff8c76,bdb32a5a-56db-e6d9-f4a2-62aaf960af87,1804799,Alteplase 100 MG Injection,6968.66,0.00,1,6968.66,,
2014-06-24T05:36:07Z,,33b4e987-5d21-fda0-a34c-35c6d2f3b731,b3221cfc-24fb-339e-823d-bc4136cbc4ed,86857bc0-8719-2a93-edaa-46b3f6de35c5,855332,Warfarin Sodium 5 MG Oral Tablet,30.98,0.00,81,2509.38,,
2014-06-24T05:36:07Z,,33b4e987-5d21-fda0-a34c-35c6d2f3b731,b3221cfc-24fb-339e-823d-bc4136cbc4ed,86857bc0-8719-2a93-edaa-46b3f6de35c5,897718,Verapamil Hydrochloride 40 MG,55.95,0.00,81,4531.95,,
2014-06-24T05:36:07Z,,33b4e987-5d21-fda0-a34c-35c6d2f3b731,b3221cfc-24fb-339e-823d-bc4136cbc4ed,86857bc0-8719-2a93-edaa-46b3f6de35c5,197604,Digoxin 0.125 MG Oral Tablet,45.73,0.00,81,3704.13,,
2014-01-31T20:40:05Z,2014-01-31T20:55:05Z,4e61dd56-7f7e-3d46-ab1c-a05f093a8590,5059a55e-5d6e-34d1-b6cb-d83d16e57bcf,caa91e8a-4ef6-c81d-052c-8a50fce44010,1660014,1 ML Epinephrine 1 MG/ML Injection,4.15,0.00,1,4.15,,
2014-01-31T20:40:05Z,2014-01-31T20:55:05Z,4e61dd56-7f7e-3d46-ab1c-a05f093a8590,5059a55e-5d6e-34d1-b6cb-d83d16e57bcf,caa91e8a-4ef6-c81d-052c-8a50fce44010,834357,3 ML Amiodarone hydrocholoride 50 MG/ML Prefilled Syringe,121.02,0.00,1,121.02,,
2014-01-31T20:40:05Z,2014-01-31T20:55:05Z,4e61dd56-7f7e-3d46-ab1c-a05f093a8590,5059a55e-5d6e-34d1-b6cb-d83d16e57bcf,caa91e8a-4ef6-c81d-052c-8a50fce44010,1190795,Atropine Sulfate 1 MG/ML Injectable Solution,29.52,0.00,1,29.52,,
1991-06-24T16:07:39Z,,2c3a9e75-f816-bba8-b013-4fc2749535bc,6e2f1a2d-27bd-3701-8d08-dae202c58632,925b8b0e-8aee-4e08-7401-fd7354f59c15,312961,Simvastatin 20 MG Oral Tablet,11.05,0.00,76,839.80,,
1991-06-24T16:07:39Z,1997-09-29T16:22:39Z,2c3a9e75-f816-bba8-b013-4fc2749535bc,6e2f1a2d-27bd-3701-8d08-dae202c58632,925b8b0e-8aee-4e08-7401-fd7354f59c15,705129,Nitroglycerin 0.4 MG/ACTUAT Mucosal Spray,76.39,1.39,76,5805.64,,
1994-07-11T16:07:39Z,,2c3a9e75-f816-bba8-b013-4fc2749535bc,6e2f1a2d-27bd-3701-8d08-dae202c58632,9a3ada40-b3e5-97f8-ae84-ba4190f929eb,197361,Amlodipine 5 MG Oral Tablet,28.13,0.00,39,1097.07,,
1997-07-28T16:07:39Z,1997-09-29T16:22:39Z,2c3a9e75-f816-bba8-b013-4fc2749535bc,6e2f1a2d-27bd-3701-8d08-dae202c58632,18208bef-d2f8-8f7e-7b67-0420ad4e934e,309362,Clopidogrel 75 MG Oral Tablet,20.33,0.00,2,40.66,,
1997-09-29T16:07:39Z,1997-09-29T16:22:39Z,2c3a9e75-f816-bba8-b013-4fc2749535bc,6e2f1a2d-27bd-3701-8d08-dae202c58632,cfed42ef-c185-8144-7801-2f2a4222e524,259255,Atorvastatin 80 MG Oral Tablet,381.12,306.12,1,381.12,,
1997-09-29T16:07:39Z,1997-09-29T16:22:39Z,2c3a9e75-f816-bba8-b013-4fc2749535bc,6e2f1a2d-27bd-3701-8d08-dae202c58632,cfed42ef-c185-8144-7801-2f2a4222e524,833036,Captopril 25 MG Oral Tablet,63.50,0.00,1,63.50,,
2018-02-02T17:20:30Z,,192c2a7d-6c54-9531-ed55-3b61bc4f5081,d47b3510-2895-3b70-9897-342d681c769d,7196407b-fc31-0144-f88e-b60ee15bd20c,309362,Clopidogrel 75 MG Oral Tablet,43.01,0.00,37,1591.37,,
2018-02-02T17:20:30Z,,192c2a7d-6c54-9531-ed55-3b61bc4f5081,d47b3510-2895-3b70-9897-342d681c769d,7196407b-fc31-0144-f88e-b60ee15bd20c,312961,Simvastatin 20 MG Oral Tablet,17.07,0.00,37,631.59,,
2018-02-02T17:20:30Z,,192c2a7d-6c54-9531-ed55-3b61bc4f5081,d47b3510-2895-3b70-9897-342d681c769d,7196407b-fc31-0144-f88e-b60ee15bd20c,197361,Amlodipine 5 MG Oral Tablet,71.60,0.00,37,2649.20,,
2018-02-02T17:20:30Z,,192c2a7d-6c54-9531-ed55-3b61bc4f5081,d47b3510-2895-3b70-9897-342d681c769d,7196407b-fc31-0144-f88e-b60ee15bd20c,705129,Nitroglycerin 0.4 MG/ACTUAT Mucosal Spray,125.63,0.00,37,4648.31,,
2006-08-30T21:50:03Z,,74ad0728-1097-fbc3-a586-0092dfdb239d,4d71f845-a6a9-3c39-b242-14d25ef86a8d,35c38407-ed2b-6275-514a-943b7bb5f7f8,309362,Clopidogrel 75 MG Oral Tablet,93.26,0.00,176,16413.76,,
2006-08-30T21:50:03Z,,74ad0728-1097-fbc3-a586-0092dfdb239d,4d71f845-a6a9-3c39-b242-14d25ef86a8d,35c38407-ed2b-6275-514a-943b7bb5f7f8,312961,Simvastatin 20 MG Oral Tablet,24.06,0.00,176,4234.56,,
2006-08-30T21:50:03Z,,74ad0728-1097-fbc3-a586-0092dfdb239d,4d71f845-a6a9-3c39-b242-14d25ef86a8d,35c38407-ed2b-6275-514a-943b7bb5f7f8,197361,Amlodipine 5 MG Oral Tablet,52.36,0.00,176,9215.36,,
2006-08-30T21:50:03Z,,74ad0728-1097-fbc3-a586-0092dfdb239d,4d71f845-a6a9-3c39-b242-14d25ef86a8d,35c38407-ed2b-6275-514a-943b7bb5f7f8,705129,Nitroglycerin 0.4 MG/ACTUAT Mucosal Spray,383.39,0.00,176,67476.64,,
1998-05-09T14:35:59Z,,f282eb56-b8a5-8ef8-a308-8176e9465140,b1c428d6-4f07-31e0-90f0-68ffa6ff8c76,e77459a6-86dd-cbdf-db3b-0e3f0cbf45de,309362,Clopidogrel 75 MG Oral Tablet,98.63,0.00,277,27320.51,,
1998-05-09T14:35:59Z,,f282eb56-b8a5-8ef8-a308-8176e9465140,b1c428d6-4f07-31e0-90f0-68ffa6ff8c76,e77459a6-86dd-cbdf-db3b-0e3f0cbf45de,312961,Simvastatin 20 MG Oral Tablet,38.11,0.00,277,10556.47,,
1998-05-09T14:35:59Z,,f282eb56-b8a5-8ef8-a308-8176e9465140,b1c428d6-4f07-31e0-90f0-68ffa6ff8c76,e77459a6-86dd-cbdf-db3b-0e3f0cbf45de,197361,Amlodipine 5 MG Oral Tablet,26.68,0.00,277,7390.36,,
1998-05-09T14:35:59Z,,f282eb56-b8a5-8ef8-a308-8176e9465140,b1c428d6-4f07-31e0-90f0-68ffa6ff8c76,e77459a6-86dd-cbdf-db3b-0e3f0cbf45de,705129,Nitroglycerin 0.4 MG/ACTUAT Mucosal Spray,86.49,0.00,277,23957.73,,
2006-11-09T13:40:54Z,,d104a61e-c0aa-6e3a-f1f1-e538760c9cac,7caa7254-5050-3b5e-9eae-bd5ea30e809c,d4ef3596-ea31-b47c-92a5-2fa8a63fe53d,855332,Warfarin Sodium 5 MG Oral Tablet,84.51,0.00,174,14704.74,,
2006-11-09T13:40:54Z,,d104a61e-c0aa-6e3a-f1f1-e538760c9cac,7caa7254-5050-3b5e-9eae-bd5ea30e809c,d4ef3596-ea31-b47c-92a5-2fa8a63fe53d,897718,Verapamil Hydrochloride 40 MG,28.81,0.00,174,5012.94,,
2006-11-09T13:40:54Z,,d104a61e-c0aa-6e3a-f1f1-e538760c9cac,7caa7254-5050-3b5e-9eae-bd5ea30e809c,d4ef3596-ea31-b47c-92a5-2fa8a63fe53d,197604,Digoxin 0.125 MG Oral Tablet,56.70,0.00,174,9865.80,,
1951-09-23T21:18:44Z,1954-03-14T21:33:44Z,31744229-95be-297d-8faf-04f1704c29f1,5059a55e-5d6e-34d1-b6cb-d83d16e57bcf,0bc1a31e-3401-8f8b-cc7e-cdfcc599253f,705129,Nitroglycerin 0.4 MG/ACTUAT Mucosal Spray,259.20,0.00,30,7776.00,,
2012-02-21T05:39:57Z,2012-02-21T05:54:57Z,c9b7df2e-804a-779a-33f7-de98799627c3,b1c428d6-4f07-31e0-90f0-68ffa6ff8c76,33f3427f-5269-7816-a2ba-2045a3d91c02,309362,Clopidogrel 75 MG Oral Tablet,108.73,0.00,1,108.73,,
2012-02-21T05:39:57Z,2012-02-21T05:54:57Z,c9b7df2e-804a-779a-33f7-de98799627c3,b1c428d6-4f07-31e0-90f0-68ffa6ff8c76,33f3427f-5269-7816-a2ba-2045a3d91c02,1804799,Alteplase 100 MG Injection,6386.46,0.00,1,6386.46,,
2017-10-14T12:22:58Z,2017-10-14T12:37:58Z,bc1a9290-76ef-efe4-a60b-4f379552a772,b3221cfc-24fb-339e-823d-bc4136cbc4ed,844a3401-e537-8fc8-e3b6-61fb925ef49e,309362,Clopidogrel 75 MG Oral Tablet,21.66,0.00,1,21.66,,
2017-10-14T12:22:58Z,2017-10-14T12:37:58Z,bc1a9290-76ef-efe4-a60b-4f379552a772,b3221cfc-24fb-339e-823d-bc4136cbc4ed,844a3401-e537-8fc8-e3b6-61fb925ef49e,1804799,Alteplase 100 MG Injection,6605.14,6505.14,1,6605.14,,
2013-05-16T11:23:46Z,,f853d71c-be96-6608-e62f-0446fb627cf3,7c4411ce-02f1-39b5-b9ec-dfbea9ad3c1a,9d2cd28e-4dbc-3802-02c0-44e5897a94cf,309362,Clopidogrel 75 MG Oral Tablet,119.72,0.00,94,11253.68,,
2013-05-16T11:23:46Z,,f853d71c-be96-6608-e62f-0446fb627cf3,7c4411ce-02f1-39b5-b9ec-dfbea9ad3c1a,9d2cd28e-4dbc-3802-02c0-44e5897a94cf,312961,Simvastatin 20 MG Oral Tablet,52.92,0.00,94,4974.48,,
2013-05-16T11:23:46Z,,f853d71c-be96-6608-e62f-0446fb627cf3,7c4411ce-02f1-39b5-b9ec-dfbea9ad3c1a,9d2cd28e-4dbc-3802-02c0-44e5897a94cf,197361,Amlodipine 5 MG Oral Tablet,43.39,0.00,94,4078.66,,
2013-05-16T11:23:46Z,,f853d71c-be96-6608-e62f-0446fb627cf3,7c4411ce-02f1-39b5-b9ec-dfbea9ad3c1a,9d2cd28e-4dbc-3802-02c0-44e5897a94cf,705129,Nitroglycerin 0.4 MG/ACTUAT Mucosal Spray,67.76,0.00,94,6369.44,,
1940-05-02T12:06:51Z,1940-08-28T12:06:51Z,fb7bf63a-d153-ce57-03ce-ca3e0b91c1c2,5059a55e-5d6e-34d1-b6cb-d83d16e57bcf,5d02ce69-946d-5c3c-f1bb-b122c706b00c,204892,clonazePAM 0.25 MG Oral Tablet,353.21,0.00,3,1059.63,,
1940-08-28T12:06:51Z,1941-09-02T11:06:39Z,fb7bf63a-d153-ce57-03ce-ca3e0b91c1c2,5059a55e-5d6e-34d1-b6cb-d83d16e57bcf,3121a76b-954b-af28-e8cb-aebbaf4ff967,308971,Carbamazepine[Tegretol],258.24,0.00,12,3098.88,,
1940-09-30T13:44:46Z,1941-01-25T13:44:46Z,fb7bf63a-d153-ce57-03ce-ca3e0b91c1c2,5059a55e-5d6e-34d1-b6cb-d83d16e57bcf,db724935-527b-ce56-3310-855b7ccee538,204892,clonazePAM 0.25 MG Oral Tablet,452.15,0.00,3,1356.45,,
1941-11-28T11:06:39Z,1942-05-26T11:06:39Z,fb7bf63a-d153-ce57-03ce-ca3e0b91c1c2,5059a55e-5d6e-34d1-b6cb-d83d16e57bcf,c2cc5a48-e11a-159d-1546-a668e27d82fe,197591,Diazepam 5 MG Oral Tablet,67.96,0.00,5,339.80,,
1942-05-26T11:06:39Z,,fb7bf63a-d153-ce57-03ce-ca3e0b91c1c2,5059a55e-5d6e-34d1-b6cb-d83d16e57bcf,4955d656-92d2-78aa-5bf3-2103c16d1976,204892,clonazePAM 0.25 MG Oral Tablet,234.57,0.00,13,3049.41,,
2020-09-11T11:06:39Z,2020-09-11T11:21:39Z,b379f243-b73b-0a9f-691a-24a6219354c3,7caa7254-5050-3b5e-9eae-bd5ea30e809c,ae7c9f05-7fca-c1d7-fb5c-6f5f489bba74,309362,Clopidogrel 75 MG Oral Tablet,36.60,0.00,1,36.60,,
2020-09-11T11:06:39Z,2020-09-11T11:21:39Z,b379f243-b73b-0a9f-691a-24a6219354c3,7caa7254-5050-3b5e-9eae-bd5ea30e809c,ae7c9f05-7fca-c1d7-fb5c-6f5f489bba74,1804799,Alteplase 100 MG Injection,6606.14,6566.14,1,6606.14,,
1983-06-25T10:07:01Z,,2d4c9465-a576-e318-9f49-5122b4b3defd,d47b3510-2895-3b70-9897-342d681c769d,5578cdb1-8575-ecd9-7f52-c04427656187,705129,Nitroglycerin 0.4 MG/ACTUAT Mucosal Spray,109.41,0.00,30,3282.30,,
1985-12-14T10:07:01Z,1985-12-14T10:22:01Z,2d4c9465-a576-e318-9f49-5122b4b3defd,d47b3510-2895-3b70-9897-342d681c769d,7195c14d-fa27-7142-55a3-86d818ee9c0e,1660014,1 ML Epinephrine 1 MG/ML Injection,1.84,0.00,1,1.84,,
1985-12-14T10:07:01Z,1985-12-14T10:22:01Z,2d4c9465-a576-e318-9f49-5122b4b3defd,d47b3510-2895-3b70-9897-342d681c769d,7195c14d-fa27-7142-55a3-86d818ee9c0e,834357,3 ML Amiodarone hydrocholoride 50 MG/ML Prefilled Syringe,74.10,0.00,1,74.10,,
1985-12-14T10:07:01Z,1985-12-14T10:22:01Z,2d4c9465-a576-e318-9f49-5122b4b3defd,d47b3510-2895-3b70-9897-342d681c769d,7195c14d-fa27-7142-55a3-86d818ee9c0e,1190795,Atropine Sulfate 1 MG/ML Injectable Solution,11.30,0.00,1,11.30,,
2015-07-16T16:41:30Z,,55ded8dc-fa73-4d9e-5ed6-c288d8704ff1,7caa7254-5050-3b5e-9eae-bd5ea30e809c,02ec6592-c70f-5c4e-783d-fbfda3e9aa7d,855332,Warfarin Sodium 5 MG Oral Tablet,158.79,0.00,68,10797.72,,
2015-07-16T16:41:30Z,,55ded8dc-fa73-4d9e-5ed6-c288d8704ff1,7caa7254-5050-3b5e-9eae-bd5ea30e809c,02ec6592-c70f-5c4e-783d-fbfda3e9aa7d,897718,Verapamil Hydrochloride 40 MG,190.58,0.00,68,12959.44,,
2015-07-16T16:41:30Z,,55ded8dc-fa73-4d9e-5ed6-c288d8704ff1,7caa7254-5050-3b5e-9eae-bd5ea30e809c,02ec6592-c70f-5c4e-783d-fbfda3e9aa7d,197604,Digoxin 0.125 MG Oral Tablet,103.77,0.00,68,7056.36,,
1988-07-27T14:34:40Z,2020-06-17T14:49:40Z,096ef4b4-c6ff-2e41-541b-09039d52ac43,047f6ec3-6215-35eb-9608-f9dda363a44c,19d4f3fb-32ff-6647-49fe-165d252eab19,705129,Nitroglycerin 0.4 MG/ACTUAT Mucosal Spray,317.62,0.00,388,123236.56,,
1991-08-14T14:34:40Z,,096ef4b4-c6ff-2e41-541b-09039d52ac43,047f6ec3-6215-35eb-9608-f9dda363a44c,48f75da3-1a24-eef4-7b6a-b7758945519d,312961,Simvastatin 20 MG Oral Tablet,18.64,0.00,359,6691.76,,
1994-08-31T14:34:40Z,,096ef4b4-c6ff-2e41-541b-09039d52ac43,047f6ec3-6215-35eb-9608-f9dda363a44c,274e56ee-1988-ef25-eb82-d3fe1c8dff4f,197361,Amlodipine 5 MG Oral Tablet,64.97,0.00,322,20920.34,,
1997-09-17T14:34:40Z,2020-06-17T14:49:40Z,096ef4b4-c6ff-2e41-541b-09039d52ac43,047f6ec3-6215-35eb-9608-f9dda363a44c,17943da8-8241-50c4-dd2c-70f6f3ce3d9e,309362,Clopidogrel 75 MG Oral Tablet,116.51,0.00,276,32156.76,,
2020-06-17T14:34:40Z,2020-06-17T14:49:40Z,096ef4b4-c6ff-2e41-541b-09039d52ac43,047f6ec3-6215-35eb-9608-f9dda363a44c,a27e8fd9-d2f0-8e43-9057-4e828c958f65,259255,Atorvastatin 80 MG Oral Tablet,23.70,0.00,1,23.70,,
2020-06-17T14:34:40Z,2020-06-17T14:49:40Z,096ef4b4-c6ff-2e41-541b-09039d52ac43,047f6ec3-6215-35eb-9608-f9dda363a44c,a27e8fd9-d2f0-8e43-9057-4e828c958f65,833036,Captopril 25 MG Oral Tablet,69.59,0.00,1,69.59,,
2021-01-27T14:34:40Z,,096ef4b4-c6ff-2e41-541b-09039d52ac43,047f6ec3-6215-35eb-9608-f9dda363a44c,406e3910-cb48-3ddc-dc02-729b8dc657b7,309362,Clopidogrel 75 MG Oral Tablet,125.69,0.00,1,125.69,,
2021-01-27T14:34:40Z,,096ef4b4-c6ff-2e41-541b-09039d52ac43,047f6ec3-6215-35eb-9608-f9dda363a44c,406e3910-cb48-3ddc-dc02-729b8dc657b7,705129,Nitroglycerin 0.4 MG/ACTUAT Mucosal Spray,208.41,0.00,1,208.41,,
2016-09-14T20:37:50Z,,53747d10-334c-91b1-581d-0a67cbd1aa2e,7caa7254-5050-3b5e-9eae-bd5ea30e809c,02e645ec-1b38-69cc-7d24-ea899cc1b860,855332,Warfarin Sodium 5 MG Oral Tablet,142.82,0.00,3,428.46,,
2016-09-14T20:37:50Z,,53747d10-334c-91b1-581d-0a67cbd1aa2e,7caa7254-5050-3b5e-9eae-bd5ea30e809c,02e645ec-1b38-69cc-7d24-ea899cc1b860,897718,Verapamil Hydrochloride 40 MG,72.36,0.00,3,217.08,,
2016-09-14T20:37:50Z,,53747d10-334c-91b1-581d-0a67cbd1aa2e,7caa7254-5050-3b5e-9eae-bd5ea30e809c,02e645ec-1b38-69cc-7d24-ea899cc1b860,197604,Digoxin 0.125 MG Oral Tablet,13.13,0.00,3,39.39,,
2016-12-21T20:37:50Z,2016-12-21T20:52:50Z,53747d10-334c-91b1-581d-0a67cbd1aa2e,7caa7254-5050-3b5e-9eae-bd5ea30e809c,4a56d121-69c9-9444-9b23-60f54a847077,309362,Clopidogrel 75 MG Oral Tablet,98.47,58.47,1,98.47,,
2016-12-21T20:37:50Z,2016-12-21T20:52:50Z,53747d10-334c-91b1-581d-0a67cbd1aa2e,7caa7254-5050-3b5e-9eae-bd5ea30e809c,4a56d121-69c9-9444-9b23-60f54a847077,1804799,Alteplase 100 MG Injection,6773.53,6733.53,1,6773.53,,
2015-03-22T01:49:23Z,,f6e144ca-a58f-be7b-7bf9-53182962abf5,7caa7254-5050-3b5e-9eae-bd5ea30e809c,4ece97e2-5956-d8f9-7055-699e201110a5,855332,Warfarin Sodium 5 MG Oral Tablet,31.17,0.00,72,2244.24,,
2015-03-22T01:49:23Z,,f6e144ca-a58f-be7b-7bf9-53182962abf5,7caa7254-5050-3b5e-9eae-bd5ea30e809c,4ece97e2-5956-d8f9-7055-699e201110a5,897718,Verapamil Hydrochloride 40 MG,38.10,0.00,72,2743.20,,
2015-03-22T01:49:23Z,,f6e144ca-a58f-be7b-7bf9-53182962abf5,7caa7254-5050-3b5e-9eae-bd5ea30e809c,4ece97e2-5956-d8f9-7055-699e201110a5,197604,Digoxin 0.125 MG Oral Tablet,50.64,0.00,72,3646.08,,
2020-11-09T22:44:37Z,2020-11-09T22:59:37Z,5c839476-d736-3679-ab82-bc3590cbf973,b1c428d6-4f07-31e0-90f0-68ffa6ff8c76,0dcae151-74e8-d095-d291-0b72f6c3e08e,1660014,1 ML Epinephrine 1 MG/ML Injection,3.19,0.00,1,3.19,,
2020-11-09T22:44:37Z,2020-11-09T22:59:37Z,5c839476-d736-3679-ab82-bc3590cbf973,b1c428d6-4f07-31e0-90f0-68ffa6ff8c76,0dcae151-74e8-d095-d291-0b72f6c3e08e,834357,3 ML Amiodarone hydrocholoride 50 MG/ML Prefilled Syringe,72.72,0.00,1,72.72,,
2020-11-09T22:44:37Z,2020-11-09T22:59:37Z,5c839476-d736-3679-ab82-bc3590cbf973,b1c428d6-4f07-31e0-90f0-68ffa6ff8c76,0dcae151-74e8-d095-d291-0b72f6c3e08e,1190795,Atropine Sulfate 1 MG/ML Injectable Solution,18.29,0.00,1,18.29,,
2019-06-30T12:14:01Z,,23af3c9f-fe7b-e81c-aef5-2e4d65cfd9d5,7caa7254-5050-3b5e-9eae-bd5ea30e809c,cb04ce85-4e7a-e465-9e3f-36f6e264bd6f,309362,Clopidogrel 75 MG Oral Tablet,48.50,0.00,20,970.00,,
2019-06-30T12:14:01Z,,23af3c9f-fe7b-e81c-aef5-2e4d65cfd9d5,7caa7254-5050-3b5e-9eae-bd5ea30e809c,cb04ce85-4e7a-e465-9e3f-36f6e264bd6f,312961,Simvastatin 20 MG Oral Tablet,41.54,0.00,20,830.80,,
2019-06-30T12:14:01Z,,23af3c9f-fe7b-e81c-aef5-2e4d65cfd9d5,7caa7254-5050-3b5e-9eae-bd5ea30e809c,cb04ce85-4e7a-e465-9e3f-36f6e264bd6f,197361,Amlodipine 5 MG Oral Tablet,38.71,0.00,20,774.20,,
2019-06-30T12:14:01Z,,23af3c9f-fe7b-e81c-aef5-2e4d65cfd9d5,7caa7254-5050-3b5e-9eae-bd5ea30e809c,cb04ce85-4e7a-e465-9e3f-36f6e264bd6f,705129,Nitroglycerin 0.4 MG/ACTUAT Mucosal Spray,72.14,0.00,20,1442.80,,
1998-07-15T09:40:25Z,1999-01-02T09:40:25Z,222ea891-5e7c-b4e3-e1d1-6ebad4edde90,b1c428d6-4f07-31e0-90f0-68ffa6ff8c76,534babe3-0500-d930-02b4-f3150d0ded45,308971,Carbamazepine[Tegretol],410.88,0.00,5,2054.40,,
1999-03-13T06:59:09Z,1999-08-05T06:59:09Z,222ea891-5e7c-b4e3-e1d1-6ebad4edde90,b1c428d6-4f07-31e0-90f0-68ffa6ff8c76,9f362bb3-1690-3570-4113-84a5fcb29d8c,197591,Diazepam 5 MG Oral Tablet,1866.86,0.00,4,7467.44,,
2002-03-16T06:59:09Z,2002-07-14T06:59:09Z,222ea891-5e7c-b4e3-e1d1-6ebad4edde90,b1c428d6-4f07-31e0-90f0-68ffa6ff8c76,406ac56e-1093-242e-8504-bff838c5403b,204892,clonazePAM 0.25 MG Oral Tablet,124.29,0.00,4,497.16,,
2005-03-19T06:59:09Z,,222ea891-5e7c-b4e3-e1d1-6ebad4edde90,b1c428d6-4f07-31e0-90f0-68ffa6ff8c76,d06b2566-33d1-53e8-2e49-0054c3e4e36f,308971,Carbamazepine[Tegretol],230.51,0.00,8,1844.08,,
2005-10-08T14:16:10Z,,49ee4a91-e2ce-c15f-7744-42c528b88224,7caa7254-5050-3b5e-9eae-bd5ea30e809c,c9dc0312-b75b-d8bb-3760-a405556fd68e,855332,Warfarin Sodium 5 MG Oral Tablet,37.95,0.00,187,7096.65,,
2005-10-08T14:16:10Z,,49ee4a91-e2ce-c15f-7744-42c528b88224,7caa7254-5050-3b5e-9eae-bd5ea30e809c,c9dc0312-b75b-d8bb-3760-a405556fd68e,897718,Verapamil Hydrochloride 40 MG,241.98,0.00,187,45250.26,,
2005-10-08T14:16:10Z,,49ee4a91-e2ce-c15f-7744-42c528b88224,7caa7254-5050-3b5e-9eae-bd5ea30e809c,c9dc0312-b75b-d8bb-3760-a405556fd68e,197604,Digoxin 0.125 MG Oral Tablet,81.62,0.00,187,15262.94,,
1962-04-27T12:24:28Z,1982-08-27T12:39:28Z,afc65ecb-2810-9ece-ac6d-b50fdcb845e1,4d71f845-a6a9-3c39-b242-14d25ef86a8d,61317f70-cc39-6e8a-2d98-86001c5684ea,705129,Nitroglycerin 0.4 MG/ACTUAT Mucosal Spray,43.27,0.00,247,10687.69,,
1982-08-27T12:24:28Z,1982-08-27T12:39:28Z,afc65ecb-2810-9ece-ac6d-b50fdcb845e1,4d71f845-a6a9-3c39-b242-14d25ef86a8d,8239790d-4cf7-5f37-2af2-385eb9dd7bf0,833036,Captopril 25 MG Oral Tablet,70.57,0.00,1,70.57,,
2013-07-24T21:05:29Z,,d4f31499-fc5b-df7f-b290-bcc5dddfbba4,d47b3510-2895-3b70-9897-342d681c769d,5cbbfcce-41ff-2533-60f6-4024fc1dea93,855332,Warfarin Sodium 5 MG Oral Tablet,60.17,0.00,92,5535.64,,
2013-07-24T21:05:29Z,,d4f31499-fc5b-df7f-b290-bcc5dddfbba4,d47b3510-2895-3b70-9897-342d681c769d,5cbbfcce-41ff-2533-60f6-4024fc1dea93,897718,Verapamil Hydrochloride 40 MG,26.16,0.00,92,2406.72,,
2013-07-24T21:05:29Z,,d4f31499-fc5b-df7f-b290-bcc5dddfbba4,d47b3510-2895-3b70-9897-342d681c769d,5cbbfcce-41ff-2533-60f6-4024fc1dea93,197604,Digoxin 0.125 MG Oral Tablet,76.92,0.00,92,7076.64,,
2015-08-12T19:35:52Z,,0b3ca0fe-0583-2209-cfc2-c287adb91b9f,7caa7254-5050-3b5e-9eae-bd5ea30e809c,29d4cf83-965b-b5ad-16af-ecfd64fdd86f,855332,Warfarin Sodium 5 MG Oral Tablet,16.85,0.00,67,1128.95,,
2015-08-12T19:35:52Z,,0b3ca0fe-0583-2209-cfc2-c287adb91b9f,7caa7254-5050-3b5e-9eae-bd5ea30e809c,29d4cf83-965b-b5ad-16af-ecfd64fdd86f,897718,Verapamil Hydrochloride 40 MG,232.12,0.00,67,15552.04,,
2015-08-12T19:35:52Z,,0b3ca0fe-0583-2209-cfc2-c287adb91b9f,7caa7254-5050-3b5e-9eae-bd5ea30e809c,29d4cf83-965b-b5ad-16af-ecfd64fdd86f,197604,Digoxin 0.125 MG Oral Tablet,11.82,0.00,67,791.94,,
2018-08-29T19:35:52Z,,0b3ca0fe-0583-2209-cfc2-c287adb91b9f,7caa7254-5050-3b5e-9eae-bd5ea30e809c,1b5f2c8c-fc2c-ff72-636b-8a0d810fcaa3,309362,Clopidogrel 75 MG Oral Tablet,29.12,0.00,30,873.60,,
2018-08-29T19:35:52Z,,0b3ca0fe-0583-2209-cfc2-c287adb91b9f,7caa7254-5050-3b5e-9eae-bd5ea30e809c,1b5f2c8c-fc2c-ff72-636b-8a0d810fcaa3,312961,Simvastatin 20 MG Oral Tablet,31.05,0.00,30,931.50,,
2018-08-29T19:35:52Z,,0b3ca0fe-0583-2209-cfc2-c287adb91b9f,7caa7254-5050-3b5e-9eae-bd5ea30e809c,1b5f2c8c-fc2c-ff72-636b-8a0d810fcaa3,197361,Amlodipine 5 MG Oral Tablet,57.64,0.00,30,1729.20,,
2018-08-29T19:35:52Z,,0b3ca0fe-0583-2209-cfc2-c287adb91b9f,7caa7254-5050-3b5e-9eae-bd5ea30e809c,1b5f2c8c-fc2c-ff72-636b-8a0d810fcaa3,705129,Nitroglycerin 0.4 MG/ACTUAT Mucosal Spray,96.67,0.00,30,2900.10,,
2020-08-04T13:44:40Z,2020-08-04T13:59:40Z,5249dbb8-3395-9a6b-41f5-1fca8e8f1a61,d47b3510-2895-3b70-9897-342d681c769d,fa083e56-6bec-d224-2fe7-b281fb5bf231,309362,Clopidogrel 75 MG Oral Tablet,34.80,0.00,1,34.80,,
2020-08-04T13:44:40Z,2020-08-04T13:59:40Z,5249dbb8-3395-9a6b-41f5-1fca8e8f1a61,d47b3510-2895-3b70-9897-342d681c769d,fa083e56-6bec-d224-2fe7-b281fb5bf231,1804799,Alteplase 100 MG Injection,6930.56,0.00,1,6930.56,,
1995-10-19T01:36:30Z,,d85e5983-5c27-8de4-6a3a-9585fe2f2ccc,42c4fca7-f8a9-3cd1-982a-dd9751bf3e2a,6de86aaa-f73a-951d-e03b-964975a255ca,312961,Simvastatin 20 MG Oral Tablet,29.47,0.00,308,9076.76,,
1995-10-19T01:36:30Z,,d85e5983-5c27-8de4-6a3a-9585fe2f2ccc,42c4fca7-f8a9-3cd1-982a-dd9751bf3e2a,6de86aaa-f73a-951d-e03b-964975a255ca,197361,Amlodipine 5 MG Oral Tablet,38.46,0.00,308,11845.68,,
1995-10-19T01:36:30Z,,d85e5983-5c27-8de4-6a3a-9585fe2f2ccc,42c4fca7-f8a9-3cd1-982a-dd9751bf3e2a,6de86aaa-f73a-951d-e03b-964975a255ca,705129,Nitroglycerin 0.4 MG/ACTUAT Mucosal Spray,122.54,0.00,308,37742.32,,
1997-10-30T01:36:30Z,,d85e5983-5c27-8de4-6a3a-9585fe2f2ccc,42c4fca7-f8a9-3cd1-982a-dd9751bf3e2a,24ef5c27-51d5-bb89-b85c-ff7c31874d3a,309362,Clopidogrel 75 MG Oral Tablet,29.08,0.00,284,8258.72,,
1977-01-20T09:08:26Z,,4655aaee-ee43-47e3-639e-f0985afe9a23,7c4411ce-02f1-39b5-b9ec-dfbea9ad3c1a,7d10c9e3-e2a7-427b-1400-2eed9549494b,308971,Carbamazepine[Tegretol],384.07,0.00,13,4992.91,,
2012-10-17T22:19:16Z,,9031de2d-fcf9-1dd7-c3cc-7b60219e80af,047f6ec3-6215-35eb-9608-f9dda363a44c,e8e5b24c-3153-aa84-f311-314f0f9993b2,309362,Clopidogrel 75 MG Oral Tablet,111.91,0.00,101,11302.91,,
2012-10-17T22:19:16Z,,9031de2d-fcf9-1dd7-c3cc-7b60219e80af,047f6ec3-6215-35eb-9608-f9dda363a44c,e8e5b24c-3153-aa84-f311-314f0f9993b2,312961,Simvastatin 20 MG Oral Tablet,11.44,0.00,101,1155.44,,
2012-10-17T22:19:16Z,,9031de2d-fcf9-1dd7-c3cc-7b60219e80af,047f6ec3-6215-35eb-9608-f9dda363a44c,e8e5b24c-3153-aa84-f311-314f0f9993b2,197361,Amlodipine 5 MG Oral Tablet,56.21,0.00,101,5677.21,,
2012-10-17T22:19:16Z,,9031de2d-fcf9-1dd7-c3cc-7b60219e80af,047f6ec3-6215-35eb-9608-f9dda363a44c,e8e5b24c-3153-aa84-f311-314f0f9993b2,705129,Nitroglycerin 0.4 MG/ACTUAT Mucosal Spray,263.26,0.00,101,26589.26,,
2015-10-18T06:51:46Z,,663c693d-02b7-0fd1-a59e-de01d47f95ac,7c4411ce-02f1-39b5-b9ec-dfbea9ad3c1a,ced3014c-6db8-63c9-6f85-e2195be9f29e,855332,Warfarin Sodium 5 MG Oral Tablet,14.63,0.00,65,950.95,,
2015-10-18T06:51:46Z,,663c693d-02b7-0fd1-a59e-de01d47f95ac,7c4411ce-02f1-39b5-b9ec-dfbea9ad3c1a,ced3014c-6db8-63c9-6f85-e2195be9f29e,897718,Verapamil Hydrochloride 40 MG,30.82,0.00,65,2003.30,,
2015-10-18T06:51:46Z,,663c693d-02b7-0fd1-a59e-de01d47f95ac,7c4411ce-02f1-39b5-b9ec-dfbea9ad3c1a,ced3014c-6db8-63c9-6f85-e2195be9f29e,197604,Digoxin 0.125 MG Oral Tablet,83.65,0.00,65,5437.25,,
2012-11-18T06:56:18Z,2013-02-24T06:56:18Z,46fdb18d-cb74-33c1-1506-4669c3b45032,42c4fca7-f8a9-3cd1-982a-dd9751bf3e2a,9f5761bb-a30b-0c3e-05f9-63c1b1ad28c3,204892,clonazePAM 0.25 MG Oral Tablet,125.01,0.00,3,375.03,,
2012-03-09T23:27:35Z,2012-03-09T23:42:35Z,6d3740f5-945c-4c4f-3c81-94779af30a37,4d71f845-a6a9-3c39-b242-14d25ef86a8d,82a3a99f-f702-54be-8361-39afb91e6c71,309362,Clopidogrel 75 MG Oral Tablet,45.62,0.00,1,45.62,,
2012-03-09T23:27:35Z,2012-03-09T23:42:35Z,6d3740f5-945c-4c4f-3c81-94779af30a37,4d71f845-a6a9-3c39-b242-14d25ef86a8d,82a3a99f-f702-54be-8361-39afb91e6c71,1804799,Alteplase 100 MG Injection,6335.33,0.00,1,6335.33,,
2000-11-20T02:04:29Z,2000-11-20T02:19:29Z,66b5eb1e-28c9-6794-c9ff-36712779a6b7,7caa7254-5050-3b5e-9eae-bd5ea30e809c,c8bb2eb9-a506-d43a-d0e6-6e347cd7cc8b,309362,Clopidogrel 75 MG Oral Tablet,49.10,9.10,1,49.10,,
2000-11-20T02:04:29Z,2000-11-20T02:19:29Z,66b5eb1e-28c9-6794-c9ff-36712779a6b7,7caa7254-5050-3b5e-9eae-bd5ea30e809c,c8bb2eb9-a506-d43a-d0e6-6e347cd7cc8b,1804799,Alteplase 100 MG Injection,6549.07,6509.07,1,6549.07,,
1983-10-09T18:06:14Z,2013-10-06T18:21:14Z,406e7812-9e86-41ce-9a48-3d71ff6a8f3b,5059a55e-5d6e-34d1-b6cb-d83d16e57bcf,92c2cd97-0b7a-d49f-67b9-a8cbabf2793e,705129,Nitroglycerin 0.4 MG/ACTUAT Mucosal Spray,49.37,0.00,365,18020.05,,
1991-11-24T18:06:14Z,,406e7812-9e86-41ce-9a48-3d71ff6a8f3b,5059a55e-5d6e-34d1-b6cb-d83d16e57bcf,170077f4-e3e3-9a7a-154f-084de4cc1781,312961,Simvastatin 20 MG Oral Tablet,24.40,0.00,266,6490.40,,
1994-12-11T18:06:14Z,,406e7812-9e86-41ce-9a48-3d71ff6a8f3b,5059a55e-5d6e-34d1-b6cb-d83d16e57bcf,ad204c22-9deb-0e20-07b1-882b17cbe2f0,197361,Amlodipine 5 MG Oral Tablet,53.22,0.00,229,12187.38,,
1997-12-28T18:06:14Z,2013-10-06T18:21:14Z,406e7812-9e86-41ce-9a48-3d71ff6a8f3b,5059a55e-5d6e-34d1-b6cb-d83d16e57bcf,f8ad8cca-572a-7e52-033f-9891305e3384,309362,Clopidogrel 75 MG Oral Tablet,44.71,0.00,192,8584.32,,
2013-10-06T18:06:14Z,2013-10-06T18:21:14Z,406e7812-9e86-41ce-9a48-3d71ff6a8f3b,5059a55e-5d6e-34d1-b6cb-d83d16e57bcf,07cb3ad9-8b6a-b32a-aa2e-8afc03f50762,259255,Atorvastatin 80 MG Oral Tablet,57.96,0.00,1,57.96,,
2013-10-06T18:06:14Z,2013-10-06T18:21:14Z,406e7812-9e86-41ce-9a48-3d71ff6a8f3b,5059a55e-5d6e-34d1-b6cb-d83d16e57bcf,07cb3ad9-8b6a-b32a-aa2e-8afc03f50762,833036,Captopril 25 MG Oral Tablet,73.69,0.00,1,73.69,,
2004-03-17T11:16:39Z,,60250948-c858-77d6-6871-7cd10df1ec7c,4d71f845-a6a9-3c39-b242-14d25ef86a8d,fd6eb032-45ee-8848-7cea-1ac79f3970bf,309362,Clopidogrel 75 MG Oral Tablet,24.32,0.00,206,5009.92,,
2004-03-17T11:16:39Z,,60250948-c858-77d6-6871-7cd10df1ec7c,4d71f845-a6a9-3c39-b242-14d25ef86a8d,fd6eb032-45ee-8848-7cea-1ac79f3970bf,312961,Simvastatin 20 MG Oral Tablet,23.91,0.00,206,4925.46,,
2004-03-17T11:16:39Z,,60250948-c858-77d6-6871-7cd10df1ec7c,4d71f845-a6a9-3c39-b242-14d25ef86a8d,fd6eb032-45ee-8848-7cea-1ac79f3970bf,197361,Amlodipine 5 MG Oral Tablet,5.19,0.00,206,1069.14,,
2004-03-17T11:16:39Z,,60250948-c858-77d6-6871-7cd10df1ec7c,4d71f845-a6a9-3c39-b242-14d25ef86a8d,fd6eb032-45ee-8848-7cea-1ac79f3970bf,705129,Nitroglycerin 0.4 MG/ACTUAT Mucosal Spray,234.22,0.00,206,48249.32,,
2012-11-15T10:18:34Z,2012-11-15T10:33:34Z,0aea0e65-83ed-8d5d-5d0e-7f599976295c,d47b3510-2895-3b70-9897-342d681c769d,4dbea204-dc55-80f9-f8e3-42a0a2d6f057,309362,Clopidogrel 75 MG Oral Tablet,23.38,0.00,1,23.38,,
2012-11-15T10:18:34Z,2012-11-15T10:33:34Z,0aea0e65-83ed-8d5d-5d0e-7f599976295c,d47b3510-2895-3b70-9897-342d681c769d,4dbea204-dc55-80f9-f8e3-42a0a2d6f057,1804799,Alteplase 100 MG Injection,6427.07,0.00,1,6427.07,,
2008-12-09T21:47:50Z,2010-12-21T21:47:50Z,cca126a9-1f3a-10d1-7512-cc2b943ac3d7,5059a55e-5d6e-34d1-b6cb-d83d16e57bcf,19d5c5ce-1c68-dccd-8147-db2bfac1ba9a,309362,Clopidogrel 75 MG Oral Tablet,86.33,0.00,24,2071.92,,
2008-12-09T21:47:50Z,2010-12-21T21:47:50Z,cca126a9-1f3a-10d1-7512-cc2b943ac3d7,5059a55e-5d6e-34d1-b6cb-d83d16e57bcf,19d5c5ce-1c68-dccd-8147-db2bfac1ba9a,312961,Simvastatin 20 MG Oral Tablet,23.77,0.00,24,570.48,,
2008-12-09T21:47:50Z,2010-12-21T21:47:50Z,cca126a9-1f3a-10d1-7512-cc2b943ac3d7,5059a55e-5d6e-34d1-b6cb-d83d16e57bcf,19d5c5ce-1c68-dccd-8147-db2bfac1ba9a,197361,Amlodipine 5 MG Oral Tablet,79.10,0.00,24,1898.40,,
2008-12-09T21:47:50Z,2010-12-21T21:47:50Z,cca126a9-1f3a-10d1-7512-cc2b943ac3d7,5059a55e-5d6e-34d1-b6cb-d83d16e57bcf,19d5c5ce-1c68-dccd-8147-db2bfac1ba9a,705129,Nitroglycerin 0.4 MG/ACTUAT Mucosal Spray,382.25,0.00,24,9174.00,,
2010-06-09T00:46:11Z,2010-08-30T00:46:11Z,cca126a9-1f3a-10d1-7512-cc2b943ac3d7,7caa7254-5050-3b5e-9eae-bd5ea30e809c,604dbe4f-614e-f7d7-8ae2-203c4a3cd95b,197591,Diazepam 5 MG Oral Tablet,1065.80,1025.80,2,2131.60,,
2010-12-21T21:47:50Z,,cca126a9-1f3a-10d1-7512-cc2b943ac3d7,7caa7254-5050-3b5e-9eae-bd5ea30e809c,f886ca9a-1869-b88a-1ac2-9c13c079722f,309362,Clopidogrel 75 MG Oral Tablet,59.01,0.00,11,649.11,,
2010-12-21T21:47:50Z,,cca126a9-1f3a-10d1-7512-cc2b943ac3d7,7caa7254-5050-3b5e-9eae-bd5ea30e809c,f886ca9a-1869-b88a-1ac2-9c13c079722f,705129,Nitroglycerin 0.4 MG/ACTUAT Mucosal Spray,152.13,0.00,11,1673.43,,
2010-12-21T21:47:50Z,,cca126a9-1f3a-10d1-7512-cc2b943ac3d7,7caa7254-5050-3b5e-9eae-bd5ea30e809c,f886ca9a-1869-b88a-1ac2-9c13c079722f,312961,Simvastatin 20 MG Oral Tablet,35.32,0.00,11,388.52,,
2010-12-21T21:47:50Z,,cca126a9-1f3a-10d1-7512-cc2b943ac3d7,7caa7254-5050-3b5e-9eae-bd5ea30e809c,f886ca9a-1869-b88a-1ac2-9c13c079722f,197361,Amlodipine 5 MG Oral Tablet,22.72,0.00,11,249.92,,
2010-12-21T21:47:50Z,2011-04-15T21:47:50Z,cca126a9-1f3a-10d1-7512-cc2b943ac3d7,7caa7254-5050-3b5e-9eae-bd5ea30e809c,f886ca9a-1869-b88a-1ac2-9c13c079722f,197591,Diazepam 5 MG Oral Tablet,919.84,879.84,3,2759.52,,
2011-12-06T21:47:50Z,2011-12-06T22:02:50Z,cca126a9-1f3a-10d1-7512-cc2b943ac3d7,7caa7254-5050-3b5e-9eae-bd5ea30e809c,610cadc2-806c-fd40-0358-0f7214802eca,1660014,1 ML Epinephrine 1 MG/ML Injection,3.99,0.00,1,3.99,,
2011-12-06T21:47:50Z,2011-12-06T22:02:50Z,cca126a9-1f3a-10d1-7512-cc2b943ac3d7,7caa7254-5050-3b5e-9eae-bd5ea30e809c,610cadc2-806c-fd40-0358-0f7214802eca,834357,3 ML Amiodarone hydrocholoride 50 MG/ML Prefilled Syringe,108.22,68.22,1,108.22,,
2011-12-06T21:47:50Z,2011-12-06T22:02:50Z,cca126a9-1f3a-10d1-7512-cc2b943ac3d7,7caa7254-5050-3b5e-9eae-bd5ea30e809c,610cadc2-806c-fd40-0358-0f7214802eca,1190795,Atropine Sulfate 1 MG/ML Injectable Solution,16.31,0.00,1,16.31,,
1963-02-12T17:13:12Z,,96502c9a-a0c9-a51a-457c-364248e0e73a,7c4411ce-02f1-39b5-b9ec-dfbea9ad3c1a,aa1e91bf-0424-c7df-46f6-3ebd119b6f3d,204892,clonazePAM 0.25 MG Oral Tablet,139.87,0.00,7,979.09,,
2000-09-14T09:20:16Z,,53d1e844-eb39-f7bc-e8f1-91fc35a3f667,42c4fca7-f8a9-3cd1-982a-dd9751bf3e2a,31c8fd28-e578-fc1e-f3ea-df10d9278a81,309362,Clopidogrel 75 MG Oral Tablet,31.33,0.00,249,7801.17,,
2000-09-14T09:20:16Z,,53d1e844-eb39-f7bc-e8f1-91fc35a3f667,42c4fca7-f8a9-3cd1-982a-dd9751bf3e2a,31c8fd28-e578-fc1e-f3ea-df10d9278a81,312961,Simvastatin 20 MG Oral Tablet,17.62,0.00,249,4387.38,,
2000-09-14T09:20:16Z,,53d1e844-eb39-f7bc-e8f1-91fc35a3f667,42c4fca7-f8a9-3cd1-982a-dd9751bf3e2a,31c8fd28-e578-fc1e-f3ea-df10d9278a81,197361,Amlodipine 5 MG Oral Tablet,22.01,0.00,249,5480.49,,
2000-09-14T09:20:16Z,,53d1e844-eb39-f7bc-e8f1-91fc35a3f667,42c4fca7-f8a9-3cd1-982a-dd9751bf3e2a,31c8fd28-e578-fc1e-f3ea-df10d9278a81,705129,Nitroglycerin 0.4 MG/ACTUAT Mucosal Spray,107.32,0.00,249,26722.68,,
2019-12-18T16:57:22Z,2019-12-18T17:12:22Z,b368413c-028b-4545-ee62-7d7fedd20d85,6e2f1a2d-27bd-3701-8d08-dae202c58632,0df1e84a-35e8-3186-b233-5b4d1e5c6660,309362,Clopidogrel 75 MG Oral Tablet,88.56,13.56,1,88.56,,
2019-12-18T16:57:22Z,2019-12-18T17:12:22Z,b368413c-028b-4545-ee62-7d7fedd20d85,6e2f1a2d-27bd-3701-8d08-dae202c58632,0df1e84a-35e8-3186-b233-5b4d1e5c6660,1804799,Alteplase 100 MG Injection,6702.37,6627.37,1,6702.37,,
2012-10-14T22:35:32Z,2012-10-14T22:50:32Z,ea0b964e-8bf2-6f41-d0bd-942d1abe32d3,b1c428d6-4f07-31e0-90f0-68ffa6ff8c76,68fb4c14-3410-fc86-29fb-dfd88bf58fe9,309362,Clopidogrel 75 MG Oral Tablet,49.46,0.00,1,49.46,,
2012-10-14T22:35:32Z,2012-10-14T22:50:32Z,ea0b964e-8bf2-6f41-d0bd-942d1abe32d3,b1c428d6-4f07-31e0-90f0-68ffa6ff8c76,68fb4c14-3410-fc86-29fb-dfd88bf58fe9,1804799,Alteplase 100 MG Injection,6504.22,0.00,1,6504.22,,
2008-04-21T21:42:51Z,,6ce48ea6-8ec2-7407-5270-d15708fcb5be,4d71f845-a6a9-3c39-b242-14d25ef86a8d,0ffb6be8-b3a2-eb5e-7a1b-cd8dc8fc72c5,309362,Clopidogrel 75 MG Oral Tablet,44.77,0.00,156,6984.12,,
2008-04-21T21:42:51Z,,6ce48ea6-8ec2-7407-5270-d15708fcb5be,4d71f845-a6a9-3c39-b242-14d25ef86a8d,0ffb6be8-b3a2-eb5e-7a1b-cd8dc8fc72c5,312961,Simvastatin 20 MG Oral Tablet,16.41,0.00,156,2559.96,,
2008-04-21T21:42:51Z,,6ce48ea6-8ec2-7407-5270-d15708fcb5be,4d71f845-a6a9-3c39-b242-14d25ef86a8d,0ffb6be8-b3a2-eb5e-7a1b-cd8dc8fc72c5,197361,Amlodipine 5 MG Oral Tablet,13.56,0.00,156,2115.36,,
2008-04-21T21:42:51Z,,6ce48ea6-8ec2-7407-5270-d15708fcb5be,4d71f845-a6a9-3c39-b242-14d25ef86a8d,0ffb6be8-b3a2-eb5e-7a1b-cd8dc8fc72c5,705129,Nitroglycerin 0.4 MG/ACTUAT Mucosal Spray,174.75,0.00,156,27261.00,,
2020-07-30T23:14:56Z,,6ce48ea6-8ec2-7407-5270-d15708fcb5be,4d71f845-a6a9-3c39-b242-14d25ef86a8d,5e1569f4-e92f-852a-ea98-1af8cadbabbe,197591,Diazepam 5 MG Oral Tablet,550.58,0.00,7,3854.06,,
2009-12-18T01:18:12Z,,8b2ee293-4c03-7031-427c-abb852b10851,4d71f845-a6a9-3c39-b242-14d25ef86a8d,28840146-c7b9-86dc-52a6-27ab15eafcb0,855332,Warfarin Sodium 5 MG Oral Tablet,44.02,0.00,136,5986.72,,
2009-12-18T01:18:12Z,,8b2ee293-4c03-7031-427c-abb852b10851,4d71f845-a6a9-3c39-b242-14d25ef86a8d,28840146-c7b9-86dc-52a6-27ab15eafcb0,897718,Verapamil Hydrochloride 40 MG,104.59,0.00,136,14224.24,,
2009-12-18T01:18:12Z,,8b2ee293-4c03-7031-427c-abb852b10851,4d71f845-a6a9-3c39-b242-14d25ef86a8d,28840146-c7b9-86dc-52a6-27ab15eafcb0,197604,Digoxin 0.125 MG Oral Tablet,22.79,0.00,136,3099.44,,
2011-03-11T18:05:18Z,,5e6555ef-eab5-c350-4642-efd3bb963617,5059a55e-5d6e-34d1-b6cb-d83d16e57bcf,3c497d60-3ed5-c0f1-d38c-5d3465e5506a,855332,Warfarin Sodium 5 MG Oral Tablet,70.65,0.00,121,8548.65,,
2011-03-11T18:05:18Z,,5e6555ef-eab5-c350-4642-efd3bb963617,5059a55e-5d6e-34d1-b6cb-d83d16e57bcf,3c497d60-3ed5-c0f1-d38c-5d3465e5506a,897718,Verapamil Hydrochloride 40 MG,107.76,0.00,121,13038.96,,
2011-03-11T18:05:18Z,,5e6555ef-eab5-c350-4642-efd3bb963617,5059a55e-5d6e-34d1-b6cb-d83d16e57bcf,3c497d60-3ed5-c0f1-d38c-5d3465e5506a,197604,Digoxin 0.125 MG Oral Tablet,73.87,0.00,121,8938.27,,
1973-06-04T05:53:37Z,1973-10-18T05:53:37Z,644054ae-bb2e-b1e8-fd54-0af56a8214d4,b1c428d6-4f07-31e0-90f0-68ffa6ff8c76,5b282aa1-081c-d5f2-18f9-ce83c0eea9ac,308971,Carbamazepine[Tegretol],129.31,0.00,4,517.24,,
1974-01-25T03:28:39Z,,644054ae-bb2e-b1e8-fd54-0af56a8214d4,42c4fca7-f8a9-3cd1-982a-dd9751bf3e2a,a0279e02-b5f7-3c32-5540-535114695a10,197591,Diazepam 5 MG Oral Tablet,1353.01,0.00,15,20295.15,,
2020-09-13T10:10:49Z,,612a7cc8-a003-8f4b-f0df-08ba2d237f28,5059a55e-5d6e-34d1-b6cb-d83d16e57bcf,22606766-623a-bbfa-0286-41c54d62a273,309362,Clopidogrel 75 MG Oral Tablet,72.58,0.00,5,362.90,,
2020-09-13T10:10:49Z,,612a7cc8-a003-8f4b-f0df-08ba2d237f28,5059a55e-5d6e-34d1-b6cb-d83d16e57bcf,22606766-623a-bbfa-0286-41c54d62a273,312961,Simvastatin 20 MG Oral Tablet,15.87,0.00,5,79.35,,
2020-09-13T10:10:49Z,,612a7cc8-a003-8f4b-f0df-08ba2d237f28,5059a55e-5d6e-34d1-b6cb-d83d16e57bcf,22606766-623a-bbfa-0286-41c54d62a273,197361,Amlodipine 5 MG Oral Tablet,56.95,0.00,5,284.75,,
2020-09-13T10:10:49Z,,612a7cc8-a003-8f4b-f0df-08ba2d237f28,5059a55e-5d6e-34d1-b6cb-d83d16e57bcf,22606766-623a-bbfa-0286-41c54d62a273,705129,Nitroglycerin 0.4 MG/ACTUAT Mucosal Spray,122.46,0.00,5,612.30,,
2015-08-21T07:23:09Z,,6f3223bf-bc8b-b464-6583-a0727e8c7f41,7caa7254-5050-3b5e-9eae-bd5ea30e809c,dd947e0b-81a8-57e0-ffce-da13307f4022,309362,Clopidogrel 75 MG Oral Tablet,72.70,0.00,67,4870.90,,
2015-08-21T07:23:09Z,,6f3223bf-bc8b-b464-6583-a0727e8c7f41,7caa7254-5050-3b5e-9eae-bd5ea30e809c,dd947e0b-81a8-57e0-ffce-da13307f4022,312961,Simvastatin 20 MG Oral Tablet,9.70,0.00,67,649.90,,
2015-08-21T07:23:09Z,,6f3223bf-bc8b-b464-6583-a0727e8c7f41,7caa7254-5050-3b5e-9eae-bd5ea30e809c,dd947e0b-81a8-57e0-ffce-da13307f4022,197361,Amlodipine 5 MG Oral Tablet,19.53,0.00,67,1308.51,,
2015-08-21T07:23:09Z,,6f3223bf-bc8b-b464-6583-a0727e8c7f41,7caa7254-5050-3b5e-9eae-bd5ea30e809c,dd947e0b-81a8-57e0-ffce-da13307f4022,705129,Nitroglycerin 0.4 MG/ACTUAT Mucosal Spray,153.57,0.00,67,10289.19,,
2005-10-28T06:08:06Z,2006-03-09T06:08:06Z,e83954b2-d165-d4c9-bdf9-60dcabd13c74,5059a55e-5d6e-34d1-b6cb-d83d16e57bcf,4f8ada46-dfd5-19d8-c588-ee1e0a957d38,197591,Diazepam 5 MG Oral Tablet,894.15,0.00,4,3576.60,,
2006-04-17T03:56:27Z,,e83954b2-d165-d4c9-bdf9-60dcabd13c74,5059a55e-5d6e-34d1-b6cb-d83d16e57bcf,4463a875-7c13-f7d4-144b-bbcb575bb8d9,197591,Diazepam 5 MG Oral Tablet,319.82,0.00,54,17270.28,,
2006-07-12T06:18:45Z,2007-02-20T06:18:45Z,e83954b2-d165-d4c9-bdf9-60dcabd13c74,5059a55e-5d6e-34d1-b6cb-d83d16e57bcf,f5f855e3-e854-f6ed-237b-4188375e5f1c,204892,clonazePAM 0.25 MG Oral Tablet,100.51,0.00,7,703.57,,
2009-10-15T06:18:47Z,,e83954b2-d165-d4c9-bdf9-60dcabd13c74,5059a55e-5d6e-34d1-b6cb-d83d16e57bcf,c4fa6ab5-138d-b40d-1890-d350d3486d8a,204892,clonazePAM 0.25 MG Oral Tablet,293.76,0.00,12,3525.12,,
1987-02-16T06:42:51Z,1987-07-02T06:42:51Z,31954f7e-954f-a111-f65d-e817cf181452,5059a55e-5d6e-34d1-b6cb-d83d16e57bcf,52a08309-6cb1-2396-47b1-2d405162ddd7,308971,Carbamazepine[Tegretol],251.88,0.00,4,1007.52,,
1987-07-27T03:56:27Z,1987-12-17T03:56:27Z,31954f7e-954f-a111-f65d-e817cf181452,5059a55e-5d6e-34d1-b6cb-d83d16e57bcf,b7f26d22-952b-8c78-07ea-d4c116870e92,197591,Diazepam 5 MG Oral Tablet,1836.02,0.00,4,7344.08,,
1988-01-25T03:56:27Z,1988-07-24T05:06:59Z,31954f7e-954f-a111-f65d-e817cf181452,5059a55e-5d6e-34d1-b6cb-d83d16e57bcf,f719a2a7-6ba5-e914-4dcb-9484cfb08bf8,308971,Carbamazepine[Tegretol],30.35,0.00,6,182.10,,
1988-07-24T05:06:59Z,1988-12-29T05:06:59Z,31954f7e-954f-a111-f65d-e817cf181452,5059a55e-5d6e-34d1-b6cb-d83d16e57bcf,aee50d1a-d151-2876-94c3-0dfbbd89399e,204892,clonazePAM 0.25 MG Oral Tablet,295.42,0.00,5,1477.10,,
1989-01-23T03:56:27Z,,31954f7e-954f-a111-f65d-e817cf181452,5059a55e-5d6e-34d1-b6cb-d83d16e57bcf,14f02133-fd57-b768-2260-5da50371d98d,308971,Carbamazepine[Tegretol],255.96,0.00,10,2559.60,,
2004-02-02T02:44:01Z,2006-11-06T02:59:01Z,604e6f85-4ab9-0558-f8bc-260c402c54c9,047f6ec3-6215-35eb-9608-f9dda363a44c,ed7c0c84-6948-cf84-8c70-ffb98814ef43,309362,Clopidogrel 75 MG Oral Tablet,73.96,0.00,33,2440.68,,
2004-02-02T02:44:01Z,,604e6f85-4ab9-0558-f8bc-260c402c54c9,047f6ec3-6215-35eb-9608-f9dda363a44c,ed7c0c84-6948-cf84-8c70-ffb98814ef43,312961,Simvastatin 20 MG Oral Tablet,26.40,0.00,33,871.20,,
2004-02-02T02:44:01Z,,604e6f85-4ab9-0558-f8bc-260c402c54c9,047f6ec3-6215-35eb-9608-f9dda363a44c,ed7c0c84-6948-cf84-8c70-ffb98814ef43,197361,Amlodipine 5 MG Oral Tablet,15.42,0.00,33,508.86,,
2004-02-02T02:44:01Z,2006-11-06T02:59:01Z,604e6f85-4ab9-0558-f8bc-260c402c54c9,047f6ec3-6215-35eb-9608-f9dda363a44c,ed7c0c84-6948-cf84-8c70-ffb98814ef43,705129,Nitroglycerin 0.4 MG/ACTUAT Mucosal Spray,146.95,0.00,33,4849.35,,
2006-11-06T02:44:01Z,2006-11-06T02:59:01Z,604e6f85-4ab9-0558-f8bc-260c402c54c9,047f6ec3-6215-35eb-9608-f9dda363a44c,0e62de03-0c73-e948-5f68-8f85e2c17c14,259255,Atorvastatin 80 MG Oral Tablet,197.44,0.00,1,197.44,,
2006-11-06T02:44:01Z,2006-11-06T02:59:01Z,604e6f85-4ab9-0558-f8bc-260c402c54c9,047f6ec3-6215-35eb-9608-f9dda363a44c,0e62de03-0c73-e948-5f68-8f85e2c17c14,833036,Captopril 25 MG Oral Tablet,88.82,0.00,1,88.82,,
1958-11-09T09:55:05Z,,6e73610a-1930-db86-e2a3-a557f2190a82,d47b3510-2895-3b70-9897-342d681c769d,8fd0274c-f7e3-7d45-d1dd-ee496320e12f,308971,Carbamazepine[Tegretol],34.74,0.00,758,26332.92,,
2017-10-05T22:08:47Z,,43dc162d-408b-dcc3-e096-f7f015199bd7,047f6ec3-6215-35eb-9608-f9dda363a44c,d091b30c-0312-2446-4bd2-8b1695a7ba59,855332,Warfarin Sodium 5 MG Oral Tablet,38.47,0.00,41,1577.27,,
2017-10-05T22:08:47Z,,43dc162d-408b-dcc3-e096-f7f015199bd7,047f6ec3-6215-35eb-9608-f9dda363a44c,d091b30c-0312-2446-4bd2-8b1695a7ba59,897718,Verapamil Hydrochloride 40 MG,12.12,0.00,41,496.92,,
2017-10-05T22:08:47Z,,43dc162d-408b-dcc3-e096-f7f015199bd7,047f6ec3-6215-35eb-9608-f9dda363a44c,d091b30c-0312-2446-4bd2-8b1695a7ba59,197604,Digoxin 0.125 MG Oral Tablet,29.25,0.00,41,1199.25,,
2018-05-03T22:08:47Z,2018-05-03T22:23:47Z,43dc162d-408b-dcc3-e096-f7f015199bd7,047f6ec3-6215-35eb-9608-f9dda363a44c,2e01615b-e938-6b90-a4f7-32e1bd2be3c8,309362,Clopidogrel 75 MG Oral Tablet,73.10,0.00,1,73.10,,
2018-05-03T22:08:47Z,2018-05-03T22:23:47Z,43dc162d-408b-dcc3-e096-f7f015199bd7,047f6ec3-6215-35eb-9608-f9dda363a44c,2e01615b-e938-6b90-a4f7-32e1bd2be3c8,1804799,Alteplase 100 MG Injection,6530.86,0.00,1,6530.86,,
1994-03-24T17:02:42Z,,88194dad-d324-4ea8-3ffd-1dcc3f485744,5059a55e-5d6e-34d1-b6cb-d83d16e57bcf,c6d4f723-8072-4995-054a-1c3268a53635,204892,clonazePAM 0.25 MG Oral Tablet,583.48,0.00,9,5251.32,,
2007-01-12T10:31:25Z,,6da77631-ea4d-615f-a256-bf544c0c7227,6e2f1a2d-27bd-3701-8d08-dae202c58632,b3177447-d14c-8ac9-c21a-5be1281adc53,855332,Warfarin Sodium 5 MG Oral Tablet,59.30,0.00,172,10199.60,,
2007-01-12T10:31:25Z,,6da77631-ea4d-615f-a256-bf544c0c7227,6e2f1a2d-27bd-3701-8d08-dae202c58632,b3177447-d14c-8ac9-c21a-5be1281adc53,897718,Verapamil Hydrochloride 40 MG,39.19,0.00,172,6740.68,,
2007-01-12T10:31:25Z,,6da77631-ea4d-615f-a256-bf544c0c7227,6e2f1a2d-27bd-3701-8d08-dae202c58632,b3177447-d14c-8ac9-c21a-5be1281adc53,197604,Digoxin 0.125 MG Oral Tablet,58.47,0.00,172,10056.84,,
1952-08-02T02:40:04Z,,0755e7f6-52d9-2cc5-ff1e-5b6dd0855d81,d47b3510-2895-3b70-9897-342d681c769d,72a6621a-df2c-2ed8-e412-6162f785196a,308971,Carbamazepine[Tegretol],452.23,0.00,835,377612.05,,
1990-02-14T22:05:37Z,,16518481-b12b-8e40-efc0-cbd2c4dd0606,4d71f845-a6a9-3c39-b242-14d25ef86a8d,dee57681-c610-e7bf-8ab2-52a74a5bff49,204892,clonazePAM 0.25 MG Oral Tablet,826.07,0.00,18,14869.26,,
1990-05-04T00:57:57Z,1990-11-07T00:57:57Z,16518481-b12b-8e40-efc0-cbd2c4dd0606,4d71f845-a6a9-3c39-b242-14d25ef86a8d,8ab1442e-3cdd-4518-dbce-fae82023bfd3,308971,Carbamazepine[Tegretol],141.44,0.00,6,848.64,,
1990-11-07T00:57:57Z,,16518481-b12b-8e40-efc0-cbd2c4dd0606,4d71f845-a6a9-3c39-b242-14d25ef86a8d,a66c841a-5354-fff9-d1e9-197b2c99c45f,197591,Diazepam 5 MG Oral Tablet,1282.10,0.00,9,11538.90,,
2013-02-18T09:22:19Z,2013-02-18T09:37:19Z,bf2571ac-f362-bbed-89ca-b4aa27e93514,047f6ec3-6215-35eb-9608-f9dda363a44c,0ef1136d-3c7c-dce5-81f6-da56872707bf,309362,Clopidogrel 75 MG Oral Tablet,45.97,0.00,1,45.97,,
2013-02-18T09:22:19Z,2013-02-18T09:37:19Z,bf2571ac-f362-bbed-89ca-b4aa27e93514,047f6ec3-6215-35eb-9608-f9dda363a44c,0ef1136d-3c7c-dce5-81f6-da56872707bf,1804799,Alteplase 100 MG Injection,6794.88,0.00,1,6794.88,,
2020-08-23T03:10:27Z,,50738083-f0d3-644c-74dd-c32225ee1fae,7caa7254-5050-3b5e-9eae-bd5ea30e809c,1f9f6a05-1e99-e5f1-b1ec-909af802ab27,855332,Warfarin Sodium 5 MG Oral Tablet,16.07,0.00,6,96.42,,
2020-08-23T03:10:27Z,,50738083-f0d3-644c-74dd-c32225ee1fae,7caa7254-5050-3b5e-9eae-bd5ea30e809c,1f9f6a05-1e99-e5f1-b1ec-909af802ab27,897718,Verapamil Hydrochloride 40 MG,102.51,0.00,6,615.06,,
2020-08-23T03:10:27Z,,50738083-f0d3-644c-74dd-c32225ee1fae,7caa7254-5050-3b5e-9eae-bd5ea30e809c,1f9f6a05-1e99-e5f1-b1ec-909af802ab27,197604,Digoxin 0.125 MG Oral Tablet,80.20,0.00,6,481.20,,
1975-08-26T13:55:41Z,1998-06-16T14:10:41Z,9b52881d-02fc-8856-6f24-e87fde2a422c,42c4fca7-f8a9-3cd1-982a-dd9751bf3e2a,60ecc659-7b02-f4cf-8781-296277378e77,705129,Nitroglycerin 0.4 MG/ACTUAT Mucosal Spray,341.08,0.00,277,94479.16,,
1991-11-26T13:55:41Z,,9b52881d-02fc-8856-6f24-e87fde2a422c,42c4fca7-f8a9-3cd1-982a-dd9751bf3e2a,fcdfeed7-ebb0-f8f8-4b8f-347e44300590,312961,Simvastatin 20 MG Oral Tablet,28.32,0.00,356,10081.92,,
1994-12-13T13:55:41Z,,9b52881d-02fc-8856-6f24-e87fde2a422c,42c4fca7-f8a9-3cd1-982a-dd9751bf3e2a,8c48f19b-b8a1-7336-092e-2862abdd1dfc,197361,Amlodipine 5 MG Oral Tablet,13.90,0.00,319,4434.10,,
1997-12-30T13:55:41Z,1998-06-16T14:10:41Z,9b52881d-02fc-8856-6f24-e87fde2a422c,42c4fca7-f8a9-3cd1-982a-dd9751bf3e2a,2b1fc858-eee6-7269-7558-046cb83928a9,309362,Clopidogrel 75 MG Oral Tablet,33.64,0.00,5,168.20,,
1999-01-05T13:55:41Z,,9b52881d-02fc-8856-6f24-e87fde2a422c,42c4fca7-f8a9-3cd1-982a-dd9751bf3e2a,c2fa7b65-0d04-a757-ea26-5c3eb98366bc,309362,Clopidogrel 75 MG Oral Tablet,119.51,0.00,269,32148.19,,
1999-01-05T13:55:41Z,,9b52881d-02fc-8856-6f24-e87fde2a422c,42c4fca7-f8a9-3cd1-982a-dd9751bf3e2a,c2fa7b65-0d04-a757-ea26-5c3eb98366bc,705129,Nitroglycerin 0.4 MG/ACTUAT Mucosal Spray,309.70,0.00,269,83309.30,,
2008-05-07T12:27:12Z,,1cba6388-148c-9a15-62c5-18e8f81a43eb,d47b3510-2895-3b70-9897-342d681c769d,aefdb70b-4d98-dcb4-34bc-38ef4eb1f5d0,855332,Warfarin Sodium 5 MG Oral Tablet,132.45,0.00,156,20662.20,,
2008-05-07T12:27:12Z,,1cba6388-148c-9a15-62c5-18e8f81a43eb,d47b3510-2895-3b70-9897-342d681c769d,aefdb70b-4d98-dcb4-34bc-38ef4eb1f5d0,897718,Verapamil Hydrochloride 40 MG,14.72,0.00,156,2296.32,,
2008-05-07T12:27:12Z,,1cba6388-148c-9a15-62c5-18e8f81a43eb,d47b3510-2895-3b70-9897-342d681c769d,aefdb70b-4d98-dcb4-34bc-38ef4eb1f5d0,197604,Digoxin 0.125 MG Oral Tablet,111.93,0.00,156,17461.08,,
2011-05-26T13:22:49Z,2019-06-13T13:37:49Z,42369716-bd31-11fe-9212-46f4414315f0,d47b3510-2895-3b70-9897-342d681c769d,58257bda-c99a-f968-8920-cb42ac4e1f07,309362,Clopidogrel 75 MG Oral Tablet,28.40,0.00,98,2783.20,,
2011-05-26T13:22:49Z,,42369716-bd31-11fe-9212-46f4414315f0,d47b3510-2895-3b70-9897-342d681c769d,58257bda-c99a-f968-8920-cb42ac4e1f07,312961,Simvastatin 20 MG Oral Tablet,13.46,0.00,119,1601.74,,
2011-05-26T13:22:49Z,,42369716-bd31-11fe-9212-46f4414315f0,d47b3510-2895-3b70-9897-342d681c769d,58257bda-c99a-f968-8920-cb42ac4e1f07,197361,Amlodipine 5 MG Oral Tablet,43.11,0.00,119,5130.09,,
2011-05-26T13:22:49Z,2019-06-13T13:37:49Z,42369716-bd31-11fe-9212-46f4414315f0,d47b3510-2895-3b70-9897-342d681c769d,58257bda-c99a-f968-8920-cb42ac4e1f07,705129,Nitroglycerin 0.4 MG/ACTUAT Mucosal Spray,23.85,0.00,98,2337.30,,
2019-06-13T13:22:49Z,2019-06-13T13:37:49Z,42369716-bd31-11fe-9212-46f4414315f0,d47b3510-2895-3b70-9897-342d681c769d,68152c5f-359b-c5e4-22b0-dcaadffa9fdc,259255,Atorvastatin 80 MG Oral Tablet,142.66,0.00,1,142.66,,
2019-06-13T13:22:49Z,2019-06-13T13:37:49Z,42369716-bd31-11fe-9212-46f4414315f0,d47b3510-2895-3b70-9897-342d681c769d,68152c5f-359b-c5e4-22b0-dcaadffa9fdc,833036,Captopril 25 MG Oral Tablet,119.62,0.00,1,119.62,,
2019-07-11T13:22:49Z,,42369716-bd31-11fe-9212-46f4414315f0,d47b3510-2895-3b70-9897-342d681c769d,51a3718e-5a9f-2714-c5ce-7630404f1f9a,309362,Clopidogrel 75 MG Oral Tablet,18.27,0.00,20,365.40,,
2019-07-11T13:22:49Z,,42369716-bd31-11fe-9212-46f4414315f0,d47b3510-2895-3b70-9897-342d681c769d,51a3718e-5a9f-2714-c5ce-7630404f1f9a,705129,Nitroglycerin 0.4 MG/ACTUAT Mucosal Spray,252.34,0.00,20,5046.80,,
2018-03-16T20:34:30Z,,c4dbe984-c6cf-2b9f-eaa9-487c987b64cf,5059a55e-5d6e-34d1-b6cb-d83d16e57bcf,32f11b20-69fd-4c93-7d90-8fcbf29daf05,309362,Clopidogrel 75 MG Oral Tablet,20.54,0.00,36,739.44,,
2018-03-16T20:34:30Z,,c4dbe984-c6cf-2b9f-eaa9-487c987b64cf,5059a55e-5d6e-34d1-b6cb-d83d16e57bcf,32f11b20-69fd-4c93-7d90-8fcbf29daf05,312961,Simvastatin 20 MG Oral Tablet,14.09,0.00,36,507.24,,
2018-03-16T20:34:30Z,,c4dbe984-c6cf-2b9f-eaa9-487c987b64cf,5059a55e-5d6e-34d1-b6cb-d83d16e57bcf,32f11b20-69fd-4c93-7d90-8fcbf29daf05,197361,Amlodipine 5 MG Oral Tablet,46.86,0.00,36,1686.96,,
2018-03-16T20:34:30Z,,c4dbe984-c6cf-2b9f-eaa9-487c987b64cf,5059a55e-5d6e-34d1-b6cb-d83d16e57bcf,32f11b20-69fd-4c93-7d90-8fcbf29daf05,705129,Nitroglycerin 0.4 MG/ACTUAT Mucosal Spray,27.16,0.00,36,977.76,,
2013-08-12T17:01:11Z,2013-08-12T17:16:11Z,9a57b95e-7d87-a989-e3c1-1e56bd72e7d6,b1c428d6-4f07-31e0-90f0-68ffa6ff8c76,7cb686eb-1b86-aef9-3aab-86136199d43c,309362,Clopidogrel 75 MG Oral Tablet,63.91,0.00,1,63.91,,
2013-08-12T17:01:11Z,2013-08-12T17:16:11Z,9a57b95e-7d87-a989-e3c1-1e56bd72e7d6,b1c428d6-4f07-31e0-90f0-68ffa6ff8c76,7cb686eb-1b86-aef9-3aab-86136199d43c,1804799,Alteplase 100 MG Injection,6528.58,0.00,1,6528.58,,
1989-05-28T05:32:31Z,,a6dc4ca5-cb78-ceb8-a06e-c402a6b14550,047f6ec3-6215-35eb-9608-f9dda363a44c,ab28ccf5-0c3b-3d5d-0395-01fa10105e70,197591,Diazepam 5 MG Oral Tablet,1356.37,0.00,40,54254.80,,
1989-08-10T08:17:28Z,1989-12-05T08:17:28Z,a6dc4ca5-cb78-ceb8-a06e-c402a6b14550,047f6ec3-6215-35eb-9608-f9dda363a44c,5f8fa1cc-3638-66ed-eb08-41561f67af23,308971,Carbamazepine[Tegretol],226.37,0.00,3,679.11,,
1989-12-17T03:34:17Z,1990-05-25T03:34:17Z,a6dc4ca5-cb78-ceb8-a06e-c402a6b14550,047f6ec3-6215-35eb-9608-f9dda363a44c,5edf9247-2948-30c6-4b00-24b896e89532,308971,Carbamazepine[Tegretol],205.18,0.00,5,1025.90,,
1990-12-23T03:34:17Z,1991-05-10T03:34:17Z,a6dc4ca5-cb78-ceb8-a06e-c402a6b14550,047f6ec3-6215-35eb-9608-f9dda363a44c,73529542-eb63-8ef4-534c-f8d0716f17f0,204892,clonazePAM 0.25 MG Oral Tablet,272.32,0.00,4,1089.28,,
1991-12-29T03:34:17Z,,a6dc4ca5-cb78-ceb8-a06e-c402a6b14550,047f6ec3-6215-35eb-9608-f9dda363a44c,06f879e3-b8d6-429f-6dbf-a73ea9c88431,308971,Carbamazepine[Tegretol],82.57,0.00,8,660.56,,
1967-06-10T12:17:52Z,1968-04-08T13:29:40Z,9acda10d-5f9f-fe4d-2129-e843657d0381,4d71f845-a6a9-3c39-b242-14d25ef86a8d,68e2cbae-68f8-f235-448d-8cbfa2a15010,204892,clonazePAM 0.25 MG Oral Tablet,336.61,0.00,10,3366.10,,
1968-04-29T11:15:23Z,1969-05-22T14:03:51Z,9acda10d-5f9f-fe4d-2129-e843657d0381,4d71f845-a6a9-3c39-b242-14d25ef86a8d,a6f1c584-5848-7bc5-1bc0-73b6b97cf9ac,308971,Carbamazepine[Tegretol],190.76,0.00,12,2289.12,,
1969-10-27T11:15:23Z,1970-05-30T11:15:23Z,9acda10d-5f9f-fe4d-2129-e843657d0381,4d71f845-a6a9-3c39-b242-14d25ef86a8d,f4e67f42-a026-d0c8-502b-d444b9266883,308971,Carbamazepine[Tegretol],144.47,0.00,7,1011.29,,
1970-10-26T11:15:23Z,,9acda10d-5f9f-fe4d-2129-e843657d0381,4d71f845-a6a9-3c39-b242-14d25ef86a8d,a781ad66-3033-b0e1-6ccf-7e738fbb73a9,197591,Diazepam 5 MG Oral Tablet,494.00,0.00,15,7410.00,,
1993-09-26T15:02:07Z,1994-02-02T15:02:07Z,893552e1-f71e-64af-aef9-46f47cb02f7d,047f6ec3-6215-35eb-9608-f9dda363a44c,06111e5b-b24b-82db-8f77-f33f0f901341,308971,Carbamazepine[Tegretol],135.32,0.00,4,541.28,,
1996-09-29T15:02:07Z,,893552e1-f71e-64af-aef9-46f47cb02f7d,047f6ec3-6215-35eb-9608-f9dda363a44c,87c8df13-593b-9ac5-fbc0-4fc28847895e,308971,Carbamazepine[Tegretol],177.63,0.00,297,52756.11,,
2012-08-05T15:02:07Z,2012-12-20T15:02:07Z,893552e1-f71e-64af-aef9-46f47cb02f7d,047f6ec3-6215-35eb-9608-f9dda363a44c,3773d1c6-7f83-f0ea-2e13-41a63911b5db,204892,clonazePAM 0.25 MG Oral Tablet,13.45,0.00,4,53.80,,
1981-06-22T11:15:23Z,1987-06-22T11:30:23Z,7fcacb5d-9c91-a48a-135e-1bb5c5aaf86a,42c4fca7-f8a9-3cd1-982a-dd9751bf3e2a,bd57e13d-1a5a-39e8-3e59-4c7a72e028ad,705129,Nitroglycerin 0.4 MG/ACTUAT Mucosal Spray,79.63,0.00,73,5812.99,,
1987-06-22T11:15:23Z,1987-06-22T11:30:23Z,7fcacb5d-9c91-a48a-135e-1bb5c5aaf86a,b1c428d6-4f07-31e0-90f0-68ffa6ff8c76,17ddb904-0835-71e5-8071-ab77f45ba679,833036,Captopril 25 MG Oral Tablet,48.99,0.00,1,48.99,,
2011-11-24T14:20:54Z,,1030ed0b-a8f1-163e-f672-2bacd327bc5b,4d71f845-a6a9-3c39-b242-14d25ef86a8d,4022648a-83d8-e5bc-e1e6-3254ffbd649b,855332,Warfarin Sodium 5 MG Oral Tablet,20.76,0.00,112,2325.12,,
2011-11-24T14:20:54Z,,1030ed0b-a8f1-163e-f672-2bacd327bc5b,4d71f845-a6a9-3c39-b242-14d25ef86a8d,4022648a-83d8-e5bc-e1e6-3254ffbd649b,897718,Verapamil Hydrochloride 40 MG,84.11,0.00,112,9420.32,,
2011-11-24T14:20:54Z,,1030ed0b-a8f1-163e-f672-2bacd327bc5b,4d71f845-a6a9-3c39-b242-14d25ef86a8d,4022648a-83d8-e5bc-e1e6-3254ffbd649b,197604,Digoxin 0.125 MG Oral Tablet,59.43,0.00,112,6656.16,,
2005-12-14T06:51:56Z,,aa22e75f-adda-db44-a681-e2613af89f33,6e2f1a2d-27bd-3701-8d08-dae202c58632,180ea52c-2bc8-4ccc-a1ea-90420073f307,309362,Clopidogrel 75 MG Oral Tablet,109.53,0.00,185,20263.05,,
2005-12-14T06:51:56Z,,aa22e75f-adda-db44-a681-e2613af89f33,6e2f1a2d-27bd-3701-8d08-dae202c58632,180ea52c-2bc8-4ccc-a1ea-90420073f307,312961,Simvastatin 20 MG Oral Tablet,26.45,0.00,185,4893.25,,
2005-12-14T06:51:56Z,,aa22e75f-adda-db44-a681-e2613af89f33,6e2f1a2d-27bd-3701-8d08-dae202c58632,180ea52c-2bc8-4ccc-a1ea-90420073f307,197361,Amlodipine 5 MG Oral Tablet,12.01,0.00,185,2221.85,,
2005-12-14T06:51:56Z,,aa22e75f-adda-db44-a681-e2613af89f33,6e2f1a2d-27bd-3701-8d08-dae202c58632,180ea52c-2bc8-4ccc-a1ea-90420073f307,705129,Nitroglycerin 0.4 MG/ACTUAT Mucosal Spray,102.70,0.00,185,18999.50,,
2019-01-25T08:12:16Z,,4fa3317a-97ad-48dd-264e-5b1cf01b1bd5,d47b3510-2895-3b70-9897-342d681c769d,1220fffc-7dfd-5da0-f3d6-303b5a566cc4,309362,Clopidogrel 75 MG Oral Tablet,108.77,0.00,25,2719.25,,
2019-01-25T08:12:16Z,,4fa3317a-97ad-48dd-264e-5b1cf01b1bd5,d47b3510-2895-3b70-9897-342d681c769d,1220fffc-7dfd-5da0-f3d6-303b5a566cc4,312961,Simvastatin 20 MG Oral Tablet,24.41,0.00,25,610.25,,
2019-01-25T08:12:16Z,,4fa3317a-97ad-48dd-264e-5b1cf01b1bd5,d47b3510-2895-3b70-9897-342d681c769d,1220fffc-7dfd-5da0-f3d6-303b5a566cc4,197361,Amlodipine 5 MG Oral Tablet,50.53,0.00,25,1263.25,,
2019-01-25T08:12:16Z,,4fa3317a-97ad-48dd-264e-5b1cf01b1bd5,d47b3510-2895-3b70-9897-342d681c769d,1220fffc-7dfd-5da0-f3d6-303b5a566cc4,705129,Nitroglycerin 0.4 MG/ACTUAT Mucosal Spray,152.70,0.00,25,3817.50,,
2017-10-16T10:58:54Z,,e4dfc663-2460-b63c-d679-d91b4df80659,5059a55e-5d6e-34d1-b6cb-d83d16e57bcf,79f33794-6aa8-4730-ca7d-0ffc30daf31a,197591,Diazepam 5 MG Oral Tablet,1163.01,0.00,8,9304.08,,
2019-11-08T16:06:23Z,,7122ec85-2581-b9b7-d099-997f4655a707,047f6ec3-6215-35eb-9608-f9dda363a44c,2cd15f16-34dc-de83-4e87-e1e4be79ec9f,309362,Clopidogrel 75 MG Oral Tablet,17.47,0.00,16,279.52,,
2019-11-08T16:06:23Z,,7122ec85-2581-b9b7-d099-997f4655a707,047f6ec3-6215-35eb-9608-f9dda363a44c,2cd15f16-34dc-de83-4e87-e1e4be79ec9f,312961,Simvastatin 20 MG Oral Tablet,20.68,0.00,16,330.88,,
2019-11-08T16:06:23Z,,7122ec85-2581-b9b7-d099-997f4655a707,047f6ec3-6215-35eb-9608-f9dda363a44c,2cd15f16-34dc-de83-4e87-e1e4be79ec9f,197361,Amlodipine 5 MG Oral Tablet,25.60,0.00,16,409.60,,
2019-11-08T16:06:23Z,,7122ec85-2581-b9b7-d099-997f4655a707,047f6ec3-6215-35eb-9608-f9dda363a44c,2cd15f16-34dc-de83-4e87-e1e4be79ec9f,705129,Nitroglycerin 0.4 MG/ACTUAT Mucosal Spray,170.33,0.00,16,2725.28,,
2019-07-25T20:12:43Z,,312c13e1-963f-a162-7732-f76b1a66653e,7caa7254-5050-3b5e-9eae-bd5ea30e809c,a754efec-d5b2-d5de-28d0-8a7e2de3add1,309362,Clopidogrel 75 MG Oral Tablet,58.18,0.00,16,930.88,,
2019-07-25T20:12:43Z,,312c13e1-963f-a162-7732-f76b1a66653e,7caa7254-5050-3b5e-9eae-bd5ea30e809c,a754efec-d5b2-d5de-28d0-8a7e2de3add1,312961,Simvastatin 20 MG Oral Tablet,10.77,0.00,16,172.32,,
2019-07-25T20:12:43Z,,312c13e1-963f-a162-7732-f76b1a66653e,7caa7254-5050-3b5e-9eae-bd5ea30e809c,a754efec-d5b2-d5de-28d0-8a7e2de3add1,197361,Amlodipine 5 MG Oral Tablet,45.14,0.00,16,722.24,,
2019-07-25T20:12:43Z,,312c13e1-963f-a162-7732-f76b1a66653e,7caa7254-5050-3b5e-9eae-bd5ea30e809c,a754efec-d5b2-d5de-28d0-8a7e2de3add1,705129,Nitroglycerin 0.4 MG/ACTUAT Mucosal Spray,372.22,0.00,16,5955.52,,
2020-12-03T20:12:43Z,2020-12-03T20:27:43Z,312c13e1-963f-a162-7732-f76b1a66653e,7caa7254-5050-3b5e-9eae-bd5ea30e809c,1ee451f6-7e1e-f483-60f9-8f6c08c61419,1660014,1 ML Epinephrine 1 MG/ML Injection,2.40,0.00,1,2.40,,
2020-12-03T20:12:43Z,2020-12-03T20:27:43Z,312c13e1-963f-a162-7732-f76b1a66653e,7caa7254-5050-3b5e-9eae-bd5ea30e809c,1ee451f6-7e1e-f483-60f9-8f6c08c61419,834357,3 ML Amiodarone hydrocholoride 50 MG/ML Prefilled Syringe,123.78,83.78,1,123.78,,
2020-12-03T20:12:43Z,2020-12-03T20:27:43Z,312c13e1-963f-a162-7732-f76b1a66653e,7caa7254-5050-3b5e-9eae-bd5ea30e809c,1ee451f6-7e1e-f483-60f9-8f6c08c61419,1190795,Atropine Sulfate 1 MG/ML Injectable Solution,21.17,0.00,1,21.17,,
1994-05-29T10:31:30Z,,6eb3a91a-7d2d-d9a0-6826-4e5401cafa29,4d71f845-a6a9-3c39-b242-14d25ef86a8d,c2f2e423-e29f-d8ba-6c8f-9a99e500da65,312961,Simvastatin 20 MG Oral Tablet,41.45,0.00,325,13471.25,,
1994-05-29T10:31:30Z,,6eb3a91a-7d2d-d9a0-6826-4e5401cafa29,4d71f845-a6a9-3c39-b242-14d25ef86a8d,c2f2e423-e29f-d8ba-6c8f-9a99e500da65,197361,Amlodipine 5 MG Oral Tablet,67.08,0.00,325,21801.00,,
1994-05-29T10:31:30Z,,6eb3a91a-7d2d-d9a0-6826-4e5401cafa29,4d71f845-a6a9-3c39-b242-14d25ef86a8d,c2f2e423-e29f-d8ba-6c8f-9a99e500da65,705129,Nitroglycerin 0.4 MG/ACTUAT Mucosal Spray,69.71,0.00,325,22655.75,,
1997-06-15T10:31:30Z,,6eb3a91a-7d2d-d9a0-6826-4e5401cafa29,4d71f845-a6a9-3c39-b242-14d25ef86a8d,aa581a57-73d5-4bb8-a5ca-ca6cc2bca1cd,309362,Clopidogrel 75 MG Oral Tablet,99.29,0.00,288,28595.52,,
2014-11-26T19:03:11Z,,b48ca79f-ced2-8e4e-4154-b433f5d5ea96,6e2f1a2d-27bd-3701-8d08-dae202c58632,bfba296b-9d16-b2d7-1e2d-9f3608b3b269,309362,Clopidogrel 75 MG Oral Tablet,122.68,0.00,76,9323.68,,
2014-11-26T19:03:11Z,,b48ca79f-ced2-8e4e-4154-b433f5d5ea96,6e2f1a2d-27bd-3701-8d08-dae202c58632,bfba296b-9d16-b2d7-1e2d-9f3608b3b269,312961,Simvastatin 20 MG Oral Tablet,10.71,0.00,76,813.96,,
2014-11-26T19:03:11Z,,b48ca79f-ced2-8e4e-4154-b433f5d5ea96,6e2f1a2d-27bd-3701-8d08-dae202c58632,bfba296b-9d16-b2d7-1e2d-9f3608b3b269,197361,Amlodipine 5 MG Oral Tablet,10.56,0.00,76,802.56,,
2014-11-26T19:03:11Z,,b48ca79f-ced2-8e4e-4154-b433f5d5ea96,6e2f1a2d-27bd-3701-8d08-dae202c58632,bfba296b-9d16-b2d7-1e2d-9f3608b3b269,705129,Nitroglycerin 0.4 MG/ACTUAT Mucosal Spray,194.28,0.00,76,14765.28,,
2009-08-30T04:38:24Z,2018-10-21T04:53:24Z,cf290504-89f3-32e7-7ed4-c257522ad150,4d71f845-a6a9-3c39-b242-14d25ef86a8d,cccc1249-df54-567c-e209-040596a38ce3,309362,Clopidogrel 75 MG Oral Tablet,25.83,0.00,111,2867.13,,
2009-08-30T04:38:24Z,,cf290504-89f3-32e7-7ed4-c257522ad150,4d71f845-a6a9-3c39-b242-14d25ef86a8d,cccc1249-df54-567c-e209-040596a38ce3,312961,Simvastatin 20 MG Oral Tablet,3.21,0.00,111,356.31,,
2009-08-30T04:38:24Z,,cf290504-89f3-32e7-7ed4-c257522ad150,4d71f845-a6a9-3c39-b242-14d25ef86a8d,cccc1249-df54-567c-e209-040596a38ce3,197361,Amlodipine 5 MG Oral Tablet,71.66,0.00,111,7954.26,,
2009-08-30T04:38:24Z,2018-10-21T04:53:24Z,cf290504-89f3-32e7-7ed4-c257522ad150,4d71f845-a6a9-3c39-b242-14d25ef86a8d,cccc1249-df54-567c-e209-040596a38ce3,705129,Nitroglycerin 0.4 MG/ACTUAT Mucosal Spray,68.09,0.00,111,7557.99,,
2018-10-21T04:38:24Z,2018-10-21T04:53:24Z,cf290504-89f3-32e7-7ed4-c257522ad150,4d71f845-a6a9-3c39-b242-14d25ef86a8d,20055bb2-b024-3f39-56a6-b9a3475e502b,259255,Atorvastatin 80 MG Oral Tablet,413.40,0.00,1,413.40,,
2018-10-21T04:38:24Z,2018-10-21T04:53:24Z,cf290504-89f3-32e7-7ed4-c257522ad150,4d71f845-a6a9-3c39-b242-14d25ef86a8d,20055bb2-b024-3f39-56a6-b9a3475e502b,833036,Captopril 25 MG Oral Tablet,49.11,0.00,1,49.11,,
2007-04-14T02:55:01Z,,425730c3-eabe-7225-7087-cbc9ff6d3e82,7caa7254-5050-3b5e-9eae-bd5ea30e809c,0d1ae252-ef21-45d3-9ada-287d8b80bec9,855332,Warfarin Sodium 5 MG Oral Tablet,18.59,0.00,169,3141.71,,
2007-04-14T02:55:01Z,,425730c3-eabe-7225-7087-cbc9ff6d3e82,7caa7254-5050-3b5e-9eae-bd5ea30e809c,0d1ae252-ef21-45d3-9ada-287d8b80bec9,897718,Verapamil Hydrochloride 40 MG,19.97,0.00,169,3374.93,,
2007-04-14T02:55:01Z,,425730c3-eabe-7225-7087-cbc9ff6d3e82,7caa7254-5050-3b5e-9eae-bd5ea30e809c,0d1ae252-ef21-45d3-9ada-287d8b80bec9,197604,Digoxin 0.125 MG Oral Tablet,58.61,0.00,169,9905.09,,
2015-04-18T12:03:52Z,2015-04-18T12:18:52Z,426b4386-7af1-035f-f402-62156336c5aa,b1c428d6-4f07-31e0-90f0-68ffa6ff8c76,41b82edd-25a8-2bdb-850e-55fa31caedf0,309362,Clopidogrel 75 MG Oral Tablet,43.08,0.00,1,43.08,,
2015-04-18T12:03:52Z,2015-04-18T12:18:52Z,426b4386-7af1-035f-f402-62156336c5aa,b1c428d6-4f07-31e0-90f0-68ffa6ff8c76,41b82edd-25a8-2bdb-850e-55fa31caedf0,1804799,Alteplase 100 MG Injection,6668.29,0.00,1,6668.29,,
2016-07-28T19:03:07Z,2016-07-28T19:18:07Z,a6fddec8-7661-a551-af49-8671fab66bd5,d47b3510-2895-3b70-9897-342d681c769d,d577c18f-3cbd-817b-3f49-4a1e6c44b02a,1660014,1 ML Epinephrine 1 MG/ML Injection,3.85,0.00,1,3.85,,
2016-07-28T19:03:07Z,2016-07-28T19:18:07Z,a6fddec8-7661-a551-af49-8671fab66bd5,d47b3510-2895-3b70-9897-342d681c769d,d577c18f-3cbd-817b-3f49-4a1e6c44b02a,834357,3 ML Amiodarone hydrocholoride 50 MG/ML Prefilled Syringe,95.92,0.00,1,95.92,,
2016-07-28T19:03:07Z,2016-07-28T19:18:07Z,a6fddec8-7661-a551-af49-8671fab66bd5,d47b3510-2895-3b70-9897-342d681c769d,d577c18f-3cbd-817b-3f49-4a1e6c44b02a,1190795,Atropine Sulfate 1 MG/ML Injectable Solution,22.32,0.00,1,22.32,,
2004-08-10T20:03:11Z,,fda4bf1f-1cee-4738-57fc-9c438c7877a9,7caa7254-5050-3b5e-9eae-bd5ea30e809c,a933500d-6a82-b26c-f1d5-de09c5cd168e,309362,Clopidogrel 75 MG Oral Tablet,45.55,0.00,121,5511.55,,
2004-08-10T20:03:11Z,,fda4bf1f-1cee-4738-57fc-9c438c7877a9,7caa7254-5050-3b5e-9eae-bd5ea30e809c,a933500d-6a82-b26c-f1d5-de09c5cd168e,312961,Simvastatin 20 MG Oral Tablet,41.42,0.00,121,5011.82,,
2004-08-10T20:03:11Z,,fda4bf1f-1cee-4738-57fc-9c438c7877a9,7caa7254-5050-3b5e-9eae-bd5ea30e809c,a933500d-6a82-b26c-f1d5-de09c5cd168e,197361,Amlodipine 5 MG Oral Tablet,43.43,0.00,121,5255.03,,
2004-08-10T20:03:11Z,,fda4bf1f-1cee-4738-57fc-9c438c7877a9,7caa7254-5050-3b5e-9eae-bd5ea30e809c,a933500d-6a82-b26c-f1d5-de09c5cd168e,705129,Nitroglycerin 0.4 MG/ACTUAT Mucosal Spray,248.43,0.00,121,30060.03,,
2014-07-15T20:03:11Z,2014-07-15T20:18:11Z,fda4bf1f-1cee-4738-57fc-9c438c7877a9,7caa7254-5050-3b5e-9eae-bd5ea30e809c,d094f303-4277-b8d8-8700-fd59baa4c506,1660014,1 ML Epinephrine 1 MG/ML Injection,3.89,0.00,1,3.89,,
2014-07-15T20:03:11Z,2014-07-15T20:18:11Z,fda4bf1f-1cee-4738-57fc-9c438c7877a9,7caa7254-5050-3b5e-9eae-bd5ea30e809c,d094f303-4277-b8d8-8700-fd59baa4c506,834357,3 ML Amiodarone hydrocholoride 50 MG/ML Prefilled Syringe,91.83,51.83,1,91.83,,
2014-07-15T20:03:11Z,2014-07-15T20:18:11Z,fda4bf1f-1cee-4738-57fc-9c438c7877a9,7caa7254-5050-3b5e-9eae-bd5ea30e809c,d094f303-4277-b8d8-8700-fd59baa4c506,1190795,Atropine Sulfate 1 MG/ML Injectable Solution,32.97,0.00,1,32.97,,
2019-10-13T06:09:14Z,,bd2ac6c7-6f15-8048-ee3e-d9868025c1c0,4d71f845-a6a9-3c39-b242-14d25ef86a8d,2c7cf005-c233-5a09-d4db-546dcce5df40,309362,Clopidogrel 75 MG Oral Tablet,33.88,0.00,17,575.96,,
2019-10-13T06:09:14Z,,bd2ac6c7-6f15-8048-ee3e-d9868025c1c0,4d71f845-a6a9-3c39-b242-14d25ef86a8d,2c7cf005-c233-5a09-d4db-546dcce5df40,312961,Simvastatin 20 MG Oral Tablet,8.02,0.00,17,136.34,,
2019-10-13T06:09:14Z,,bd2ac6c7-6f15-8048-ee3e-d9868025c1c0,4d71f845-a6a9-3c39-b242-14d25ef86a8d,2c7cf005-c233-5a09-d4db-546dcce5df40,197361,Amlodipine 5 MG Oral Tablet,10.24,0.00,17,174.08,,
2019-10-13T06:09:14Z,,bd2ac6c7-6f15-8048-ee3e-d9868025c1c0,4d71f845-a6a9-3c39-b242-14d25ef86a8d,2c7cf005-c233-5a09-d4db-546dcce5df40,705129,Nitroglycerin 0.4 MG/ACTUAT Mucosal Spray,48.02,0.00,17,816.34,,
2014-10-07T20:03:11Z,,1fc04c08-6163-8f57-2b5b-f651073a91a3,7caa7254-5050-3b5e-9eae-bd5ea30e809c,f7bbbd73-e453-f316-e8ba-9db2c3250990,855332,Warfarin Sodium 5 MG Oral Tablet,26.47,0.00,77,2038.19,,
2014-10-07T20:03:11Z,,1fc04c08-6163-8f57-2b5b-f651073a91a3,7caa7254-5050-3b5e-9eae-bd5ea30e809c,f7bbbd73-e453-f316-e8ba-9db2c3250990,897718,Verapamil Hydrochloride 40 MG,15.94,0.00,77,1227.38,,
2014-10-07T20:03:11Z,,1fc04c08-6163-8f57-2b5b-f651073a91a3,7caa7254-5050-3b5e-9eae-bd5ea30e809c,f7bbbd73-e453-f316-e8ba-9db2c3250990,197604,Digoxin 0.125 MG Oral Tablet,75.80,0.00,77,5836.60,,
1962-06-22T09:48:00Z,1962-10-22T09:48:00Z,c4f78385-bd6a-f279-6e49-3391298144eb,5059a55e-5d6e-34d1-b6cb-d83d16e57bcf,7412e876-f1b6-5e30-2e87-a3d196c03ab3,308971,Carbamazepine[Tegretol],34.03,0.00,4,136.12,,
1962-11-18T08:24:34Z,1963-06-03T08:24:34Z,c4f78385-bd6a-f279-6e49-3391298144eb,5059a55e-5d6e-34d1-b6cb-d83d16e57bcf,cb119fca-f52c-34b1-e69d-fc50268c7e31,308971,Carbamazepine[Tegretol],164.99,0.00,6,989.94,,
1963-08-18T08:24:34Z,,c4f78385-bd6a-f279-6e49-3391298144eb,5059a55e-5d6e-34d1-b6cb-d83d16e57bcf,f2e0bcbd-900d-cd2c-d2a6-8ff33607f5bf,197591,Diazepam 5 MG Oral Tablet,1005.69,0.00,17,17096.73,,
1962-11-24T02:22:04Z,1963-02-23T02:22:04Z,753bc72b-0a8b-c737-9fa5-c2c8e328d5b9,b1c428d6-4f07-31e0-90f0-68ffa6ff8c76,f6061aac-29d0-5f9c-ec99-78583f52e2ad,197591,Diazepam 5 MG Oral Tablet,1382.46,0.00,3,4147.38,,
1963-04-14T23:24:14Z,1963-09-19T23:24:14Z,753bc72b-0a8b-c737-9fa5-c2c8e328d5b9,42c4fca7-f8a9-3cd1-982a-dd9751bf3e2a,dde99aff-bd89-3953-8ef4-948edaf50df8,308971,Carbamazepine[Tegretol],149.50,0.00,5,747.50,,
1964-01-12T23:24:14Z,1964-04-08T23:24:14Z,753bc72b-0a8b-c737-9fa5-c2c8e328d5b9,42c4fca7-f8a9-3cd1-982a-dd9751bf3e2a,4a644f8b-536b-1c93-5311-a834736b5c01,308971,Carbamazepine[Tegretol],149.18,0.00,2,298.36,,
1964-07-12T23:24:14Z,1964-10-28T23:24:14Z,753bc72b-0a8b-c737-9fa5-c2c8e328d5b9,42c4fca7-f8a9-3cd1-982a-dd9751bf3e2a,e123806f-39ec-22d1-ea13-6b7d6d36d8b7,197591,Diazepam 5 MG Oral Tablet,108.09,0.00,3,324.27,,
1965-01-10T23:24:14Z,1965-04-06T23:24:14Z,753bc72b-0a8b-c737-9fa5-c2c8e328d5b9,42c4fca7-f8a9-3cd1-982a-dd9751bf3e2a,5dcdbe3b-0679-b3a6-f91d-da60e1f9853b,197591,Diazepam 5 MG Oral Tablet,1688.32,0.00,2,3376.64,,
1965-07-11T23:24:14Z,,753bc72b-0a8b-c737-9fa5-c2c8e328d5b9,42c4fca7-f8a9-3cd1-982a-dd9751bf3e2a,0f057d72-9bd1-2086-9cfd-7d4ac197dff4,308971,Carbamazepine[Tegretol],362.78,0.00,14,5078.92,,
2011-04-28T18:32:30Z,,9b547cc6-0a14-87f1-11cb-6d4f78e6f195,d47b3510-2895-3b70-9897-342d681c769d,26b93c3d-e32d-8e79-74b8-d82e27c6f683,309362,Clopidogrel 75 MG Oral Tablet,15.11,0.00,119,1798.09,,
2011-04-28T18:32:30Z,,9b547cc6-0a14-87f1-11cb-6d4f78e6f195,d47b3510-2895-3b70-9897-342d681c769d,26b93c3d-e32d-8e79-74b8-d82e27c6f683,312961,Simvastatin 20 MG Oral Tablet,38.36,0.00,119,4564.84,,
2011-04-28T18:32:30Z,,9b547cc6-0a14-87f1-11cb-6d4f78e6f195,d47b3510-2895-3b70-9897-342d681c769d,26b93c3d-e32d-8e79-74b8-d82e27c6f683,197361,Amlodipine 5 MG Oral Tablet,52.88,0.00,119,6292.72,,
2011-04-28T18:32:30Z,,9b547cc6-0a14-87f1-11cb-6d4f78e6f195,d47b3510-2895-3b70-9897-342d681c769d,26b93c3d-e32d-8e79-74b8-d82e27c6f683,705129,Nitroglycerin 0.4 MG/ACTUAT Mucosal Spray,40.56,0.00,119,4826.64,,
2019-03-20T19:11:39Z,2019-07-31T19:11:39Z,3ae45684-18b7-502a-962a-8d043ec8eb62,7c4411ce-02f1-39b5-b9ec-dfbea9ad3c1a,d28a7640-97f4-3d01-3a2c-831fb04d75a4,308971,Carbamazepine[Tegretol],335.02,275.02,4,1340.08,,
2019-09-17T17:41:18Z,2020-04-17T17:41:18Z,3ae45684-18b7-502a-962a-8d043ec8eb62,7c4411ce-02f1-39b5-b9ec-dfbea9ad3c1a,f0d68c09-fbdc-c7f1-4750-87910ec1a5c0,308971,Carbamazepine[Tegretol],272.96,212.96,7,1910.72,,
2020-09-15T17:41:18Z,,3ae45684-18b7-502a-962a-8d043ec8eb62,7c4411ce-02f1-39b5-b9ec-dfbea9ad3c1a,11af8df9-6219-69ae-3fcd-e67da314a963,308971,Carbamazepine[Tegretol],360.01,0.00,5,1800.05,,
2021-01-04T19:09:43Z,,3ae45684-18b7-502a-962a-8d043ec8eb62,7c4411ce-02f1-39b5-b9ec-dfbea9ad3c1a,5e2a9f64-e184-4b85-614f-23fc4bc829fe,204892,clonazePAM 0.25 MG Oral Tablet,473.05,0.00,1,473.05,,
1989-12-28T20:27:29Z,,a4a8baa1-f10a-f855-68a4-cbd6eddb5a95,42c4fca7-f8a9-3cd1-982a-dd9751bf3e2a,73e156f0-46f8-eebd-b0ee-62b003fccdf4,705129,Nitroglycerin 0.4 MG/ACTUAT Mucosal Spray,135.03,0.00,379,51176.37,,
1991-01-03T20:27:29Z,,a4a8baa1-f10a-f855-68a4-cbd6eddb5a95,42c4fca7-f8a9-3cd1-982a-dd9751bf3e2a,5538ea69-8325-7b30-daaf-f931ff9825a2,312961,Simvastatin 20 MG Oral Tablet,21.13,0.00,367,7754.71,,
1994-01-20T20:27:29Z,,a4a8baa1-f10a-f855-68a4-cbd6eddb5a95,42c4fca7-f8a9-3cd1-982a-dd9751bf3e2a,d7daa069-d3f4-1b39-d9e0-efcf2553fdea,197361,Amlodipine 5 MG Oral Tablet,34.04,0.00,330,11233.20,,
1997-02-06T20:27:29Z,,a4a8baa1-f10a-f855-68a4-cbd6eddb5a95,42c4fca7-f8a9-3cd1-982a-dd9751bf3e2a,59f67f00-75fd-d272-ea57-deb16ea8551f,309362,Clopidogrel 75 MG Oral Tablet,63.44,0.00,293,18587.92,,
2021-02-06T22:31:28Z,2021-02-06T22:46:28Z,2cd918f9-95e6-f899-ef4d-2091482c01e4,b1c428d6-4f07-31e0-90f0-68ffa6ff8c76,8c08ef15-1c02-52bf-9f2e-1fa755e4ae3d,309362,Clopidogrel 75 MG Oral Tablet,39.87,0.00,1,39.87,,
2021-02-06T22:31:28Z,2021-02-06T22:46:28Z,2cd918f9-95e6-f899-ef4d-2091482c01e4,b1c428d6-4f07-31e0-90f0-68ffa6ff8c76,8c08ef15-1c02-52bf-9f2e-1fa755e4ae3d,1804799,Alteplase 100 MG Injection,6966.61,0.00,1,6966.61,,
2018-11-03T00:03:46Z,,902bdd11-f10f-8c36-2875-1f3ee944da04,7caa7254-5050-3b5e-9eae-bd5ea30e809c,f4c83bbc-c7ab-dec4-f24b-11e2cd9227f1,309362,Clopidogrel 75 MG Oral Tablet,35.85,0.00,28,1003.80,,
2018-11-03T00:03:46Z,,902bdd11-f10f-8c36-2875-1f3ee944da04,7caa7254-5050-3b5e-9eae-bd5ea30e809c,f4c83bbc-c7ab-dec4-f24b-11e2cd9227f1,312961,Simvastatin 20 MG Oral Tablet,40.41,0.00,28,1131.48,,
2018-11-03T00:03:46Z,,902bdd11-f10f-8c36-2875-1f3ee944da04,7caa7254-5050-3b5e-9eae-bd5ea30e809c,f4c83bbc-c7ab-dec4-f24b-11e2cd9227f1,197361,Amlodipine 5 MG Oral Tablet,23.46,0.00,28,656.88,,
2018-11-03T00:03:46Z,,902bdd11-f10f-8c36-2875-1f3ee944da04,7caa7254-5050-3b5e-9eae-bd5ea30e809c,f4c83bbc-c7ab-dec4-f24b-11e2cd9227f1,705129,Nitroglycerin 0.4 MG/ACTUAT Mucosal Spray,40.48,0.00,28,1133.44,,
1999-02-05T04:47:25Z,,52c22977-e4d3-e0ad-33f0-5b745bf643a8,047f6ec3-6215-35eb-9608-f9dda363a44c,4e2c1d09-274d-7696-a3d8-e1f7c452cfdd,855332,Warfarin Sodium 5 MG Oral Tablet,22.60,0.00,268,6056.80,,
1999-02-05T04:47:25Z,,52c22977-e4d3-e0ad-33f0-5b745bf643a8,047f6ec3-6215-35eb-9608-f9dda363a44c,4e2c1d09-274d-7696-a3d8-e1f7c452cfdd,897718,Verapamil Hydrochloride 40 MG,90.53,0.00,268,24262.04,,
1999-02-05T04:47:25Z,,52c22977-e4d3-e0ad-33f0-5b745bf643a8,047f6ec3-6215-35eb-9608-f9dda363a44c,4e2c1d09-274d-7696-a3d8-e1f7c452cfdd,197604,Digoxin 0.125 MG Oral Tablet,56.15,0.00,268,15048.20,,
