Id,NAME,ADDRESS,CITY,STATE_HEADQUARTERED,ZIP,PHONE,AMOUNT_COVERED,AMOUNT_UNCOVERED,REVENUE,COVERED_ENCOUNTERS,UNCOVERED_ENCOUNTERS,COVERED_MEDICATIONS,UNCOVERED_MEDICATIONS,COVERED_PROCEDURES,UNCOVERED_PROCEDURES,COVERED_IMMUNIZATIONS,UNCOVERED_IMMUNIZATIONS,UNIQUE_CUSTOMERS,QOLS_AVG,MEMBER_MONTHS
b3221cfc-24fb-339e-823d-bc4136cbc4ed,Dual Eligible,7500 Security Blvd,Baltimore,MD,21244,1-877-267-2323,12363.14,721.66,237000.00,50,0,2,0,9,0,63,0,8,0.22965044007487354,888
7caa7254-5050-3b5e-9eae-bd5ea30e809c,Medicare,7500 Security Blvd,Baltimore,MD,21244,1-800-633-4227,271513.11,16557.33,5331750.00,1799,0,25,0,179,0,2175,0,162,0.8890359813458796,22260
7c4411ce-02f1-39b5-b9ec-dfbea9ad3c1a,Medicaid,7500 Security Blvd,Baltimore,MD,21244,1-877-267-2323,280723.04,117802.59,9216000.00,3079,0,5,0,13,0,4124,0,103,0.7815696683657652,41256
d47b3510-2895-3b70-9897-342d681c769d,Humana,500 West Main St,Louisville,KY,40018,1-844-330-7799,394315.84,332080.00,125312100.00,5624,0,0,31,46,0,6673,0,152,0.9698399374814193,74304
6e2f1a2d-27bd-3701-8d08-dae202c58632,Blue Cross Blue Shield,Michigan Plaza,Chicago,IL,60007,1-800-262-2583,409928.54,295016.71,125208000.00,5257,0,26,0,44,0,6210,0,140,0.9638794146441682,70128
5059a55e-5d6e-34d1-b6cb-d83d16e57bcf,UnitedHealthcare,9800 Healthcare Lane,Minnetonka,MN,55436,1-888-545-5205,377969.36,247940.00,115603600.00,4846,0,0,49,53,0,6021,0,141,0.963079438626066,61488
4d71f845-a6a9-3c39-b242-14d25ef86a8d,Aetna,151 Farmington Ave,Hartford,CT,6156,1-800-872-3862,411739.52,243360.00,132886000.00,5072,0,0,26,48,0,6128,0,143,0.9678296946417463,67092
047f6ec3-6215-35eb-9608-f9dda363a44c,Cigna Health,900 Cottage Grove Rd,Bloomfield,CT,6002,1-800-997-1654,443802.36,237000.00,144786600.00,5271,0,0,46,46,0,6336,0,145,0.9606785856308468,69492
42c4fca7-f8a9-3cd1-982a-dd9751bf3e2a,Anthem,220 Virginia Ave,Indianapolis,IN,46204,1-800-331-1476,491367.08,227150.00,157322000.00,5563,19,0,36,0,34,6801,0,157,0.9727547853027889,72216
b1c428d6-4f07-31e0-90f0-68ffa6ff8c76,NO_INSURANCE,,,,,,0.00,583120.19,0.00,0,2992,0,30,0,44,0,3502,77,1.1980088816785475,36312
