DATE,PATIENT,ENCOUNTER,CODE,DESCRIPTION,BASE_COST,REASONCODE,REASONDESCRIPTION
2014-07-18T21:48:30Z,e36a34f7-6d5d-73c7-f7bd-374ea75cd72b,c5158255-687a-50c0-e87a-c91c0307569f,54550000,Seizure Count Cerebral Cortex Electroencephalogram (EEG),14251.42,,
2020-02-12T13:58:51Z,76873105-0588-efc0-515a-e64dae892615,23122ace-8a60-8f44-2e0a-7b3aa9e5aa4b,40701008,Echocardiography (procedure),1278.59,230690007,Stroke
2020-02-12T13:58:51Z,76873105-0588-efc0-515a-e64dae892615,23122ace-8a60-8f44-2e0a-7b3aa9e5aa4b,433112001,Percutaneous mechanical thrombectomy of portal vein using fluoroscopic guidance,28486.29,230690007,Stroke
2021-02-10T17:04:03Z,ac9b6211-b63c-9ed1-ce12-2684a0d470ea,95d115be-9cf9-723b-4c26-89e9f48abb87,54550000,Seizure Count Cerebral Cortex Electroencephalogram (EEG),10008.95,,
2011-07-13T22:47:49Z,5ccd03bf-c8bc-08a7-f097-5644c86b930d,97c25fdb-31ad-2d2a-79db-7a0b4fa74199,40701008,Echocardiography (procedure),1009.85,230690007,Stroke
2011-07-13T22:47:49Z,5ccd03bf-c8bc-08a7-f097-5644c86b930d,97c25fdb-31ad-2d2a-79db-7a0b4fa74199,433112001,Percutaneous mechanical thrombectomy of portal vein using fluoroscopic guidance,14615.95,230690007,Stroke
2011-05-28T08:51:47Z,01350c81-51b5-8a12-dbc8-9708dc5ccd6f,2e76669b-0aaa-5a69-8459-17703a5657ec,18286008,Catheter ablation of tissue of heart,13115.34,49436004,Atrial Fibrillation
2012-06-02T08:51:47Z,01350c81-51b5-8a12-dbc8-9708dc5ccd6f,f030bbf1-dd2b-44ec-da62-f1478990d517,18286008,Catheter ablation of tissue of heart,17122.32,49436004,Atrial Fibrillation
2013-06-08T08:51:47Z,01350c81-51b5-8a12-dbc8-9708dc5ccd6f,958eeb93-bbfe-f280-677b-fcc9a7515488,180325003,Electrical cardioversion,45469.62,49436004,Atrial Fibrillation
2014-06-14T08:51:47Z,01350c81-51b5-8a12-dbc8-9708dc5ccd6f,919f88a6-a9f1-66b4-c4e1-883e2c66635d,180325003,Electrical cardioversion,40766.12,49436004,Atrial Fibrillation
2015-06-20T08:51:47Z,01350c81-51b5-8a12-dbc8-9708dc5ccd6f,428616ed-be37-2c65-fd85-cbc0e81f1c4d,180325003,Electrical cardioversion,28644.31,49436004,Atrial Fibrillation
2016-06-25T08:51:47Z,01350c81-51b5-8a12-dbc8-9708dc5ccd6f,8a342d82-965e-d464-00da-2d13d8ca80e9,180325003,Electrical cardioversion,32569.56,49436004,Atrial Fibrillation
2017-07-01T08:51:47Z,01350c81-51b5-8a12-dbc8-9708dc5ccd6f,498590c1-8589-3a55-85d9-6cafe1fca324,18286008,Catheter ablation of tissue of heart,11229.25,49436004,Atrial Fibrillation
2018-07-07T08:51:47Z,01350c81-51b5-8a12-dbc8-9708dc5ccd6f,dcaf7788-6be6-b3d9-f0df-101d103e6315,180325003,Electrical cardioversion,22454.87,49436004,Atrial Fibrillation
2019-07-13T08:51:47Z,01350c81-51b5-8a12-dbc8-9708dc5ccd6f,ba426f9d-50b5-8def-d9da-9d8308d4c4fa,18286008,Catheter ablation of tissue of heart,8808.29,49436004,Atrial Fibrillation
2020-07-18T08:51:47Z,01350c81-51b5-8a12-dbc8-9708dc5ccd6f,e601956e-15e0-7c97-0242-7c8013992380,180325003,Electrical cardioversion,30041.59,49436004,Atrial Fibrillation
2009-01-15T11:15:44Z,6ffb2bf7-f9dc-e603-50bc-d8e2afd224bb,940bc4c3-837e-bdbb-1518-8a5fd7020a1e,40701008,Echocardiography (procedure),1676.23,230690007,Stroke
2009-01-15T11:15:44Z,6ffb2bf7-f9dc-e603-50bc-d8e2afd224bb,940bc4c3-837e-bdbb-1518-8a5fd7020a1e,433112001,Percutaneous mechanical thrombectomy of portal vein using fluoroscopic guidance,14892.89,230690007,Stroke
1988-06-26T02:02:33Z,fd2219d4-4082-1f9e-fc08-c63a5fda91c4,fe2f46d3-9236-d987-bc39-900b7b4e1508,54550000,Seizure Count Cerebral Cortex Electroencephalogram (EEG),19120.63,,
2013-06-06T11:29:50Z,076f7cce-f0f0-8f1a-14e8-971b5f548f75,1998f478-24bd-d506-9ee0-dac8973a4ae7,18286008,Catheter ablation of tissue of heart,11733.26,49436004,Atrial Fibrillation
2014-06-12T11:29:50Z,076f7cce-f0f0-8f1a-14e8-971b5f548f75,fd7729b5-c704-7bf7-687a-1f9e69c76525,180325003,Electrical cardioversion,21531.67,49436004,Atrial Fibrillation
2015-06-18T11:29:50Z,076f7cce-f0f0-8f1a-14e8-971b5f548f75,191bc3af-a842-ff82-f43b-10d3b6cd91d9,18286008,Catheter ablation of tissue of heart,10419.24,49436004,Atrial Fibrillation
2016-06-23T11:29:50Z,076f7cce-f0f0-8f1a-14e8-971b5f548f75,bf6fa01c-3c29-ff4c-9de7-2610e27c38a4,180325003,Electrical cardioversion,41868.90,49436004,Atrial Fibrillation
2017-06-29T11:29:50Z,076f7cce-f0f0-8f1a-14e8-971b5f548f75,086ebb59-d254-d23c-a744-3088660896a6,180325003,Electrical cardioversion,28976.28,49436004,Atrial Fibrillation
2018-07-05T11:29:50Z,076f7cce-f0f0-8f1a-14e8-971b5f548f75,c943660d-6872-4e84-32db-1caf6bb7f023,180325003,Electrical cardioversion,42955.41,49436004,Atrial Fibrillation
2019-07-11T11:29:50Z,076f7cce-f0f0-8f1a-14e8-971b5f548f75,2866bfed-fde3-8de0-6996-9b34b828b863,180325003,Electrical cardioversion,41018.32,49436004,Atrial Fibrillation
2020-07-16T11:29:50Z,076f7cce-f0f0-8f1a-14e8-971b5f548f75,29cd8bdc-63cc-3220-50ee-e533252bd3d8,180325003,Electrical cardioversion,17951.44,49436004,Atrial Fibrillation
2009-02-01T20:34:08Z,909a374e-99e9-9f12-d5ec-ab64e013a394,e8af8e5c-a57e-4e2d-a81c-4405193db1a3,40701008,Echocardiography (procedure),1327.25,230690007,Stroke
2009-02-01T20:34:08Z,909a374e-99e9-9f12-d5ec-ab64e013a394,e8af8e5c-a57e-4e2d-a81c-4405193db1a3,433112001,Percutaneous mechanical thrombectomy of portal vein using fluoroscopic guidance,23475.38,230690007,Stroke
2011-05-10T20:37:38Z,6221893f-7632-7770-da8d-f93391b6490f,8e63fbc0-e060-2052-9a52-a86e56e30b18,180325003,Electrical cardioversion,32566.47,49436004,Atrial Fibrillation
2012-05-15T20:37:38Z,6221893f-7632-7770-da8d-f93391b6490f,1913e1ac-5a64-b501-be28-e1c904cefb43,180325003,Electrical cardioversion,26780.50,49436004,Atrial Fibrillation
2013-05-21T20:37:38Z,6221893f-7632-7770-da8d-f93391b6490f,8fe239ca-7d84-9fe9-8f65-e16ff6801cef,180325003,Electrical cardioversion,50794.60,49436004,Atrial Fibrillation
2014-05-27T20:37:38Z,6221893f-7632-7770-da8d-f93391b6490f,24d79eda-e053-3a01-d9e4-262a3b511394,180325003,Electrical cardioversion,33917.31,49436004,Atrial Fibrillation
2015-06-02T20:37:38Z,6221893f-7632-7770-da8d-f93391b6490f,55d93e94-f9ed-c62d-b1ac-09d033e8af12,180325003,Electrical cardioversion,40020.12,49436004,Atrial Fibrillation
2016-06-07T20:37:38Z,6221893f-7632-7770-da8d-f93391b6490f,87e20bb6-1ec3-bbbf-30de-138bd4c9a3d1,180325003,Electrical cardioversion,38758.66,49436004,Atrial Fibrillation
2017-06-13T20:37:38Z,6221893f-7632-7770-da8d-f93391b6490f,76d47d5b-c83a-b541-55b3-b941c9632129,180325003,Electrical cardioversion,27519.45,49436004,Atrial Fibrillation
2018-06-19T20:37:38Z,6221893f-7632-7770-da8d-f93391b6490f,66d86f94-51dc-0771-3446-444d4529ea04,180325003,Electrical cardioversion,14315.93,49436004,Atrial Fibrillation
2019-06-25T20:37:38Z,6221893f-7632-7770-da8d-f93391b6490f,a75df930-4516-448c-0e92-cd6dae97d3c2,180325003,Electrical cardioversion,23300.07,49436004,Atrial Fibrillation
2020-06-30T20:37:38Z,6221893f-7632-7770-da8d-f93391b6490f,a0174adc-5c7d-2fcf-212d-83ff9569cf5c,180325003,Electrical cardioversion,26252.42,49436004,Atrial Fibrillation
2014-08-20T12:50:52Z,856b3c1a-0834-86ae-bb3e-2d140a9118b6,c0bc78d5-59fd-1355-8f8f-08e64bc22885,54550000,Seizure Count Cerebral Cortex Electroencephalogram (EEG),11785.65,,
2015-11-04T07:51:12Z,96743887-346d-1da9-6484-1e824a3c9acf,fc2a3903-6fad-6f47-7450-65350eb9ac24,40701008,Echocardiography (procedure),1638.53,230690007,Stroke
2015-11-04T07:51:12Z,96743887-346d-1da9-6484-1e824a3c9acf,fc2a3903-6fad-6f47-7450-65350eb9ac24,433112001,Percutaneous mechanical thrombectomy of portal vein using fluoroscopic guidance,26968.86,230690007,Stroke
2011-05-05T18:17:07Z,cdab36a9-bbff-daf7-45a6-0c26a1318977,bb13e5dc-8abf-31ed-6695-63da00e66974,18286008,Catheter ablation of tissue of heart,8227.72,49436004,Atrial Fibrillation
2012-05-10T18:17:07Z,cdab36a9-bbff-daf7-45a6-0c26a1318977,c2d6b741-d77e-48cb-fb1a-a8d65264a358,18286008,Catheter ablation of tissue of heart,7763.73,49436004,Atrial Fibrillation
2013-05-16T18:17:07Z,cdab36a9-bbff-daf7-45a6-0c26a1318977,2b6b3e0d-f5c1-95a6-c38d-15f74aae3a4e,180325003,Electrical cardioversion,30193.45,49436004,Atrial Fibrillation
2014-05-22T18:17:07Z,cdab36a9-bbff-daf7-45a6-0c26a1318977,ebdd2326-09a1-decc-86d1-654732a91c34,180325003,Electrical cardioversion,42988.59,49436004,Atrial Fibrillation
2015-05-28T18:17:07Z,cdab36a9-bbff-daf7-45a6-0c26a1318977,0e309c0f-95b1-dddd-3df4-36a219191080,180325003,Electrical cardioversion,43978.46,49436004,Atrial Fibrillation
2016-06-02T18:17:07Z,cdab36a9-bbff-daf7-45a6-0c26a1318977,0d394da1-951a-7e66-89a8-13887027d185,180325003,Electrical cardioversion,34708.14,49436004,Atrial Fibrillation
2017-06-08T18:17:07Z,cdab36a9-bbff-daf7-45a6-0c26a1318977,70f025fb-b2e9-e2ce-777f-5c33f87ef5f5,18286008,Catheter ablation of tissue of heart,9375.46,49436004,Atrial Fibrillation
2018-06-14T18:17:07Z,cdab36a9-bbff-daf7-45a6-0c26a1318977,edf861b7-1c53-5375-252f-71ed7a586ea6,180325003,Electrical cardioversion,41403.66,49436004,Atrial Fibrillation
2019-06-20T18:17:07Z,cdab36a9-bbff-daf7-45a6-0c26a1318977,eb53305e-06dc-7c19-d72b-b29ae7f29c98,18286008,Catheter ablation of tissue of heart,7281.08,49436004,Atrial Fibrillation
2020-06-25T18:17:07Z,cdab36a9-bbff-daf7-45a6-0c26a1318977,3d44ac1c-6c56-9b7c-05bc-199c60214337,180325003,Electrical cardioversion,35934.16,49436004,Atrial Fibrillation
2012-01-01T19:29:33Z,797d91ba-cb24-4593-786c-758fe6bae1d7,3d5a970c-c1f7-6fa2-b419-d009c4288547,40701008,Echocardiography (procedure),583.78,230690007,Stroke
2012-01-01T19:29:33Z,797d91ba-cb24-4593-786c-758fe6bae1d7,3d5a970c-c1f7-6fa2-b419-d009c4288547,433112001,Percutaneous mechanical thrombectomy of portal vein using fluoroscopic guidance,21783.04,230690007,Stroke
1978-10-25T04:34:41Z,6f332382-36c8-f2a4-8276-de2517f0f4ba,2923a4df-dbf9-45b3-a69b-b52d5fc914a6,40701008,Echocardiography (procedure),631.73,230690007,Stroke
1978-10-25T04:34:41Z,6f332382-36c8-f2a4-8276-de2517f0f4ba,2923a4df-dbf9-45b3-a69b-b52d5fc914a6,433112001,Percutaneous mechanical thrombectomy of portal vein using fluoroscopic guidance,20328.75,230690007,Stroke
2013-11-03T04:20:27Z,7a9e0b43-fc09-94d6-efdb-092c16df8948,bdb32a5a-56db-e6d9-f4a2-62aaf960af87,40701008,Echocardiography (procedure),1085.15,230690007,Stroke
2013-11-03T04:20:27Z,7a9e0b43-fc09-94d6-efdb-092c16df8948,bdb32a5a-56db-e6d9-f4a2-62aaf960af87,433112001,Percutaneous mechanical thrombectomy of portal vein using fluoroscopic guidance,26034.78,230690007,Stroke
2014-06-24T05:36:07Z,33b4e987-5d21-fda0-a34c-35c6d2f3b731,86857bc0-8719-2a93-edaa-46b3f6de35c5,180325003,Electrical cardioversion,26616.61,49436004,Atrial Fibrillation
2015-06-30T05:36:07Z,33b4e987-5d21-fda0-a34c-35c6d2f3b731,526219b6-a184-34a5-d67c-d65ad966b42b,18286008,Catheter ablation of tissue of heart,6955.73,49436004,Atrial Fibrillation
2016-07-05T05:36:07Z,33b4e987-5d21-fda0-a34c-35c6d2f3b731,46459310-b605-651b-88ba-5e218df41933,180325003,Electrical cardioversion,20220.83,49436004,Atrial Fibrillation
2017-07-11T05:36:07Z,33b4e987-5d21-fda0-a34c-35c6d2f3b731,0d64e180-6e59-72bf-6f57-b9990eccb19b,180325003,Electrical cardioversion,22031.71,49436004,Atrial Fibrillation
2018-07-17T05:36:07Z,33b4e987-5d21-fda0-a34c-35c6d2f3b731,2797418e-2c3c-d3eb-a08b-a1842bd01e0a,180325003,Electrical cardioversion,22494.32,49436004,Atrial Fibrillation
2019-07-23T05:36:07Z,33b4e987-5d21-fda0-a34c-35c6d2f3b731,2d339fe1-918e-5c84-2365-24bc8655a41c,180325003,Electrical cardioversion,27272.69,49436004,Atrial Fibrillation
2020-07-28T05:36:07Z,33b4e987-5d21-fda0-a34c-35c6d2f3b731,e00116c2-f529-4726-28d6-4b590675fcbd,180325003,Electrical cardioversion,16536.33,49436004,Atrial Fibrillation
2014-01-31T20:40:05Z,4e61dd56-7f7e-3d46-ab1c-a05f093a8590,caa91e8a-4ef6-c81d-052c-8a50fce44010,40701008,Echocardiography (procedure),1054.80,410429000,Cardiac Arrest
2014-01-31T20:40:05Z,4e61dd56-7f7e-3d46-ab1c-a05f093a8590,caa91e8a-4ef6-c81d-052c-8a50fce44010,447365002,Insertion of biventricular implantable cardioverter defibrillator,32637.26,410429000,Cardiac Arrest
2014-01-31T20:40:05Z,4e61dd56-7f7e-3d46-ab1c-a05f093a8590,caa91e8a-4ef6-c81d-052c-8a50fce44010,18286008,Catheter ablation of tissue of heart,10888.14,410429000,Cardiac Arrest
1997-09-29T16:07:39Z,2c3a9e75-f816-bba8-b013-4fc2749535bc,cfed42ef-c185-8144-7801-2f2a4222e524,40701008,Echocardiography (procedure),1074.05,22298006,Myocardial Infarction
1997-09-29T16:07:39Z,2c3a9e75-f816-bba8-b013-4fc2749535bc,cfed42ef-c185-8144-7801-2f2a4222e524,415070008,Percutaneous coronary intervention,26747.75,22298006,Myocardial Infarction
1997-09-29T16:07:39Z,2c3a9e75-f816-bba8-b013-4fc2749535bc,cfed42ef-c185-8144-7801-2f2a4222e524,232717009,Coronary artery bypass grafting,55660.89,22298006,Myocardial Infarction
2011-12-08T13:40:54Z,d104a61e-c0aa-6e3a-f1f1-e538760c9cac,9334e397-4b2a-7f5f-8ab7-52045d5a108b,180325003,Electrical cardioversion,18130.83,49436004,Atrial Fibrillation
2012-12-13T13:40:54Z,d104a61e-c0aa-6e3a-f1f1-e538760c9cac,a69d8e56-fe7d-f907-8169-759729539918,180325003,Electrical cardioversion,35805.61,49436004,Atrial Fibrillation
2013-12-19T13:40:54Z,d104a61e-c0aa-6e3a-f1f1-e538760c9cac,d55176d2-6a29-d857-f05d-93647908d131,180325003,Electrical cardioversion,23570.55,49436004,Atrial Fibrillation
2014-12-25T13:40:54Z,d104a61e-c0aa-6e3a-f1f1-e538760c9cac,0acb67d4-a176-6834-5d4a-622cebacf5cb,180325003,Electrical cardioversion,39612.40,49436004,Atrial Fibrillation
2015-12-31T13:40:54Z,d104a61e-c0aa-6e3a-f1f1-e538760c9cac,7a0958e5-8834-ba9f-abcb-0df16acbe9b7,180325003,Electrical cardioversion,27955.52,49436004,Atrial Fibrillation
2017-01-05T13:40:54Z,d104a61e-c0aa-6e3a-f1f1-e538760c9cac,ea69db62-5244-7905-87f4-63b5e1cff012,18286008,Catheter ablation of tissue of heart,10808.09,49436004,Atrial Fibrillation
2018-01-11T13:40:54Z,d104a61e-c0aa-6e3a-f1f1-e538760c9cac,7c10b5e5-7e35-e5d5-772a-758906041a01,180325003,Electrical cardioversion,38638.39,49436004,Atrial Fibrillation
2019-01-17T13:40:54Z,d104a61e-c0aa-6e3a-f1f1-e538760c9cac,396f51ec-aa11-e353-4add-fac30c635b9e,180325003,Electrical cardioversion,33804.04,49436004,Atrial Fibrillation
2020-01-23T13:40:54Z,d104a61e-c0aa-6e3a-f1f1-e538760c9cac,7633dfc0-a79b-13ab-2d88-f08c9b0f7c2d,180325003,Electrical cardioversion,16518.48,49436004,Atrial Fibrillation
2021-01-28T13:40:54Z,d104a61e-c0aa-6e3a-f1f1-e538760c9cac,02ac548e-cef8-6649-31b6-3ea56a4a5592,180325003,Electrical cardioversion,33680.05,49436004,Atrial Fibrillation
1954-03-14T21:18:44Z,31744229-95be-297d-8faf-04f1704c29f1,79d87a57-8832-66e2-0d29-5373a25eb486,40701008,Echocardiography (procedure),1650.58,22298006,Myocardial Infarction
1954-03-14T21:18:44Z,31744229-95be-297d-8faf-04f1704c29f1,79d87a57-8832-66e2-0d29-5373a25eb486,415070008,Percutaneous coronary intervention,17461.75,22298006,Myocardial Infarction
1954-03-14T21:18:44Z,31744229-95be-297d-8faf-04f1704c29f1,79d87a57-8832-66e2-0d29-5373a25eb486,232717009,Coronary artery bypass grafting,64633.35,22298006,Myocardial Infarction
2012-02-21T05:39:57Z,c9b7df2e-804a-779a-33f7-de98799627c3,33f3427f-5269-7816-a2ba-2045a3d91c02,40701008,Echocardiography (procedure),598.19,230690007,Stroke
2012-02-21T05:39:57Z,c9b7df2e-804a-779a-33f7-de98799627c3,33f3427f-5269-7816-a2ba-2045a3d91c02,433112001,Percutaneous mechanical thrombectomy of portal vein using fluoroscopic guidance,23404.54,230690007,Stroke
2017-10-14T12:22:58Z,bc1a9290-76ef-efe4-a60b-4f379552a772,844a3401-e537-8fc8-e3b6-61fb925ef49e,40701008,Echocardiography (procedure),842.00,230690007,Stroke
2017-10-14T12:22:58Z,bc1a9290-76ef-efe4-a60b-4f379552a772,844a3401-e537-8fc8-e3b6-61fb925ef49e,433112001,Percutaneous mechanical thrombectomy of portal vein using fluoroscopic guidance,34802.28,230690007,Stroke
1940-05-02T11:06:39Z,fb7bf63a-d153-ce57-03ce-ca3e0b91c1c2,5d02ce69-946d-5c3c-f1bb-b122c706b00c,54550000,Seizure Count Cerebral Cortex Electroencephalogram (EEG),9757.88,,
1940-09-30T12:06:51Z,fb7bf63a-d153-ce57-03ce-ca3e0b91c1c2,db724935-527b-ce56-3310-855b7ccee538,54550000,Seizure Count Cerebral Cortex Electroencephalogram (EEG),7723.78,,
2020-09-11T11:06:39Z,b379f243-b73b-0a9f-691a-24a6219354c3,ae7c9f05-7fca-c1d7-fb5c-6f5f489bba74,40701008,Echocardiography (procedure),785.48,230690007,Stroke
2020-09-11T11:06:39Z,b379f243-b73b-0a9f-691a-24a6219354c3,ae7c9f05-7fca-c1d7-fb5c-6f5f489bba74,433112001,Percutaneous mechanical thrombectomy of portal vein using fluoroscopic guidance,22089.03,230690007,Stroke
1985-12-14T10:07:01Z,2d4c9465-a576-e318-9f49-5122b4b3defd,7195c14d-fa27-7142-55a3-86d818ee9c0e,40701008,Echocardiography (procedure),1160.52,410429000,Cardiac Arrest
1985-12-14T10:07:01Z,2d4c9465-a576-e318-9f49-5122b4b3defd,7195c14d-fa27-7142-55a3-86d818ee9c0e,447365002,Insertion of biventricular implantable cardioverter defibrillator,36602.95,410429000,Cardiac Arrest
1985-12-14T10:07:01Z,2d4c9465-a576-e318-9f49-5122b4b3defd,7195c14d-fa27-7142-55a3-86d818ee9c0e,18286008,Catheter ablation of tissue of heart,13962.94,410429000,Cardiac Arrest
2015-07-16T16:41:30Z,55ded8dc-fa73-4d9e-5ed6-c288d8704ff1,02ec6592-c70f-5c4e-783d-fbfda3e9aa7d,180325003,Electrical cardioversion,24597.28,49436004,Atrial Fibrillation
2016-07-21T16:41:30Z,55ded8dc-fa73-4d9e-5ed6-c288d8704ff1,a5813395-0779-9199-48d0-707070270ab6,180325003,Electrical cardioversion,20017.96,49436004,Atrial Fibrillation
2017-07-27T16:41:30Z,55ded8dc-fa73-4d9e-5ed6-c288d8704ff1,11ce6384-c0aa-f294-249d-5cd35751c4dc,180325003,Electrical cardioversion,34361.79,49436004,Atrial Fibrillation
2018-08-02T16:41:30Z,55ded8dc-fa73-4d9e-5ed6-c288d8704ff1,2311e264-bf46-d0ab-85c4-815fb3760603,180325003,Electrical cardioversion,25303.71,49436004,Atrial Fibrillation
2019-08-08T16:41:30Z,55ded8dc-fa73-4d9e-5ed6-c288d8704ff1,fbd743b4-488b-e820-adb7-cc2eb52316cb,180325003,Electrical cardioversion,20125.58,49436004,Atrial Fibrillation
2020-08-13T16:41:30Z,55ded8dc-fa73-4d9e-5ed6-c288d8704ff1,e1e1a400-16ea-d10e-0283-0fec0f09de08,180325003,Electrical cardioversion,38346.78,49436004,Atrial Fibrillation
2020-06-17T14:34:40Z,096ef4b4-c6ff-2e41-541b-09039d52ac43,a27e8fd9-d2f0-8e43-9057-4e828c958f65,40701008,Echocardiography (procedure),1986.15,22298006,Myocardial Infarction
2020-06-17T14:34:40Z,096ef4b4-c6ff-2e41-541b-09039d52ac43,a27e8fd9-d2f0-8e43-9057-4e828c958f65,415070008,Percutaneous coronary intervention,20505.10,22298006,Myocardial Infarction
2020-06-17T14:34:40Z,096ef4b4-c6ff-2e41-541b-09039d52ac43,a27e8fd9-d2f0-8e43-9057-4e828c958f65,232717009,Coronary artery bypass grafting,46070.03,22298006,Myocardial Infarction
2016-09-14T20:37:50Z,53747d10-334c-91b1-581d-0a67cbd1aa2e,02e645ec-1b38-69cc-7d24-ea899cc1b860,180325003,Electrical cardioversion,27959.37,49436004,Atrial Fibrillation
2016-12-21T20:37:50Z,53747d10-334c-91b1-581d-0a67cbd1aa2e,4a56d121-69c9-9444-9b23-60f54a847077,40701008,Echocardiography (procedure),1175.17,230690007,Stroke
2016-12-21T20:37:50Z,53747d10-334c-91b1-581d-0a67cbd1aa2e,4a56d121-69c9-9444-9b23-60f54a847077,433112001,Percutaneous mechanical thrombectomy of portal vein using fluoroscopic guidance,11654.67,230690007,Stroke
2015-03-22T01:49:23Z,f6e144ca-a58f-be7b-7bf9-53182962abf5,4ece97e2-5956-d8f9-7055-699e201110a5,180325003,Electrical cardioversion,35680.70,49436004,Atrial Fibrillation
2016-03-27T01:49:23Z,f6e144ca-a58f-be7b-7bf9-53182962abf5,f9671876-8d51-81f6-5678-ed34135d3745,18286008,Catheter ablation of tissue of heart,14606.59,49436004,Atrial Fibrillation
2017-04-02T01:49:23Z,f6e144ca-a58f-be7b-7bf9-53182962abf5,2de92d39-e1e6-ed07-e923-6f597c7dde4a,180325003,Electrical cardioversion,26381.66,49436004,Atrial Fibrillation
2018-04-08T01:49:23Z,f6e144ca-a58f-be7b-7bf9-53182962abf5,1ba3719c-ffd8-caf6-de24-b8d67315e4e9,180325003,Electrical cardioversion,36598.13,49436004,Atrial Fibrillation
2019-04-14T01:49:23Z,f6e144ca-a58f-be7b-7bf9-53182962abf5,3df2a3fd-59d2-395c-c2ee-00a138ddee40,180325003,Electrical cardioversion,40091.61,49436004,Atrial Fibrillation
2020-04-19T01:49:23Z,f6e144ca-a58f-be7b-7bf9-53182962abf5,88ef62f5-abea-d768-28b9-db4d3eb78dbe,180325003,Electrical cardioversion,32698.01,49436004,Atrial Fibrillation
2020-11-09T22:44:37Z,5c839476-d736-3679-ab82-bc3590cbf973,0dcae151-74e8-d095-d291-0b72f6c3e08e,40701008,Echocardiography (procedure),618.48,410429000,Cardiac Arrest
2020-11-09T22:44:37Z,5c839476-d736-3679-ab82-bc3590cbf973,0dcae151-74e8-d095-d291-0b72f6c3e08e,447365002,Insertion of biventricular implantable cardioverter defibrillator,17931.68,410429000,Cardiac Arrest
2020-11-09T22:44:37Z,5c839476-d736-3679-ab82-bc3590cbf973,0dcae151-74e8-d095-d291-0b72f6c3e08e,18286008,Catheter ablation of tissue of heart,16439.43,410429000,Cardiac Arrest
1998-07-15T06:59:09Z,222ea891-5e7c-b4e3-e1d1-6ebad4edde90,534babe3-0500-d930-02b4-f3150d0ded45,54550000,Seizure Count Cerebral Cortex Electroencephalogram (EEG),8442.34,,
2011-11-12T14:16:10Z,49ee4a91-e2ce-c15f-7744-42c528b88224,81dd00a2-7db5-6743-374c-ce1a9e52b72b,180325003,Electrical cardioversion,41339.89,49436004,Atrial Fibrillation
2012-11-17T14:16:10Z,49ee4a91-e2ce-c15f-7744-42c528b88224,2630fba0-0819-2026-8032-abc233e09ad7,180325003,Electrical cardioversion,22279.07,49436004,Atrial Fibrillation
2013-11-23T14:16:10Z,49ee4a91-e2ce-c15f-7744-42c528b88224,c1857c9d-2a51-8460-2eb4-7d7b1b9bc3b1,180325003,Electrical cardioversion,42237.19,49436004,Atrial Fibrillation
2014-11-29T14:16:10Z,49ee4a91-e2ce-c15f-7744-42c528b88224,c4d78207-f5a6-71ed-631e-5660862b9b74,18286008,Catheter ablation of tissue of heart,8555.17,49436004,Atrial Fibrillation
2015-12-05T14:16:10Z,49ee4a91-e2ce-c15f-7744-42c528b88224,e73d7c77-f001-0b8f-9e99-e2a08da46ad8,180325003,Electrical cardioversion,36202.58,49436004,Atrial Fibrillation
2016-12-10T14:16:10Z,49ee4a91-e2ce-c15f-7744-42c528b88224,61643c49-01ff-d8ce-3233-a1297688a338,180325003,Electrical cardioversion,32312.77,49436004,Atrial Fibrillation
2017-12-16T14:16:10Z,49ee4a91-e2ce-c15f-7744-42c528b88224,de74a46b-1ade-6240-258d-849f5f629e74,180325003,Electrical cardioversion,35039.45,49436004,Atrial Fibrillation
2018-12-22T14:16:10Z,49ee4a91-e2ce-c15f-7744-42c528b88224,01213676-7d83-ce0a-e866-2f93ef5ff918,180325003,Electrical cardioversion,38734.36,49436004,Atrial Fibrillation
2019-12-28T14:16:10Z,49ee4a91-e2ce-c15f-7744-42c528b88224,9ff7cbff-8d40-40a6-d0db-3ff8cf45eabd,180325003,Electrical cardioversion,44978.37,49436004,Atrial Fibrillation
2021-01-02T14:16:10Z,49ee4a91-e2ce-c15f-7744-42c528b88224,01051132-6af9-05e5-fbc0-5dd10ba840af,180325003,Electrical cardioversion,20084.74,49436004,Atrial Fibrillation
1982-08-27T12:24:28Z,afc65ecb-2810-9ece-ac6d-b50fdcb845e1,8239790d-4cf7-5f37-2af2-385eb9dd7bf0,40701008,Echocardiography (procedure),1420.73,22298006,Myocardial Infarction
1982-08-27T12:24:28Z,afc65ecb-2810-9ece-ac6d-b50fdcb845e1,8239790d-4cf7-5f37-2af2-385eb9dd7bf0,415070008,Percutaneous coronary intervention,15715.05,22298006,Myocardial Infarction
1982-08-27T12:24:28Z,afc65ecb-2810-9ece-ac6d-b50fdcb845e1,8239790d-4cf7-5f37-2af2-385eb9dd7bf0,232717009,Coronary artery bypass grafting,52800.12,22298006,Myocardial Infarction
2013-07-24T21:05:29Z,d4f31499-fc5b-df7f-b290-bcc5dddfbba4,5cbbfcce-41ff-2533-60f6-4024fc1dea93,18286008,Catheter ablation of tissue of heart,15763.42,49436004,Atrial Fibrillation
2014-07-30T21:05:29Z,d4f31499-fc5b-df7f-b290-bcc5dddfbba4,a564bfe8-1117-4252-e286-6f41dc77e8ff,180325003,Electrical cardioversion,43527.71,49436004,Atrial Fibrillation
2015-08-05T21:05:29Z,d4f31499-fc5b-df7f-b290-bcc5dddfbba4,3edb6957-b617-be9b-5ec4-73a9afc42649,180325003,Electrical cardioversion,32775.09,49436004,Atrial Fibrillation
2016-08-10T21:05:29Z,d4f31499-fc5b-df7f-b290-bcc5dddfbba4,1cd338be-fd7a-0cc1-0069-1c64ce6f313b,180325003,Electrical cardioversion,26715.49,49436004,Atrial Fibrillation
2017-08-16T21:05:29Z,d4f31499-fc5b-df7f-b290-bcc5dddfbba4,3072e016-e216-18ac-dcf6-c53976f9598c,18286008,Catheter ablation of tissue of heart,12201.32,49436004,Atrial Fibrillation
2018-08-22T21:05:29Z,d4f31499-fc5b-df7f-b290-bcc5dddfbba4,d7c3444f-60bf-3e7c-442c-1b602c7e2885,180325003,Electrical cardioversion,22058.45,49436004,Atrial Fibrillation
2019-08-28T21:05:29Z,d4f31499-fc5b-df7f-b290-bcc5dddfbba4,42f1331a-160b-2dcc-1891-f97b3ba83fe7,180325003,Electrical cardioversion,21765.92,49436004,Atrial Fibrillation
2020-09-02T21:05:29Z,d4f31499-fc5b-df7f-b290-bcc5dddfbba4,5c942204-328d-3d3a-8f76-8ec659c9c30b,180325003,Electrical cardioversion,25965.66,49436004,Atrial Fibrillation
2015-08-12T19:35:52Z,0b3ca0fe-0583-2209-cfc2-c287adb91b9f,29d4cf83-965b-b5ad-16af-ecfd64fdd86f,180325003,Electrical cardioversion,41473.64,49436004,Atrial Fibrillation
2016-08-17T19:35:52Z,0b3ca0fe-0583-2209-cfc2-c287adb91b9f,ff409a5d-304e-2bb8-61f1-7f32d9324c49,180325003,Electrical cardioversion,22629.80,49436004,Atrial Fibrillation
2017-08-23T19:35:52Z,0b3ca0fe-0583-2209-cfc2-c287adb91b9f,ea939e42-2c6f-e603-351a-eb7350cbc7ec,180325003,Electrical cardioversion,33125.90,49436004,Atrial Fibrillation
2018-08-29T19:35:52Z,0b3ca0fe-0583-2209-cfc2-c287adb91b9f,1b5f2c8c-fc2c-ff72-636b-8a0d810fcaa3,18286008,Catheter ablation of tissue of heart,15948.56,49436004,Atrial Fibrillation
2019-09-04T19:35:52Z,0b3ca0fe-0583-2209-cfc2-c287adb91b9f,67152a93-c17d-1d3e-1eff-4ab4187edac7,18286008,Catheter ablation of tissue of heart,6405.16,49436004,Atrial Fibrillation
2020-09-09T19:35:52Z,0b3ca0fe-0583-2209-cfc2-c287adb91b9f,e6434c3c-d02c-57fb-cde3-8329d0564063,180325003,Electrical cardioversion,22805.84,49436004,Atrial Fibrillation
2020-08-04T13:44:40Z,5249dbb8-3395-9a6b-41f5-1fca8e8f1a61,fa083e56-6bec-d224-2fe7-b281fb5bf231,40701008,Echocardiography (procedure),1311.91,230690007,Stroke
2020-08-04T13:44:40Z,5249dbb8-3395-9a6b-41f5-1fca8e8f1a61,fa083e56-6bec-d224-2fe7-b281fb5bf231,433112001,Percutaneous mechanical thrombectomy of portal vein using fluoroscopic guidance,36485.54,230690007,Stroke
1977-01-20T06:51:46Z,4655aaee-ee43-47e3-639e-f0985afe9a23,7d10c9e3-e2a7-427b-1400-2eed9549494b,54550000,Seizure Count Cerebral Cortex Electroencephalogram (EEG),14764.29,,
2015-10-18T06:51:46Z,663c693d-02b7-0fd1-a59e-de01d47f95ac,ced3014c-6db8-63c9-6f85-e2195be9f29e,180325003,Electrical cardioversion,44542.31,49436004,Atrial Fibrillation
2016-10-23T06:51:46Z,663c693d-02b7-0fd1-a59e-de01d47f95ac,507b41c5-be55-ff41-898a-ba6fbc9e7d0f,180325003,Electrical cardioversion,39145.66,49436004,Atrial Fibrillation
2017-10-29T06:51:46Z,663c693d-02b7-0fd1-a59e-de01d47f95ac,d99805ee-8f31-8e0f-06ca-c0e2b4ce9a36,18286008,Catheter ablation of tissue of heart,13540.20,49436004,Atrial Fibrillation
2018-11-04T06:51:46Z,663c693d-02b7-0fd1-a59e-de01d47f95ac,1f87d44d-21d1-986f-e5b9-daa82a9a201f,180325003,Electrical cardioversion,31952.18,49436004,Atrial Fibrillation
2019-11-10T06:51:46Z,663c693d-02b7-0fd1-a59e-de01d47f95ac,0bb1639a-f80c-eb3b-0761-d1b902330433,180325003,Electrical cardioversion,26334.69,49436004,Atrial Fibrillation
2020-11-15T06:51:46Z,663c693d-02b7-0fd1-a59e-de01d47f95ac,46fdbfef-699a-c038-676e-f89147112da9,180325003,Electrical cardioversion,25168.61,49436004,Atrial Fibrillation
2012-03-09T23:27:35Z,6d3740f5-945c-4c4f-3c81-94779af30a37,82a3a99f-f702-54be-8361-39afb91e6c71,40701008,Echocardiography (procedure),1215.10,230690007,Stroke
2012-03-09T23:27:35Z,6d3740f5-945c-4c4f-3c81-94779af30a37,82a3a99f-f702-54be-8361-39afb91e6c71,433112001,Percutaneous mechanical thrombectomy of portal vein using fluoroscopic guidance,22246.80,230690007,Stroke
2000-11-20T02:04:29Z,66b5eb1e-28c9-6794-c9ff-36712779a6b7,c8bb2eb9-a506-d43a-d0e6-6e347cd7cc8b,40701008,Echocardiography (procedure),1400.81,230690007,Stroke
2000-11-20T02:04:29Z,66b5eb1e-28c9-6794-c9ff-36712779a6b7,c8bb2eb9-a506-d43a-d0e6-6e347cd7cc8b,433112001,Percutaneous mechanical thrombectomy of portal vein using fluoroscopic guidance,30432.55,230690007,Stroke
2013-10-06T18:06:14Z,406e7812-9e86-41ce-9a48-3d71ff6a8f3b,07cb3ad9-8b6a-b32a-aa2e-8afc03f50762,40701008,Echocardiography (procedure),909.65,22298006,Myocardial Infarction
2013-10-06T18:06:14Z,406e7812-9e86-41ce-9a48-3d71ff6a8f3b,07cb3ad9-8b6a-b32a-aa2e-8afc03f50762,415070008,Percutaneous coronary intervention,17298.42,22298006,Myocardial Infarction
2013-10-06T18:06:14Z,406e7812-9e86-41ce-9a48-3d71ff6a8f3b,07cb3ad9-8b6a-b32a-aa2e-8afc03f50762,232717009,Coronary artery bypass grafting,62695.15,22298006,Myocardial Infarction
2012-11-15T10:18:34Z,0aea0e65-83ed-8d5d-5d0e-7f599976295c,4dbea204-dc55-80f9-f8e3-42a0a2d6f057,40701008,Echocardiography (procedure),1813.11,230690007,Stroke
2012-11-15T10:18:34Z,0aea0e65-83ed-8d5d-5d0e-7f599976295c,4dbea204-dc55-80f9-f8e3-42a0a2d6f057,433112001,Percutaneous mechanical thrombectomy of portal vein using fluoroscopic guidance,38293.58,230690007,Stroke
2010-06-08T21:47:50Z,cca126a9-1f3a-10d1-7512-cc2b943ac3d7,604dbe4f-614e-f7d7-8ae2-203c4a3cd95b,54550000,Seizure Count Cerebral Cortex Electroencephalogram (EEG),6153.97,,
2011-12-06T21:47:50Z,cca126a9-1f3a-10d1-7512-cc2b943ac3d7,610cadc2-806c-fd40-0358-0f7214802eca,40701008,Echocardiography (procedure),585.45,410429000,Cardiac Arrest
2011-12-06T21:47:50Z,cca126a9-1f3a-10d1-7512-cc2b943ac3d7,610cadc2-806c-fd40-0358-0f7214802eca,447365002,Insertion of biventricular implantable cardioverter defibrillator,33071.62,410429000,Cardiac Arrest
2011-12-06T21:47:50Z,cca126a9-1f3a-10d1-7512-cc2b943ac3d7,610cadc2-806c-fd40-0358-0f7214802eca,18286008,Catheter ablation of tissue of heart,17364.35,410429000,Cardiac Arrest
1963-02-12T14:31:36Z,96502c9a-a0c9-a51a-457c-364248e0e73a,aa1e91bf-0424-c7df-46f6-3ebd119b6f3d,54550000,Seizure Count Cerebral Cortex Electroencephalogram (EEG),16493.62,,
2019-12-18T16:57:22Z,b368413c-028b-4545-ee62-7d7fedd20d85,0df1e84a-35e8-3186-b233-5b4d1e5c6660,40701008,Echocardiography (procedure),1405.29,230690007,Stroke
2019-12-18T16:57:22Z,b368413c-028b-4545-ee62-7d7fedd20d85,0df1e84a-35e8-3186-b233-5b4d1e5c6660,433112001,Percutaneous mechanical thrombectomy of portal vein using fluoroscopic guidance,13934.73,230690007,Stroke
2012-10-14T22:35:32Z,ea0b964e-8bf2-6f41-d0bd-942d1abe32d3,68fb4c14-3410-fc86-29fb-dfd88bf58fe9,40701008,Echocardiography (procedure),1094.01,230690007,Stroke
2012-10-14T22:35:32Z,ea0b964e-8bf2-6f41-d0bd-942d1abe32d3,68fb4c14-3410-fc86-29fb-dfd88bf58fe9,433112001,Percutaneous mechanical thrombectomy of portal vein using fluoroscopic guidance,25089.16,230690007,Stroke
2020-07-30T21:42:51Z,6ce48ea6-8ec2-7407-5270-d15708fcb5be,5e1569f4-e92f-852a-ea98-1af8cadbabbe,54550000,Seizure Count Cerebral Cortex Electroencephalogram (EEG),9172.04,,
2011-12-30T01:18:12Z,8b2ee293-4c03-7031-427c-abb852b10851,ccb78ec5-dde3-31a9-4816-90c19217fb90,18286008,Catheter ablation of tissue of heart,10382.53,49436004,Atrial Fibrillation
2013-01-04T01:18:12Z,8b2ee293-4c03-7031-427c-abb852b10851,c09bd172-90f1-1046-e582-2db8e0e78ea7,180325003,Electrical cardioversion,34189.36,49436004,Atrial Fibrillation
2014-01-10T01:18:12Z,8b2ee293-4c03-7031-427c-abb852b10851,d33df945-caf9-d949-4dea-d8d8aac7fa32,18286008,Catheter ablation of tissue of heart,14869.30,49436004,Atrial Fibrillation
2015-01-16T01:18:12Z,8b2ee293-4c03-7031-427c-abb852b10851,fffcd76e-5309-71bc-0431-befa40c01036,180325003,Electrical cardioversion,37457.00,49436004,Atrial Fibrillation
2016-01-22T01:18:12Z,8b2ee293-4c03-7031-427c-abb852b10851,19e1d198-e73f-990f-b593-ce6b913b3f8c,180325003,Electrical cardioversion,27700.60,49436004,Atrial Fibrillation
2017-01-27T01:18:12Z,8b2ee293-4c03-7031-427c-abb852b10851,9a7f4572-5498-e050-e443-b01a069f0040,180325003,Electrical cardioversion,29276.85,49436004,Atrial Fibrillation
2018-02-02T01:18:12Z,8b2ee293-4c03-7031-427c-abb852b10851,5c53206b-47f3-6098-ed47-aeec6cda311c,18286008,Catheter ablation of tissue of heart,6683.21,49436004,Atrial Fibrillation
2019-02-08T01:18:12Z,8b2ee293-4c03-7031-427c-abb852b10851,c354afbc-3703-e4c8-0644-316d45143a7f,180325003,Electrical cardioversion,24842.05,49436004,Atrial Fibrillation
2020-02-14T01:18:12Z,8b2ee293-4c03-7031-427c-abb852b10851,ab40eca9-aa07-7a75-5f41-a9addaab0a72,180325003,Electrical cardioversion,26278.98,49436004,Atrial Fibrillation
2021-02-19T01:18:12Z,8b2ee293-4c03-7031-427c-abb852b10851,42a8c90c-5b48-9e20-0c07-1f68880c3dfc,180325003,Electrical cardioversion,45478.67,49436004,Atrial Fibrillation
2011-03-11T18:05:18Z,5e6555ef-eab5-c350-4642-efd3bb963617,3c497d60-3ed5-c0f1-d38c-5d3465e5506a,180325003,Electrical cardioversion,18875.79,49436004,Atrial Fibrillation
2012-03-16T18:05:18Z,5e6555ef-eab5-c350-4642-efd3bb963617,0622a7d9-884b-7344-c0fd-9c54fd60ddd2,18286008,Catheter ablation of tissue of heart,14881.86,49436004,Atrial Fibrillation
2013-03-22T18:05:18Z,5e6555ef-eab5-c350-4642-efd3bb963617,8c00e2ae-39ef-c865-d14e-fd9f0c9ae09f,180325003,Electrical cardioversion,41884.89,49436004,Atrial Fibrillation
2014-03-28T18:05:18Z,5e6555ef-eab5-c350-4642-efd3bb963617,eda079c6-1e1f-9dd2-5a4a-5daf4fd28e0e,180325003,Electrical cardioversion,30342.80,49436004,Atrial Fibrillation
2015-04-03T18:05:18Z,5e6555ef-eab5-c350-4642-efd3bb963617,4c8e833c-39f9-8dcb-3a3a-4a2ff4b53255,180325003,Electrical cardioversion,27618.57,49436004,Atrial Fibrillation
2016-04-08T18:05:18Z,5e6555ef-eab5-c350-4642-efd3bb963617,ecc34ce9-ca01-8f5a-6708-bb916f3afa50,180325003,Electrical cardioversion,29537.89,49436004,Atrial Fibrillation
2017-04-14T18:05:18Z,5e6555ef-eab5-c350-4642-efd3bb963617,4efd8f41-1e10-1293-6d23-35f96f543360,18286008,Catheter ablation of tissue of heart,12130.75,49436004,Atrial Fibrillation
2018-04-20T18:05:18Z,5e6555ef-eab5-c350-4642-efd3bb963617,111d7959-6760-1d1d-9acb-857773502590,18286008,Catheter ablation of tissue of heart,13838.72,49436004,Atrial Fibrillation
2019-04-26T18:05:18Z,5e6555ef-eab5-c350-4642-efd3bb963617,fd1bea49-e6c4-2af0-5b3b-897de5d4ebf8,180325003,Electrical cardioversion,23982.45,49436004,Atrial Fibrillation
2020-05-01T18:05:18Z,5e6555ef-eab5-c350-4642-efd3bb963617,ac2b6bb9-5b41-d75f-7075-c38ec1d1ef66,180325003,Electrical cardioversion,31406.85,49436004,Atrial Fibrillation
1973-06-04T03:28:39Z,644054ae-bb2e-b1e8-fd54-0af56a8214d4,5b282aa1-081c-d5f2-18f9-ce83c0eea9ac,54550000,Seizure Count Cerebral Cortex Electroencephalogram (EEG),12018.56,,
2005-10-28T03:56:27Z,e83954b2-d165-d4c9-bdf9-60dcabd13c74,4f8ada46-dfd5-19d8-c588-ee1e0a957d38,54550000,Seizure Count Cerebral Cortex Electroencephalogram (EEG),11268.83,,
2006-07-12T03:56:27Z,e83954b2-d165-d4c9-bdf9-60dcabd13c74,f5f855e3-e854-f6ed-237b-4188375e5f1c,54550000,Seizure Count Cerebral Cortex Electroencephalogram (EEG),16020.42,,
2009-10-15T03:56:27Z,e83954b2-d165-d4c9-bdf9-60dcabd13c74,c4fa6ab5-138d-b40d-1890-d350d3486d8a,54550000,Seizure Count Cerebral Cortex Electroencephalogram (EEG),16398.83,,
1987-02-16T03:56:27Z,31954f7e-954f-a111-f65d-e817cf181452,52a08309-6cb1-2396-47b1-2d405162ddd7,54550000,Seizure Count Cerebral Cortex Electroencephalogram (EEG),10163.86,,
1988-03-18T03:56:27Z,31954f7e-954f-a111-f65d-e817cf181452,f25dec88-8e1a-bf8a-750d-c96985f0432b,54550000,Seizure Count Cerebral Cortex Electroencephalogram (EEG),7015.69,,
2006-11-06T02:44:01Z,604e6f85-4ab9-0558-f8bc-260c402c54c9,0e62de03-0c73-e948-5f68-8f85e2c17c14,40701008,Echocardiography (procedure),938.14,22298006,Myocardial Infarction
2006-11-06T02:44:01Z,604e6f85-4ab9-0558-f8bc-260c402c54c9,0e62de03-0c73-e948-5f68-8f85e2c17c14,415070008,Percutaneous coronary intervention,24506.12,22298006,Myocardial Infarction
2006-11-06T02:44:01Z,604e6f85-4ab9-0558-f8bc-260c402c54c9,0e62de03-0c73-e948-5f68-8f85e2c17c14,232717009,Coronary artery bypass grafting,60954.63,22298006,Myocardial Infarction
2017-10-05T22:08:47Z,43dc162d-408b-dcc3-e096-f7f015199bd7,d091b30c-0312-2446-4bd2-8b1695a7ba59,180325003,Electrical cardioversion,40628.40,49436004,Atrial Fibrillation
2018-05-03T22:08:47Z,43dc162d-408b-dcc3-e096-f7f015199bd7,2e01615b-e938-6b90-a4f7-32e1bd2be3c8,40701008,Echocardiography (procedure),1179.23,230690007,Stroke
2018-05-03T22:08:47Z,43dc162d-408b-dcc3-e096-f7f015199bd7,2e01615b-e938-6b90-a4f7-32e1bd2be3c8,433112001,Percutaneous mechanical thrombectomy of portal vein using fluoroscopic guidance,26431.70,230690007,Stroke
2018-10-11T22:08:47Z,43dc162d-408b-dcc3-e096-f7f015199bd7,8b5a0ba1-66cb-7834-e579-e0bae6c7be31,18286008,Catheter ablation of tissue of heart,16715.16,49436004,Atrial Fibrillation
2019-10-17T22:08:47Z,43dc162d-408b-dcc3-e096-f7f015199bd7,4cc890da-c813-d0c4-25d1-7ec86d97a9c3,18286008,Catheter ablation of tissue of heart,12612.73,49436004,Atrial Fibrillation
2020-10-22T22:08:47Z,43dc162d-408b-dcc3-e096-f7f015199bd7,6cedfaaf-41be-4ef4-09dd-08b1df5580a5,180325003,Electrical cardioversion,29906.60,49436004,Atrial Fibrillation
1994-03-24T14:20:31Z,88194dad-d324-4ea8-3ffd-1dcc3f485744,c6d4f723-8072-4995-054a-1c3268a53635,54550000,Seizure Count Cerebral Cortex Electroencephalogram (EEG),7791.99,,
2012-02-10T10:31:25Z,6da77631-ea4d-615f-a256-bf544c0c7227,2240891b-a133-56ba-7d8d-2bb7ceddb730,180325003,Electrical cardioversion,21058.96,49436004,Atrial Fibrillation
2013-02-15T10:31:25Z,6da77631-ea4d-615f-a256-bf544c0c7227,44e203ca-b866-6242-16bc-cf452c45a070,180325003,Electrical cardioversion,26044.37,49436004,Atrial Fibrillation
2014-02-21T10:31:25Z,6da77631-ea4d-615f-a256-bf544c0c7227,7b7c9cde-acf1-1151-6c39-d42280ff7d7d,180325003,Electrical cardioversion,37814.93,49436004,Atrial Fibrillation
2015-02-27T10:31:25Z,6da77631-ea4d-615f-a256-bf544c0c7227,9cbdfba2-b429-0fa1-ffce-41af02157760,180325003,Electrical cardioversion,27014.68,49436004,Atrial Fibrillation
2016-03-04T10:31:25Z,6da77631-ea4d-615f-a256-bf544c0c7227,a2e058f7-5421-1cf6-ee93-a9ff867f6aab,180325003,Electrical cardioversion,31524.59,49436004,Atrial Fibrillation
2017-03-10T10:31:25Z,6da77631-ea4d-615f-a256-bf544c0c7227,34e0fb63-7dc5-d9a6-f0a4-d617de6ff199,180325003,Electrical cardioversion,31868.37,49436004,Atrial Fibrillation
2018-03-16T10:31:25Z,6da77631-ea4d-615f-a256-bf544c0c7227,9a99e06d-7b5c-575b-07c1-8155b0656c73,180325003,Electrical cardioversion,20570.24,49436004,Atrial Fibrillation
2019-03-22T10:31:25Z,6da77631-ea4d-615f-a256-bf544c0c7227,9ebc272d-bc52-7217-fead-d82f6698ac34,180325003,Electrical cardioversion,33651.86,49436004,Atrial Fibrillation
2020-03-27T10:31:25Z,6da77631-ea4d-615f-a256-bf544c0c7227,9b6e1021-d7cd-3578-c17e-ae1c94d92370,180325003,Electrical cardioversion,37393.04,49436004,Atrial Fibrillation
1990-02-14T20:18:07Z,16518481-b12b-8e40-efc0-cbd2c4dd0606,dee57681-c610-e7bf-8ab2-52a74a5bff49,54550000,Seizure Count Cerebral Cortex Electroencephalogram (EEG),14081.67,,
1990-05-03T22:05:37Z,16518481-b12b-8e40-efc0-cbd2c4dd0606,8ab1442e-3cdd-4518-dbce-fae82023bfd3,54550000,Seizure Count Cerebral Cortex Electroencephalogram (EEG),14685.59,,
2013-02-18T09:22:19Z,bf2571ac-f362-bbed-89ca-b4aa27e93514,0ef1136d-3c7c-dce5-81f6-da56872707bf,40701008,Echocardiography (procedure),1175.48,230690007,Stroke
2013-02-18T09:22:19Z,bf2571ac-f362-bbed-89ca-b4aa27e93514,0ef1136d-3c7c-dce5-81f6-da56872707bf,433112001,Percutaneous mechanical thrombectomy of portal vein using fluoroscopic guidance,33439.26,230690007,Stroke
2020-08-23T03:10:27Z,50738083-f0d3-644c-74dd-c32225ee1fae,1f9f6a05-1e99-e5f1-b1ec-909af802ab27,180325003,Electrical cardioversion,25418.64,49436004,Atrial Fibrillation
2011-05-25T12:27:12Z,1cba6388-148c-9a15-62c5-18e8f81a43eb,51a244a2-b3ce-b0a4-3b08-fa5924f9fd9c,180325003,Electrical cardioversion,21876.57,49436004,Atrial Fibrillation
2012-05-30T12:27:12Z,1cba6388-148c-9a15-62c5-18e8f81a43eb,198ad8d9-ffe1-39fb-472d-4788bc04f628,180325003,Electrical cardioversion,19155.90,49436004,Atrial Fibrillation
2013-06-05T12:27:12Z,1cba6388-148c-9a15-62c5-18e8f81a43eb,987e3fc3-738b-7b37-e7ca-e47505fbe9b4,180325003,Electrical cardioversion,25460.13,49436004,Atrial Fibrillation
2014-06-11T12:27:12Z,1cba6388-148c-9a15-62c5-18e8f81a43eb,4e7b771c-994e-0de2-ee48-e07af62eb604,18286008,Catheter ablation of tissue of heart,11402.86,49436004,Atrial Fibrillation
2015-06-17T12:27:12Z,1cba6388-148c-9a15-62c5-18e8f81a43eb,e254e08b-9442-0ba3-01a1-387bf312def3,180325003,Electrical cardioversion,28106.90,49436004,Atrial Fibrillation
2016-06-22T12:27:12Z,1cba6388-148c-9a15-62c5-18e8f81a43eb,7d1f92af-27c6-8bc1-efb3-e017a4d33194,180325003,Electrical cardioversion,25895.10,49436004,Atrial Fibrillation
2017-06-28T12:27:12Z,1cba6388-148c-9a15-62c5-18e8f81a43eb,671e2770-8a49-f4e5-a524-aa1ac093f599,180325003,Electrical cardioversion,17482.42,49436004,Atrial Fibrillation
2018-07-04T12:27:12Z,1cba6388-148c-9a15-62c5-18e8f81a43eb,18599b9f-43b0-2723-dc4a-c435cf7e50f8,180325003,Electrical cardioversion,21424.15,49436004,Atrial Fibrillation
2019-07-10T12:27:12Z,1cba6388-148c-9a15-62c5-18e8f81a43eb,473013ba-f062-c23b-88ef-b9f0fcabc1cb,18286008,Catheter ablation of tissue of heart,6769.08,49436004,Atrial Fibrillation
2020-07-15T12:27:12Z,1cba6388-148c-9a15-62c5-18e8f81a43eb,3b4a9a0e-ef29-0c1b-d007-32e01334d277,180325003,Electrical cardioversion,32636.90,49436004,Atrial Fibrillation
2019-06-13T13:22:49Z,42369716-bd31-11fe-9212-46f4414315f0,68152c5f-359b-c5e4-22b0-dcaadffa9fdc,40701008,Echocardiography (procedure),1169.22,22298006,Myocardial Infarction
2019-06-13T13:22:49Z,42369716-bd31-11fe-9212-46f4414315f0,68152c5f-359b-c5e4-22b0-dcaadffa9fdc,415070008,Percutaneous coronary intervention,20206.10,22298006,Myocardial Infarction
2019-06-13T13:22:49Z,42369716-bd31-11fe-9212-46f4414315f0,68152c5f-359b-c5e4-22b0-dcaadffa9fdc,232717009,Coronary artery bypass grafting,38301.57,22298006,Myocardial Infarction
2013-08-12T17:01:11Z,9a57b95e-7d87-a989-e3c1-1e56bd72e7d6,7cb686eb-1b86-aef9-3aab-86136199d43c,40701008,Echocardiography (procedure),541.25,230690007,Stroke
2013-08-12T17:01:11Z,9a57b95e-7d87-a989-e3c1-1e56bd72e7d6,7cb686eb-1b86-aef9-3aab-86136199d43c,433112001,Percutaneous mechanical thrombectomy of portal vein using fluoroscopic guidance,34905.73,230690007,Stroke
1989-05-28T03:34:17Z,a6dc4ca5-cb78-ceb8-a06e-c402a6b14550,ab28ccf5-0c3b-3d5d-0395-01fa10105e70,54550000,Seizure Count Cerebral Cortex Electroencephalogram (EEG),13229.43,,
1989-08-10T05:32:31Z,a6dc4ca5-cb78-ceb8-a06e-c402a6b14550,5f8fa1cc-3638-66ed-eb08-41561f67af23,54550000,Seizure Count Cerebral Cortex Electroencephalogram (EEG),11301.46,,
1967-06-10T11:15:23Z,9acda10d-5f9f-fe4d-2129-e843657d0381,68e2cbae-68f8-f235-448d-8cbfa2a15010,54550000,Seizure Count Cerebral Cortex Electroencephalogram (EEG),12451.30,,
1967-08-21T12:17:52Z,9acda10d-5f9f-fe4d-2129-e843657d0381,600defb5-c010-3188-a6e9-a4dd0c30bdb7,54550000,Seizure Count Cerebral Cortex Electroencephalogram (EEG),16310.22,,
1968-10-11T11:15:23Z,9acda10d-5f9f-fe4d-2129-e843657d0381,0d6e6dd8-1713-8bb1-9d72-3b1a33a1b4e6,54550000,Seizure Count Cerebral Cortex Electroencephalogram (EEG),10428.47,,
1987-06-22T11:15:23Z,7fcacb5d-9c91-a48a-135e-1bb5c5aaf86a,17ddb904-0835-71e5-8071-ab77f45ba679,40701008,Echocardiography (procedure),954.90,22298006,Myocardial Infarction
1987-06-22T11:15:23Z,7fcacb5d-9c91-a48a-135e-1bb5c5aaf86a,17ddb904-0835-71e5-8071-ab77f45ba679,415070008,Percutaneous coronary intervention,36517.03,22298006,Myocardial Infarction
1987-06-22T11:15:23Z,7fcacb5d-9c91-a48a-135e-1bb5c5aaf86a,17ddb904-0835-71e5-8071-ab77f45ba679,232717009,Coronary artery bypass grafting,45695.53,22298006,Myocardial Infarction
2011-11-24T14:20:54Z,1030ed0b-a8f1-163e-f672-2bacd327bc5b,4022648a-83d8-e5bc-e1e6-3254ffbd649b,180325003,Electrical cardioversion,46603.37,49436004,Atrial Fibrillation
2012-11-29T14:20:54Z,1030ed0b-a8f1-163e-f672-2bacd327bc5b,e7318aae-83a1-19ba-110a-25b3fb1ea7a9,180325003,Electrical cardioversion,37554.00,49436004,Atrial Fibrillation
2013-12-05T14:20:54Z,1030ed0b-a8f1-163e-f672-2bacd327bc5b,23248c5f-6be4-93f3-25e3-33b684dabd95,180325003,Electrical cardioversion,21597.80,49436004,Atrial Fibrillation
2014-12-11T14:20:54Z,1030ed0b-a8f1-163e-f672-2bacd327bc5b,e324411c-630c-afee-d7ce-4a7104cef3a7,180325003,Electrical cardioversion,34690.19,49436004,Atrial Fibrillation
2015-12-17T14:20:54Z,1030ed0b-a8f1-163e-f672-2bacd327bc5b,dfe888f3-a3e2-6e68-f1c0-53fbc83f8350,180325003,Electrical cardioversion,40691.57,49436004,Atrial Fibrillation
2016-12-22T14:20:54Z,1030ed0b-a8f1-163e-f672-2bacd327bc5b,b2afe103-1617-498a-eb1f-489a0dc0a37e,180325003,Electrical cardioversion,22890.71,49436004,Atrial Fibrillation
2017-12-28T14:20:54Z,1030ed0b-a8f1-163e-f672-2bacd327bc5b,1e7d3c3a-db0a-985e-7617-bf1c538edb31,18286008,Catheter ablation of tissue of heart,11587.24,49436004,Atrial Fibrillation
2019-01-03T14:20:54Z,1030ed0b-a8f1-163e-f672-2bacd327bc5b,3e542466-eabd-357f-0110-9f864f81694d,180325003,Electrical cardioversion,25041.43,49436004,Atrial Fibrillation
2020-01-09T14:20:54Z,1030ed0b-a8f1-163e-f672-2bacd327bc5b,7027676c-3dcc-5d10-2ed4-dbf2bf1ad5b2,180325003,Electrical cardioversion,22197.60,49436004,Atrial Fibrillation
2021-01-14T14:20:54Z,1030ed0b-a8f1-163e-f672-2bacd327bc5b,e4aed4d2-4167-f5ee-1025-53b599e8ff89,180325003,Electrical cardioversion,32796.49,49436004,Atrial Fibrillation
2017-10-16T09:13:07Z,e4dfc663-2460-b63c-d679-d91b4df80659,79f33794-6aa8-4730-ca7d-0ffc30daf31a,54550000,Seizure Count Cerebral Cortex Electroencephalogram (EEG),11613.21,,
2020-12-03T20:12:43Z,312c13e1-963f-a162-7732-f76b1a66653e,1ee451f6-7e1e-f483-60f9-8f6c08c61419,40701008,Echocardiography (procedure),1524.01,410429000,Cardiac Arrest
2020-12-03T20:12:43Z,312c13e1-963f-a162-7732-f76b1a66653e,1ee451f6-7e1e-f483-60f9-8f6c08c61419,447365002,Insertion of biventricular implantable cardioverter defibrillator,30538.74,410429000,Cardiac Arrest
2020-12-03T20:12:43Z,312c13e1-963f-a162-7732-f76b1a66653e,1ee451f6-7e1e-f483-60f9-8f6c08c61419,18286008,Catheter ablation of tissue of heart,11122.29,410429000,Cardiac Arrest
2018-10-21T04:38:24Z,cf290504-89f3-32e7-7ed4-c257522ad150,20055bb2-b024-3f39-56a6-b9a3475e502b,40701008,Echocardiography (procedure),1442.34,22298006,Myocardial Infarction
2018-10-21T04:38:24Z,cf290504-89f3-32e7-7ed4-c257522ad150,20055bb2-b024-3f39-56a6-b9a3475e502b,415070008,Percutaneous coronary intervention,38510.79,22298006,Myocardial Infarction
2018-10-21T04:38:24Z,cf290504-89f3-32e7-7ed4-c257522ad150,20055bb2-b024-3f39-56a6-b9a3475e502b,232717009,Coronary artery bypass grafting,50282.18,22298006,Myocardial Infarction
2011-05-07T02:55:01Z,425730c3-eabe-7225-7087-cbc9ff6d3e82,4e998e54-1bb8-ac8f-7edd-967d1833f9df,180325003,Electrical cardioversion,25296.38,49436004,Atrial Fibrillation
2012-05-12T02:55:01Z,425730c3-eabe-7225-7087-cbc9ff6d3e82,8257019a-9aef-1fd0-3bcf-6f86fbdb1dc7,18286008,Catheter ablation of tissue of heart,14112.44,49436004,Atrial Fibrillation
2013-05-18T02:55:01Z,425730c3-eabe-7225-7087-cbc9ff6d3e82,d68f86ea-b240-9bd3-30bd-819c403c8c18,180325003,Electrical cardioversion,26551.58,49436004,Atrial Fibrillation
2014-05-24T02:55:01Z,425730c3-eabe-7225-7087-cbc9ff6d3e82,5c6c192b-dc08-9433-4da3-4e82f90835c0,18286008,Catheter ablation of tissue of heart,11340.56,49436004,Atrial Fibrillation
2015-05-30T02:55:01Z,425730c3-eabe-7225-7087-cbc9ff6d3e82,63523882-285f-a56a-9cfb-38ff09349228,180325003,Electrical cardioversion,44774.54,49436004,Atrial Fibrillation
2016-06-04T02:55:01Z,425730c3-eabe-7225-7087-cbc9ff6d3e82,14b37c9a-cf64-5a98-3718-d13ff4116496,180325003,Electrical cardioversion,30753.60,49436004,Atrial Fibrillation
2017-06-10T02:55:01Z,425730c3-eabe-7225-7087-cbc9ff6d3e82,06937848-0324-0b83-fd76-f49c1ff6f3d3,18286008,Catheter ablation of tissue of heart,9167.03,49436004,Atrial Fibrillation
2018-06-16T02:55:01Z,425730c3-eabe-7225-7087-cbc9ff6d3e82,8f4fc24f-4f25-16de-279b-b47e15be980d,180325003,Electrical cardioversion,40494.81,49436004,Atrial Fibrillation
2019-06-22T02:55:01Z,425730c3-eabe-7225-7087-cbc9ff6d3e82,a19f377d-dbe3-fcce-4edf-389dd39bc2fe,180325003,Electrical cardioversion,35017.45,49436004,Atrial Fibrillation
2020-06-27T02:55:01Z,425730c3-eabe-7225-7087-cbc9ff6d3e82,c97aca03-41a9-1da9-1182-1071f9bae64c,18286008,Catheter ablation of tissue of heart,8982.05,49436004,Atrial Fibrillation
2015-04-18T12:03:52Z,426b4386-7af1-035f-f402-62156336c5aa,41b82edd-25a8-2bdb-850e-55fa31caedf0,40701008,Echocardiography (procedure),1228.57,230690007,Stroke
2015-04-18T12:03:52Z,426b4386-7af1-035f-f402-62156336c5aa,41b82edd-25a8-2bdb-850e-55fa31caedf0,433112001,Percutaneous mechanical thrombectomy of portal vein using fluoroscopic guidance,22200.17,230690007,Stroke
2016-07-28T19:03:07Z,a6fddec8-7661-a551-af49-8671fab66bd5,d577c18f-3cbd-817b-3f49-4a1e6c44b02a,40701008,Echocardiography (procedure),1195.21,410429000,Cardiac Arrest
2016-07-28T19:03:07Z,a6fddec8-7661-a551-af49-8671fab66bd5,d577c18f-3cbd-817b-3f49-4a1e6c44b02a,447365002,Insertion of biventricular implantable cardioverter defibrillator,29207.45,410429000,Cardiac Arrest
2016-07-28T19:03:07Z,a6fddec8-7661-a551-af49-8671fab66bd5,d577c18f-3cbd-817b-3f49-4a1e6c44b02a,18286008,Catheter ablation of tissue of heart,10138.15,410429000,Cardiac Arrest
2014-07-15T20:03:11Z,fda4bf1f-1cee-4738-57fc-9c438c7877a9,d094f303-4277-b8d8-8700-fd59baa4c506,40701008,Echocardiography (procedure),827.67,410429000,Cardiac Arrest
2014-07-15T20:03:11Z,fda4bf1f-1cee-4738-57fc-9c438c7877a9,d094f303-4277-b8d8-8700-fd59baa4c506,447365002,Insertion of biventricular implantable cardioverter defibrillator,46274.09,410429000,Cardiac Arrest
2014-07-15T20:03:11Z,fda4bf1f-1cee-4738-57fc-9c438c7877a9,d094f303-4277-b8d8-8700-fd59baa4c506,18286008,Catheter ablation of tissue of heart,8138.13,410429000,Cardiac Arrest
2014-10-07T20:03:11Z,1fc04c08-6163-8f57-2b5b-f651073a91a3,f7bbbd73-e453-f316-e8ba-9db2c3250990,18286008,Catheter ablation of tissue of heart,14015.72,49436004,Atrial Fibrillation
2015-10-13T20:03:11Z,1fc04c08-6163-8f57-2b5b-f651073a91a3,e61c9921-7b83-0974-9f6a-d48f79cab338,180325003,Electrical cardioversion,29218.38,49436004,Atrial Fibrillation
2016-10-18T20:03:11Z,1fc04c08-6163-8f57-2b5b-f651073a91a3,241e0d17-1d83-44bd-7eb4-b73185072368,180325003,Electrical cardioversion,24748.24,49436004,Atrial Fibrillation
2017-10-24T20:03:11Z,1fc04c08-6163-8f57-2b5b-f651073a91a3,9078cae6-0322-7c71-2c76-35ec2112463f,180325003,Electrical cardioversion,26171.86,49436004,Atrial Fibrillation
2018-10-30T20:03:11Z,1fc04c08-6163-8f57-2b5b-f651073a91a3,55411af3-ddb5-3ecb-005a-7d7203003659,180325003,Electrical cardioversion,46179.75,49436004,Atrial Fibrillation
2019-11-05T20:03:11Z,1fc04c08-6163-8f57-2b5b-f651073a91a3,df2ccba0-a1e7-fb12-2860-7499a3b2e13e,18286008,Catheter ablation of tissue of heart,15701.46,49436004,Atrial Fibrillation
2020-11-10T20:03:11Z,1fc04c08-6163-8f57-2b5b-f651073a91a3,13266eab-f0c7-fd2e-b824-d26215dcff1a,180325003,Electrical cardioversion,24265.50,49436004,Atrial Fibrillation
1962-06-22T08:24:34Z,c4f78385-bd6a-f279-6e49-3391298144eb,7412e876-f1b6-5e30-2e87-a3d196c03ab3,54550000,Seizure Count Cerebral Cortex Electroencephalogram (EEG),15240.49,,
1963-12-25T08:24:34Z,c4f78385-bd6a-f279-6e49-3391298144eb,75649db3-8bb9-6279-9648-7645c2c3deff,54550000,Seizure Count Cerebral Cortex Electroencephalogram (EEG),6118.90,,
1962-11-23T23:24:14Z,753bc72b-0a8b-c737-9fa5-c2c8e328d5b9,f6061aac-29d0-5f9c-ec99-78583f52e2ad,54550000,Seizure Count Cerebral Cortex Electroencephalogram (EEG),15812.94,,
2019-03-20T17:41:18Z,3ae45684-18b7-502a-962a-8d043ec8eb62,d28a7640-97f4-3d01-3a2c-831fb04d75a4,54550000,Seizure Count Cerebral Cortex Electroencephalogram (EEG),8533.23,,
2021-01-04T17:41:18Z,3ae45684-18b7-502a-962a-8d043ec8eb62,5e2a9f64-e184-4b85-614f-23fc4bc829fe,54550000,Seizure Count Cerebral Cortex Electroencephalogram (EEG),11579.90,,
2021-02-06T22:31:28Z,2cd918f9-95e6-f899-ef4d-2091482c01e4,8c08ef15-1c02-52bf-9f2e-1fa755e4ae3d,40701008,Echocardiography (procedure),1326.13,230690007,Stroke
2021-02-06T22:31:28Z,2cd918f9-95e6-f899-ef4d-2091482c01e4,8c08ef15-1c02-52bf-9f2e-1fa755e4ae3d,433112001,Percutaneous mechanical thrombectomy of portal vein using fluoroscopic guidance,18189.36,230690007,Stroke
2011-04-15T04:47:25Z,52c22977-e4d3-e0ad-33f0-5b745bf643a8,5a8aa2ee-ae32-d4bb-010a-835f1d1bfeba,180325003,Electrical cardioversion,31381.68,49436004,Atrial Fibrillation
2012-04-20T04:47:25Z,52c22977-e4d3-e0ad-33f0-5b745bf643a8,1ac31c12-0030-765b-b655-3c2bec6c432b,180325003,Electrical cardioversion,36021.75,49436004,Atrial Fibrillation
2013-04-26T04:47:25Z,52c22977-e4d3-e0ad-33f0-5b745bf643a8,a530e9d1-250c-068d-6d49-42c4f2772fc8,180325003,Electrical cardioversion,24454.68,49436004,Atrial Fibrillation
2014-05-02T04:47:25Z,52c22977-e4d3-e0ad-33f0-5b745bf643a8,dc6dca83-c234-1c55-51a4-82a4c888558f,18286008,Catheter ablation of tissue of heart,12657.69,49436004,Atrial Fibrillation
2015-05-08T04:47:25Z,52c22977-e4d3-e0ad-33f0-5b745bf643a8,129dab87-c336-a526-d920-8e945b3e1c09,180325003,Electrical cardioversion,25963.43,49436004,Atrial Fibrillation
2016-05-13T04:47:25Z,52c22977-e4d3-e0ad-33f0-5b745bf643a8,6bdd089a-25d4-f3a7-41f1-0217c0d777af,180325003,Electrical cardioversion,32830.11,49436004,Atrial Fibrillation
2017-05-19T04:47:25Z,52c22977-e4d3-e0ad-33f0-5b745bf643a8,cb656c67-9e83-76b9-8b42-062b203c2289,180325003,Electrical cardioversion,37974.83,49436004,Atrial Fibrillation
2018-05-25T04:47:25Z,52c22977-e4d3-e0ad-33f0-5b745bf643a8,0420e665-3a7f-5cb9-63cd-ed2d0dbd3b17,180325003,Electrical cardioversion,30360.67,49436004,Atrial Fibrillation
2019-05-31T04:47:25Z,52c22977-e4d3-e0ad-33f0-5b745bf643a8,979e89db-d684-a702-c09c-1a1b7a066d75,180325003,Electrical cardioversion,27857.71,49436004,Atrial Fibrillation
2020-06-05T04:47:25Z,52c22977-e4d3-e0ad-33f0-5b745bf643a8,42e74a48-48d3-71b5-a06a-a700dc960ab9,180325003,Electrical cardioversion,30815.40,49436004,Atrial Fibrillation
