START,STOP,PATIENT,ENCOUNTER,CODE,DESCRIPTION
2000-06-16,,6b7a2ee5-ec16-bce7-710b-4f2099483210,3c0a61aa-47a8-e0b1-d154-d0f4d7cd8008,49436004,Atrial Fibrillation
2014-08-29,,6b7a2ee5-ec16-bce7-710b-4f2099483210,9a004315-5cce-122e-c6f1-b1156e1d1373,230690007,Stroke
1977-06-06,,cbd58c80-dd70-e3f5-e2df-7c1d47e1000c,f6f5fffc-5f8d-4373-b941-add42f68dfed,128613002,Seizure disorder
1977-06-06,,cbd58c80-dd70-e3f5-e2df-7c1d47e1000c,f6f5fffc-5f8d-4373-b941-add42f68dfed,703151001,History of single seizure (situation)
