Id,START,STOP,PATIENT,ORGANIZATION,PROVIDER,PAYER,ENCOUNTERCLASS,CODE,DESCRIPTION,BASE_ENCOUNTER_COST,TOTAL_CLAIM_COST,PAYER_COVERAGE,REASONCODE,REASONDESCRIPTION
27c6c97a-70cc-25d1-ce7c-e047569e3f9d,2013-10-16T23:33:07Z,2013-10-16T23:48:07Z,b89898ea-609d-911b-d62b-693fd4ef5af1,dfb1ef71-cbff-3be9-94c8-0e0e0a70c284,9d9864de-2076-3707-83d1-2b0053ffade8,42c4fca7-f8a9-3cd1-982a-dd9751bf3e2a,wellness,162673000,General examination of patient (procedure),129.16,129.16,129.16,,
2417ddd1-7bab-e969-bde4-dc3ebd56c241,2016-10-19T23:33:07Z,2016-10-19T23:48:07Z,b89898ea-609d-911b-d62b-693fd4ef5af1,dfb1ef71-cbff-3be9-94c8-0e0e0a70c284,9d9864de-2076-3707-83d1-2b0053ffade8,42c4fca7-f8a9-3cd1-982a-dd9751bf3e2a,wellness,162673000,General examination of patient (procedure),129.16,129.16,129.16,,
8a5449f3-f282-fa5f-5b0a-03dc2f1383e4,2019-08-07T23:33:07Z,2019-08-07T23:48:07Z,b89898ea-609d-911b-d62b-693fd4ef5af1,dfb1ef71-cbff-3be9-94c8-0e0e0a70c284,9d9864de-2076-3707-83d1-2b0053ffade8,42c4fca7-f8a9-3cd1-982a-dd9751bf3e2a,wellness,162673000,General examination of patient (procedure),129.16,129.16,129.16,,
9b8a0f38-a204-5d97-f86a-bbf07c88daba,2012-02-02T07:27:03Z,2012-02-02T07:42:03Z,7753df12-e612-f099-4b01-8bed528b5d4f,99157068-4f0d-3906-8723-d8b7fda349f5,e56afa4a-7a6b-3d62-8e22-2744949854d2,42c4fca7-f8a9-3cd1-982a-dd9751bf3e2a,wellness,162673000,General examination of patient (procedure),129.16,129.16,129.16,,
606ef52e-329b-0056-1f4a-53b05b41d636,2011-05-11T10:05:09Z,2011-05-11T10:20:09Z,60ff6b03-485f-f626-2c21-f8cd3eb0fbd0,1c54a268-3318-36f9-af81-4a428e5a16ee,6a834288-37b0-3677-adfe-f09c098d4fb5,42c4fca7-f8a9-3cd1-982a-dd9751bf3e2a,wellness,162673000,General examination of patient (procedure),129.16,129.16,129.16,,
b378a26f-87a9-47de-6770-ecafcaa71058,2011-03-28T11:30:43Z,2011-03-28T11:45:43Z,231a6b03-e488-aca9-fdd6-6c193c87fe50,4d9877c9-5eb6-3db0-8bdb-cd2b01a6b668,7f54fb2e-c076-3e30-b703-d08bd8e24ff1,d47b3510-2895-3b70-9897-342d681c769d,wellness,162673000,General examination of patient (procedure),129.16,129.16,129.16,,
fdc02e32-b9d1-a726-0466-f75a813adf2a,2012-02-14T17:02:58Z,2012-02-14T17:17:58Z,d729b76d-a0e4-4751-b368-2f2c1299c412,6d292afa-3f27-3fa6-945e-cdce925a8062,7b555802-9593-3f88-8bcd-e92fcafd27e4,d47b3510-2895-3b70-9897-342d681c769d,wellness,162673000,General examination of patient (procedure),129.16,129.16,129.16,,
b30c1672-ad14-2015-15b9-0d7e4442ce2a,2014-03-31T11:30:43Z,2014-03-31T11:45:43Z,231a6b03-e488-aca9-fdd6-6c193c87fe50,4d9877c9-5eb6-3db0-8bdb-cd2b01a6b668,7f54fb2e-c076-3e30-b703-d08bd8e24ff1,d47b3510-2895-3b70-9897-342d681c769d,wellness,162673000,General examination of patient (procedure),129.16,129.16,129.16,,
3a80e491-9038-c63b-3571-4e9751f2921e,2017-01-16T11:30:43Z,2017-01-16T11:45:43Z,231a6b03-e488-aca9-fdd6-6c193c87fe50,4d9877c9-5eb6-3db0-8bdb-cd2b01a6b668,7f54fb2e-c076-3e30-b703-d08bd8e24ff1,d47b3510-2895-3b70-9897-342d681c769d,wellness,162673000,General examination of patient (procedure),129.16,129.16,129.16,,
e874ae1c-0ea3-435e-1147-775a597c23ab,2019-01-21T11:30:43Z,2019-01-21T11:45:43Z,231a6b03-e488-aca9-fdd6-6c193c87fe50,4d9877c9-5eb6-3db0-8bdb-cd2b01a6b668,7f54fb2e-c076-3e30-b703-d08bd8e24ff1,d47b3510-2895-3b70-9897-342d681c769d,wellness,162673000,General examination of patient (procedure),129.16,129.16,129.16,,
8ee7e5eb-f53c-8bcd-88ad-398292454419,2014-11-20T07:27:03Z,2014-11-20T07:42:03Z,7753df12-e612-f099-4b01-8bed528b5d4f,99157068-4f0d-3906-8723-d8b7fda349f5,e56afa4a-7a6b-3d62-8e22-2744949854d2,42c4fca7-f8a9-3cd1-982a-dd9751bf3e2a,wellness,162673000,General examination of patient (procedure),129.16,129.16,129.16,,
17e4b93e-f321-b693-7d49-311dbf049845,2016-11-24T07:27:03Z,2016-11-24T07:42:03Z,7753df12-e612-f099-4b01-8bed528b5d4f,99157068-4f0d-3906-8723-d8b7fda349f5,e56afa4a-7a6b-3d62-8e22-2744949854d2,42c4fca7-f8a9-3cd1-982a-dd9751bf3e2a,wellness,162673000,General examination of patient (procedure),129.16,129.16,129.16,,
6cd43664-f7f9-af03-5b16-259eebf82106,2018-11-29T07:27:03Z,2018-11-29T07:42:03Z,7753df12-e612-f099-4b01-8bed528b5d4f,99157068-4f0d-3906-8723-d8b7fda349f5,e56afa4a-7a6b-3d62-8e22-2744949854d2,42c4fca7-f8a9-3cd1-982a-dd9751bf3e2a,wellness,162673000,General examination of patient (procedure),129.16,129.16,129.16,,
a2954cb4-e7ad-0126-a937-254652152cc5,2020-12-03T07:27:03Z,2020-12-03T07:42:03Z,7753df12-e612-f099-4b01-8bed528b5d4f,99157068-4f0d-3906-8723-d8b7fda349f5,e56afa4a-7a6b-3d62-8e22-2744949854d2,42c4fca7-f8a9-3cd1-982a-dd9751bf3e2a,wellness,162673000,General examination of patient (procedure),129.16,129.16,129.16,,
7e0d7319-9864-7e81-83a3-5b374e07d38b,2021-01-25T11:30:43Z,2021-01-25T11:45:43Z,231a6b03-e488-aca9-fdd6-6c193c87fe50,4d9877c9-5eb6-3db0-8bdb-cd2b01a6b668,7f54fb2e-c076-3e30-b703-d08bd8e24ff1,d47b3510-2895-3b70-9897-342d681c769d,wellness,162673000,General examination of patient (procedure),129.16,129.16,129.16,,
e62a2257-a7ae-70ab-5aa3-a26325bc0f81,2014-05-14T10:05:09Z,2014-05-14T10:20:09Z,60ff6b03-485f-f626-2c21-f8cd3eb0fbd0,1c54a268-3318-36f9-af81-4a428e5a16ee,6a834288-37b0-3677-adfe-f09c098d4fb5,42c4fca7-f8a9-3cd1-982a-dd9751bf3e2a,wellness,162673000,General examination of patient (procedure),129.16,129.16,129.16,,
77f32a8e-084e-eb7b-0a12-a11ee3f909b4,2014-02-18T17:02:58Z,2014-02-18T17:17:58Z,d729b76d-a0e4-4751-b368-2f2c1299c412,6d292afa-3f27-3fa6-945e-cdce925a8062,7b555802-9593-3f88-8bcd-e92fcafd27e4,d47b3510-2895-3b70-9897-342d681c769d,wellness,162673000,General examination of patient (procedure),129.16,129.16,129.16,,
fac99def-7b76-c8be-c25c-589b9e125992,2017-05-17T10:05:09Z,2017-05-17T10:20:09Z,60ff6b03-485f-f626-2c21-f8cd3eb0fbd0,1c54a268-3318-36f9-af81-4a428e5a16ee,6a834288-37b0-3677-adfe-f09c098d4fb5,42c4fca7-f8a9-3cd1-982a-dd9751bf3e2a,wellness,162673000,General examination of patient (procedure),129.16,129.16,129.16,,
9d658279-eeeb-200b-5518-1e8a37a9a93c,2020-05-20T10:05:09Z,2020-05-20T10:20:09Z,60ff6b03-485f-f626-2c21-f8cd3eb0fbd0,1c54a268-3318-36f9-af81-4a428e5a16ee,6a834288-37b0-3677-adfe-f09c098d4fb5,42c4fca7-f8a9-3cd1-982a-dd9751bf3e2a,wellness,162673000,General examination of patient (procedure),129.16,129.16,129.16,,
5852f3ee-6cec-066e-b146-3bf83087b77e,2016-02-23T17:02:58Z,2016-02-23T17:17:58Z,d729b76d-a0e4-4751-b368-2f2c1299c412,6d292afa-3f27-3fa6-945e-cdce925a8062,7b555802-9593-3f88-8bcd-e92fcafd27e4,d47b3510-2895-3b70-9897-342d681c769d,wellness,162673000,General examination of patient (procedure),129.16,129.16,129.16,,
7287e2c8-15ba-91e4-8f26-433a03bf8555,2018-01-30T17:02:58Z,2018-01-30T17:17:58Z,d729b76d-a0e4-4751-b368-2f2c1299c412,6d292afa-3f27-3fa6-945e-cdce925a8062,7b555802-9593-3f88-8bcd-e92fcafd27e4,d47b3510-2895-3b70-9897-342d681c769d,wellness,162673000,General examination of patient (procedure),129.16,129.16,129.16,,
1e696266-144c-5d82-0d9a-01bd3880898e,2019-02-05T17:02:58Z,2019-02-05T17:17:58Z,d729b76d-a0e4-4751-b368-2f2c1299c412,6d292afa-3f27-3fa6-945e-cdce925a8062,7b555802-9593-3f88-8bcd-e92fcafd27e4,d47b3510-2895-3b70-9897-342d681c769d,wellness,162673000,General examination of patient (procedure),129.16,129.16,129.16,,
45490691-961b-644e-8170-80aa876e7c4a,2020-02-11T17:02:58Z,2020-02-11T17:17:58Z,d729b76d-a0e4-4751-b368-2f2c1299c412,6d292afa-3f27-3fa6-945e-cdce925a8062,7b555802-9593-3f88-8bcd-e92fcafd27e4,d47b3510-2895-3b70-9897-342d681c769d,wellness,162673000,General examination of patient (procedure),129.16,129.16,129.16,,
b215da0d-57bd-65a7-95b6-7cc31e1164fd,2012-04-15T10:25:03Z,2012-04-15T10:40:03Z,a6b0b85c-82ee-38da-38b2-878c20f7dfb0,b03dba4f-892f-365c-bfd1-bfcfa7a98d5d,bbb2ce4e-95c2-3db0-98c8-ca7ef115611d,5059a55e-5d6e-34d1-b6cb-d83d16e57bcf,wellness,162673000,General examination of patient (procedure),129.16,129.16,129.16,,
e5003a17-c3ad-0ce9-9b9e-2b645f32bd23,2014-04-20T10:25:03Z,2014-04-20T10:40:03Z,a6b0b85c-82ee-38da-38b2-878c20f7dfb0,b03dba4f-892f-365c-bfd1-bfcfa7a98d5d,bbb2ce4e-95c2-3db0-98c8-ca7ef115611d,5059a55e-5d6e-34d1-b6cb-d83d16e57bcf,wellness,162673000,General examination of patient (procedure),129.16,129.16,129.16,,
c6fcd15f-b210-bb48-fe75-60f7e36b3115,2016-03-27T10:25:03Z,2016-03-27T10:40:03Z,a6b0b85c-82ee-38da-38b2-878c20f7dfb0,b03dba4f-892f-365c-bfd1-bfcfa7a98d5d,bbb2ce4e-95c2-3db0-98c8-ca7ef115611d,5059a55e-5d6e-34d1-b6cb-d83d16e57bcf,wellness,162673000,General examination of patient (procedure),129.16,129.16,129.16,,
eb5c7abb-bf5f-9d7c-9661-beb062d4daad,2017-04-02T10:25:03Z,2017-04-02T10:40:03Z,a6b0b85c-82ee-38da-38b2-878c20f7dfb0,b03dba4f-892f-365c-bfd1-bfcfa7a98d5d,bbb2ce4e-95c2-3db0-98c8-ca7ef115611d,5059a55e-5d6e-34d1-b6cb-d83d16e57bcf,wellness,162673000,General examination of patient (procedure),129.16,129.16,129.16,,
7595b793-7f26-4b98-6af3-e3d0119c4d75,2018-04-08T10:25:03Z,2018-04-08T10:40:03Z,a6b0b85c-82ee-38da-38b2-878c20f7dfb0,b03dba4f-892f-365c-bfd1-bfcfa7a98d5d,bbb2ce4e-95c2-3db0-98c8-ca7ef115611d,5059a55e-5d6e-34d1-b6cb-d83d16e57bcf,wellness,162673000,General examination of patient (procedure),129.16,129.16,129.16,,
fa25ffb3-191e-3e4a-bc2f-73a1c2b45790,2019-04-14T10:25:03Z,2019-04-14T10:40:03Z,a6b0b85c-82ee-38da-38b2-878c20f7dfb0,b03dba4f-892f-365c-bfd1-bfcfa7a98d5d,bbb2ce4e-95c2-3db0-98c8-ca7ef115611d,5059a55e-5d6e-34d1-b6cb-d83d16e57bcf,wellness,162673000,General examination of patient (procedure),129.16,129.16,129.16,,
4e97ba61-2ff0-d461-0839-06ac0d8a6cd9,2020-04-19T10:25:03Z,2020-04-19T10:40:03Z,a6b0b85c-82ee-38da-38b2-878c20f7dfb0,b03dba4f-892f-365c-bfd1-bfcfa7a98d5d,bbb2ce4e-95c2-3db0-98c8-ca7ef115611d,5059a55e-5d6e-34d1-b6cb-d83d16e57bcf,wellness,162673000,General examination of patient (procedure),129.16,129.16,129.16,,
802618ea-43e3-0bbb-434b-fe6da83794e5,2012-09-07T14:38:15Z,2012-09-07T14:53:15Z,1bda6ddc-da2e-fd24-5bba-7cb7e55ad5f5,10968ba2-75e7-351a-a73a-c37a2a8dfcfc,04343cd4-23f8-3d9b-9793-72da4da0fc03,d47b3510-2895-3b70-9897-342d681c769d,wellness,162673000,General examination of patient (procedure),129.16,129.16,129.16,,
0bfd1ce7-6b54-8dc2-7258-1990fe6eb219,2014-09-12T14:38:15Z,2014-09-12T14:53:15Z,1bda6ddc-da2e-fd24-5bba-7cb7e55ad5f5,10968ba2-75e7-351a-a73a-c37a2a8dfcfc,04343cd4-23f8-3d9b-9793-72da4da0fc03,d47b3510-2895-3b70-9897-342d681c769d,wellness,162673000,General examination of patient (procedure),129.16,129.16,129.16,,
a397b8c6-6a0b-b388-22fe-4907cff1ff02,2016-08-19T14:38:15Z,2016-08-19T14:53:15Z,1bda6ddc-da2e-fd24-5bba-7cb7e55ad5f5,10968ba2-75e7-351a-a73a-c37a2a8dfcfc,04343cd4-23f8-3d9b-9793-72da4da0fc03,d47b3510-2895-3b70-9897-342d681c769d,wellness,162673000,General examination of patient (procedure),129.16,129.16,129.16,,
249eb0ec-4953-cf43-694a-924495ade4c2,2017-08-25T14:38:15Z,2017-08-25T14:53:15Z,1bda6ddc-da2e-fd24-5bba-7cb7e55ad5f5,10968ba2-75e7-351a-a73a-c37a2a8dfcfc,04343cd4-23f8-3d9b-9793-72da4da0fc03,d47b3510-2895-3b70-9897-342d681c769d,wellness,162673000,General examination of patient (procedure),129.16,129.16,129.16,,
bd6a3204-722c-d029-1645-73a1535d0a6f,2018-08-31T14:38:15Z,2018-08-31T14:53:15Z,1bda6ddc-da2e-fd24-5bba-7cb7e55ad5f5,10968ba2-75e7-351a-a73a-c37a2a8dfcfc,04343cd4-23f8-3d9b-9793-72da4da0fc03,d47b3510-2895-3b70-9897-342d681c769d,wellness,162673000,General examination of patient (procedure),129.16,129.16,129.16,,
ec510811-abf1-adef-3f18-4390ab7d963c,2019-09-06T14:38:15Z,2019-09-06T14:53:15Z,1bda6ddc-da2e-fd24-5bba-7cb7e55ad5f5,10968ba2-75e7-351a-a73a-c37a2a8dfcfc,04343cd4-23f8-3d9b-9793-72da4da0fc03,d47b3510-2895-3b70-9897-342d681c769d,wellness,162673000,General examination of patient (procedure),129.16,129.16,129.16,,
9ccbb2c6-9dfb-888c-3ebb-cf1723f6dcda,2020-09-11T14:38:15Z,2020-09-11T14:53:15Z,1bda6ddc-da2e-fd24-5bba-7cb7e55ad5f5,10968ba2-75e7-351a-a73a-c37a2a8dfcfc,04343cd4-23f8-3d9b-9793-72da4da0fc03,d47b3510-2895-3b70-9897-342d681c769d,wellness,162673000,General examination of patient (procedure),129.16,129.16,129.16,,
6c3ec08e-153d-3cac-e701-a4783321814d,2011-09-15T11:09:35Z,2011-09-15T11:24:35Z,24db91f3-6907-1a29-3b90-5d0d7373771c,5d4a38f6-6b92-35b4-9a6e-16304971ce2b,b98b58ef-a260-39e2-a5d6-096ae2b7564a,4d71f845-a6a9-3c39-b242-14d25ef86a8d,wellness,162673000,General examination of patient (procedure),129.16,129.16,129.16,,
4efa9479-64b2-6206-53a5-44e581b72e79,2012-09-20T11:09:35Z,2012-09-20T11:24:35Z,24db91f3-6907-1a29-3b90-5d0d7373771c,5d4a38f6-6b92-35b4-9a6e-16304971ce2b,b98b58ef-a260-39e2-a5d6-096ae2b7564a,4d71f845-a6a9-3c39-b242-14d25ef86a8d,wellness,162673000,General examination of patient (procedure),129.16,129.16,129.16,,
1c6b6956-db68-883d-9d42-94599c34d0d5,2013-09-26T11:09:35Z,2013-09-26T11:24:35Z,24db91f3-6907-1a29-3b90-5d0d7373771c,5d4a38f6-6b92-35b4-9a6e-16304971ce2b,b98b58ef-a260-39e2-a5d6-096ae2b7564a,4d71f845-a6a9-3c39-b242-14d25ef86a8d,wellness,162673000,General examination of patient (procedure),129.16,129.16,129.16,,
88e5dd22-9da8-cc0d-f20f-c5a96a1e0517,2014-10-02T11:09:35Z,2014-10-02T11:24:35Z,24db91f3-6907-1a29-3b90-5d0d7373771c,5d4a38f6-6b92-35b4-9a6e-16304971ce2b,b98b58ef-a260-39e2-a5d6-096ae2b7564a,4d71f845-a6a9-3c39-b242-14d25ef86a8d,wellness,162673000,General examination of patient (procedure),129.16,129.16,129.16,,
b1b2a5cf-3401-21d6-6528-5486b2974f3e,2015-10-08T11:09:35Z,2015-10-08T11:24:35Z,24db91f3-6907-1a29-3b90-5d0d7373771c,5d4a38f6-6b92-35b4-9a6e-16304971ce2b,b98b58ef-a260-39e2-a5d6-096ae2b7564a,4d71f845-a6a9-3c39-b242-14d25ef86a8d,wellness,162673000,General examination of patient (procedure),129.16,129.16,129.16,,
ba95f61e-fcbf-22b3-fa86-4f076b46ffc5,2016-10-13T11:09:35Z,2016-10-13T11:24:35Z,24db91f3-6907-1a29-3b90-5d0d7373771c,5d4a38f6-6b92-35b4-9a6e-16304971ce2b,b98b58ef-a260-39e2-a5d6-096ae2b7564a,4d71f845-a6a9-3c39-b242-14d25ef86a8d,wellness,162673000,General examination of patient (procedure),129.16,129.16,129.16,,
d56dccd3-d2a2-16ca-f388-335cfb42b816,2017-10-19T11:09:35Z,2017-10-19T11:24:35Z,24db91f3-6907-1a29-3b90-5d0d7373771c,5d4a38f6-6b92-35b4-9a6e-16304971ce2b,b98b58ef-a260-39e2-a5d6-096ae2b7564a,4d71f845-a6a9-3c39-b242-14d25ef86a8d,wellness,162673000,General examination of patient (procedure),129.16,129.16,129.16,,
d943920d-02f2-d0e5-cad0-65ea80ec423d,2018-10-25T11:09:35Z,2018-10-25T11:24:35Z,24db91f3-6907-1a29-3b90-5d0d7373771c,5d4a38f6-6b92-35b4-9a6e-16304971ce2b,b98b58ef-a260-39e2-a5d6-096ae2b7564a,4d71f845-a6a9-3c39-b242-14d25ef86a8d,wellness,162673000,General examination of patient (procedure),129.16,129.16,129.16,,
5d0fa6ea-0905-2f42-ff97-837a2897afdd,2019-10-31T11:09:35Z,2019-10-31T11:24:35Z,24db91f3-6907-1a29-3b90-5d0d7373771c,5d4a38f6-6b92-35b4-9a6e-16304971ce2b,b98b58ef-a260-39e2-a5d6-096ae2b7564a,4d71f845-a6a9-3c39-b242-14d25ef86a8d,wellness,162673000,General examination of patient (procedure),129.16,129.16,129.16,,
fd33cb71-c110-55a6-e25b-13c750fff466,2020-11-05T11:09:35Z,2020-11-05T11:24:35Z,24db91f3-6907-1a29-3b90-5d0d7373771c,5d4a38f6-6b92-35b4-9a6e-16304971ce2b,b98b58ef-a260-39e2-a5d6-096ae2b7564a,4d71f845-a6a9-3c39-b242-14d25ef86a8d,wellness,162673000,General examination of patient (procedure),129.16,129.16,129.16,,
cddcbf80-5401-5bda-d2bb-c4fa5322893c,2011-12-24T14:36:42Z,2011-12-24T14:51:42Z,46c3fcf1-1157-1db0-2853-fab8eba71d86,b0ed7de1-2ddf-3b6b-9142-e02d91d49c23,be2a4882-0020-3c99-996a-6862b6e473bc,7c4411ce-02f1-39b5-b9ec-dfbea9ad3c1a,wellness,162673000,General examination of patient (procedure),129.16,129.16,129.16,,
34f209b3-285a-2d67-c5af-8ca00a6c7e86,2014-12-27T14:36:42Z,2014-12-27T14:51:42Z,46c3fcf1-1157-1db0-2853-fab8eba71d86,b0ed7de1-2ddf-3b6b-9142-e02d91d49c23,be2a4882-0020-3c99-996a-6862b6e473bc,7c4411ce-02f1-39b5-b9ec-dfbea9ad3c1a,wellness,162673000,General examination of patient (procedure),129.16,129.16,129.16,,
105464f3-2329-9fed-a83e-72a1b43cf26c,2017-12-30T14:36:42Z,2017-12-30T14:51:42Z,46c3fcf1-1157-1db0-2853-fab8eba71d86,b0ed7de1-2ddf-3b6b-9142-e02d91d49c23,be2a4882-0020-3c99-996a-6862b6e473bc,7c4411ce-02f1-39b5-b9ec-dfbea9ad3c1a,wellness,162673000,General examination of patient (procedure),129.16,129.16,129.16,,
1328271d-1544-8420-795b-d0ceb197f93f,2021-01-02T14:36:42Z,2021-01-02T14:51:42Z,46c3fcf1-1157-1db0-2853-fab8eba71d86,b0ed7de1-2ddf-3b6b-9142-e02d91d49c23,be2a4882-0020-3c99-996a-6862b6e473bc,7c4411ce-02f1-39b5-b9ec-dfbea9ad3c1a,wellness,162673000,General examination of patient (procedure),129.16,129.16,129.16,,
cd974ee8-6f47-1cba-d1de-b9423878ec55,2011-11-06T02:19:42Z,2011-11-06T02:34:42Z,98f55ffd-bd8b-6c43-3ff0-aad6a6ecf4c5,8618df85-fca3-339e-aba6-2000282332aa,e03157e6-1877-3b97-99c9-e0dd4f467693,42c4fca7-f8a9-3cd1-982a-dd9751bf3e2a,wellness,410620009,Well child visit (procedure),129.16,129.16,129.16,,
d8a3a1ba-bc6b-b969-68f4-44f72b99e7db,2012-11-11T02:19:42Z,2012-11-11T02:34:42Z,98f55ffd-bd8b-6c43-3ff0-aad6a6ecf4c5,8618df85-fca3-339e-aba6-2000282332aa,e03157e6-1877-3b97-99c9-e0dd4f467693,42c4fca7-f8a9-3cd1-982a-dd9751bf3e2a,wellness,410620009,Well child visit (procedure),129.16,129.16,129.16,,
076da0ea-8163-5305-eac6-9b91a7b9ea01,2013-11-17T02:19:42Z,2013-11-17T02:34:42Z,98f55ffd-bd8b-6c43-3ff0-aad6a6ecf4c5,8618df85-fca3-339e-aba6-2000282332aa,e03157e6-1877-3b97-99c9-e0dd4f467693,42c4fca7-f8a9-3cd1-982a-dd9751bf3e2a,wellness,410620009,Well child visit (procedure),129.16,129.16,129.16,,
0b3200dd-9fe4-bef1-7327-2ab3d355f861,2014-11-23T02:19:42Z,2014-11-23T02:34:42Z,98f55ffd-bd8b-6c43-3ff0-aad6a6ecf4c5,8618df85-fca3-339e-aba6-2000282332aa,e03157e6-1877-3b97-99c9-e0dd4f467693,42c4fca7-f8a9-3cd1-982a-dd9751bf3e2a,wellness,410620009,Well child visit (procedure),129.16,129.16,129.16,,
abca96ef-9174-cc37-261b-a2bc6d3ebdd0,2015-11-29T02:19:42Z,2015-11-29T02:34:42Z,98f55ffd-bd8b-6c43-3ff0-aad6a6ecf4c5,8618df85-fca3-339e-aba6-2000282332aa,e03157e6-1877-3b97-99c9-e0dd4f467693,42c4fca7-f8a9-3cd1-982a-dd9751bf3e2a,wellness,162673000,General examination of patient (procedure),129.16,129.16,129.16,,
c853e7cd-7933-553f-5ad4-9f3795e67bbf,2016-12-04T02:19:42Z,2016-12-04T02:34:42Z,98f55ffd-bd8b-6c43-3ff0-aad6a6ecf4c5,8618df85-fca3-339e-aba6-2000282332aa,e03157e6-1877-3b97-99c9-e0dd4f467693,42c4fca7-f8a9-3cd1-982a-dd9751bf3e2a,wellness,162673000,General examination of patient (procedure),129.16,129.16,129.16,,
546cc700-95c1-29dd-de81-e29813522de4,2019-12-08T02:19:42Z,2019-12-08T02:34:42Z,98f55ffd-bd8b-6c43-3ff0-aad6a6ecf4c5,8618df85-fca3-339e-aba6-2000282332aa,e03157e6-1877-3b97-99c9-e0dd4f467693,42c4fca7-f8a9-3cd1-982a-dd9751bf3e2a,wellness,162673000,General examination of patient (procedure),129.16,129.16,129.16,,
16ba7d53-b94c-25e7-f9ab-53e1cf073e95,2011-08-07T08:34:59Z,2011-08-07T08:49:59Z,92129d8d-97ac-cf92-e9fb-fe0533c39662,09091e3c-017b-33b4-bb50-28c0dd74a15d,58cf4423-03de-3305-b320-85cbbdb51822,42c4fca7-f8a9-3cd1-982a-dd9751bf3e2a,wellness,410620009,Well child visit (procedure),129.16,129.16,129.16,,
374845af-3fae-4aeb-b73e-0656f498d3d5,2012-08-12T08:34:59Z,2012-08-12T08:49:59Z,92129d8d-97ac-cf92-e9fb-fe0533c39662,09091e3c-017b-33b4-bb50-28c0dd74a15d,58cf4423-03de-3305-b320-85cbbdb51822,42c4fca7-f8a9-3cd1-982a-dd9751bf3e2a,wellness,410620009,Well child visit (procedure),129.16,129.16,129.16,,
72805cc9-cab2-6884-6cd4-9e87a4475bf7,2013-08-18T08:34:59Z,2013-08-18T08:49:59Z,92129d8d-97ac-cf92-e9fb-fe0533c39662,09091e3c-017b-33b4-bb50-28c0dd74a15d,58cf4423-03de-3305-b320-85cbbdb51822,42c4fca7-f8a9-3cd1-982a-dd9751bf3e2a,wellness,162673000,General examination of patient (procedure),129.16,129.16,129.16,,
3d4ae2a5-9c11-f251-832d-c9a2cdf317f0,2014-08-24T08:34:59Z,2014-08-24T08:49:59Z,92129d8d-97ac-cf92-e9fb-fe0533c39662,09091e3c-017b-33b4-bb50-28c0dd74a15d,58cf4423-03de-3305-b320-85cbbdb51822,42c4fca7-f8a9-3cd1-982a-dd9751bf3e2a,wellness,162673000,General examination of patient (procedure),129.16,129.16,129.16,,
01c61f95-0748-9fa2-9ee9-e03e0a06ba73,2017-08-27T08:34:59Z,2017-08-27T08:49:59Z,92129d8d-97ac-cf92-e9fb-fe0533c39662,09091e3c-017b-33b4-bb50-28c0dd74a15d,58cf4423-03de-3305-b320-85cbbdb51822,42c4fca7-f8a9-3cd1-982a-dd9751bf3e2a,wellness,162673000,General examination of patient (procedure),129.16,129.16,129.16,,
8729d0fc-a104-32e3-b745-0abec79abe83,2020-08-30T08:34:59Z,2020-08-30T08:49:59Z,92129d8d-97ac-cf92-e9fb-fe0533c39662,09091e3c-017b-33b4-bb50-28c0dd74a15d,58cf4423-03de-3305-b320-85cbbdb51822,42c4fca7-f8a9-3cd1-982a-dd9751bf3e2a,wellness,162673000,General examination of patient (procedure),129.16,129.16,129.16,,
b57c1328-2007-e3e6-f150-1c305d487199,2012-04-18T06:43:34Z,2012-04-18T06:58:34Z,4537ab79-f204-3794-22e2-c6bd3f315947,2081b743-fb07-3f55-a1f0-1d4334fbb37d,bd77f0b3-e959-3cdf-ab23-6e36783592fe,42c4fca7-f8a9-3cd1-982a-dd9751bf3e2a,wellness,162673000,General examination of patient (procedure),129.16,129.16,129.16,,
55379473-53b9-3193-0ec1-50c885cafa77,2014-04-23T06:43:34Z,2014-04-23T06:58:34Z,4537ab79-f204-3794-22e2-c6bd3f315947,2081b743-fb07-3f55-a1f0-1d4334fbb37d,bd77f0b3-e959-3cdf-ab23-6e36783592fe,42c4fca7-f8a9-3cd1-982a-dd9751bf3e2a,wellness,162673000,General examination of patient (procedure),129.16,129.16,129.16,,
283a01cc-119c-4daa-3f94-8467f945fb1d,2016-04-27T06:43:34Z,2016-04-27T06:58:34Z,4537ab79-f204-3794-22e2-c6bd3f315947,2081b743-fb07-3f55-a1f0-1d4334fbb37d,bd77f0b3-e959-3cdf-ab23-6e36783592fe,42c4fca7-f8a9-3cd1-982a-dd9751bf3e2a,wellness,162673000,General examination of patient (procedure),129.16,129.16,129.16,,
39f49dd6-fb9b-d6bd-0969-dfaa1d19c328,2018-05-02T06:43:34Z,2018-05-02T06:58:34Z,4537ab79-f204-3794-22e2-c6bd3f315947,2081b743-fb07-3f55-a1f0-1d4334fbb37d,bd77f0b3-e959-3cdf-ab23-6e36783592fe,42c4fca7-f8a9-3cd1-982a-dd9751bf3e2a,wellness,162673000,General examination of patient (procedure),129.16,129.16,129.16,,
c45ba4d0-0934-1467-9af2-06bd9bb73eaf,2020-05-06T06:43:34Z,2020-05-06T06:58:34Z,4537ab79-f204-3794-22e2-c6bd3f315947,2081b743-fb07-3f55-a1f0-1d4334fbb37d,bd77f0b3-e959-3cdf-ab23-6e36783592fe,42c4fca7-f8a9-3cd1-982a-dd9751bf3e2a,wellness,162673000,General examination of patient (procedure),129.16,129.16,129.16,,
430ffa6e-2daf-e20e-aaa7-0fe96a99ecb7,2011-11-09T11:35:53Z,2011-11-09T11:50:53Z,6dbf05a1-37ae-680f-69b3-18b8056ad8ce,6d76ab92-85e0-3615-b72a-0d9fe04e7c9b,f57e3864-9906-3836-beb5-40f4775bf39e,b1c428d6-4f07-31e0-90f0-68ffa6ff8c76,wellness,162673000,General examination of patient (procedure),129.16,129.16,0.00,,
7e4418bf-95e8-6d33-ffcf-ff5f6187c159,2013-11-13T11:35:53Z,2013-11-13T11:50:53Z,6dbf05a1-37ae-680f-69b3-18b8056ad8ce,6d76ab92-85e0-3615-b72a-0d9fe04e7c9b,f57e3864-9906-3836-beb5-40f4775bf39e,b1c428d6-4f07-31e0-90f0-68ffa6ff8c76,wellness,162673000,General examination of patient (procedure),129.16,129.16,0.00,,
0c271326-6e69-f4e2-5125-11188e1bbdef,2015-10-21T11:35:53Z,2015-10-21T11:50:53Z,6dbf05a1-37ae-680f-69b3-18b8056ad8ce,6d76ab92-85e0-3615-b72a-0d9fe04e7c9b,f57e3864-9906-3836-beb5-40f4775bf39e,b1c428d6-4f07-31e0-90f0-68ffa6ff8c76,wellness,162673000,General examination of patient (procedure),129.16,129.16,0.00,,
af479025-2fe9-57b9-4943-41309c92ec67,2016-10-26T11:35:53Z,2016-10-26T11:50:53Z,6dbf05a1-37ae-680f-69b3-18b8056ad8ce,6d76ab92-85e0-3615-b72a-0d9fe04e7c9b,f57e3864-9906-3836-beb5-40f4775bf39e,b1c428d6-4f07-31e0-90f0-68ffa6ff8c76,wellness,162673000,General examination of patient (procedure),129.16,129.16,0.00,,
84d79348-db5a-7a5c-d183-06a71b77ee84,2017-11-01T11:35:53Z,2017-11-01T11:50:53Z,6dbf05a1-37ae-680f-69b3-18b8056ad8ce,6d76ab92-85e0-3615-b72a-0d9fe04e7c9b,f57e3864-9906-3836-beb5-40f4775bf39e,b1c428d6-4f07-31e0-90f0-68ffa6ff8c76,wellness,162673000,General examination of patient (procedure),129.16,129.16,0.00,,
e1935d6c-2c6a-dc63-9aec-f740653b9df4,2018-11-07T11:35:53Z,2018-11-07T11:50:53Z,6dbf05a1-37ae-680f-69b3-18b8056ad8ce,6d76ab92-85e0-3615-b72a-0d9fe04e7c9b,f57e3864-9906-3836-beb5-40f4775bf39e,b1c428d6-4f07-31e0-90f0-68ffa6ff8c76,wellness,162673000,General examination of patient (procedure),129.16,129.16,0.00,,
d1ff8d38-76dc-0896-267a-45aa962f19a1,2019-11-13T11:35:53Z,2019-11-13T11:50:53Z,6dbf05a1-37ae-680f-69b3-18b8056ad8ce,6d76ab92-85e0-3615-b72a-0d9fe04e7c9b,f57e3864-9906-3836-beb5-40f4775bf39e,b1c428d6-4f07-31e0-90f0-68ffa6ff8c76,wellness,162673000,General examination of patient (procedure),129.16,129.16,0.00,,
9f4a43e9-5e18-5457-aa5c-7de60380d447,2020-11-18T11:35:53Z,2020-11-18T11:50:53Z,6dbf05a1-37ae-680f-69b3-18b8056ad8ce,6d76ab92-85e0-3615-b72a-0d9fe04e7c9b,f57e3864-9906-3836-beb5-40f4775bf39e,b1c428d6-4f07-31e0-90f0-68ffa6ff8c76,wellness,162673000,General examination of patient (procedure),129.16,129.16,0.00,,
a1eca94e-7d42-f269-fb7b-96e42c41e6b0,2011-06-20T15:16:09Z,2011-06-20T15:31:09Z,b7f80228-621e-dbbd-e40f-b1318913d35a,fe90cb79-f0ff-3ef1-9dbf-5657cedf8332,b1ac74b3-7643-3d53-b775-37813a8cfdbd,5059a55e-5d6e-34d1-b6cb-d83d16e57bcf,wellness,162673000,General examination of patient (procedure),129.16,129.16,129.16,,
8f03c73b-6eb1-7cfd-a891-1540e46bc1b9,2013-06-24T15:16:09Z,2013-06-24T15:31:09Z,b7f80228-621e-dbbd-e40f-b1318913d35a,fe90cb79-f0ff-3ef1-9dbf-5657cedf8332,b1ac74b3-7643-3d53-b775-37813a8cfdbd,5059a55e-5d6e-34d1-b6cb-d83d16e57bcf,wellness,162673000,General examination of patient (procedure),129.16,129.16,129.16,,
d607921d-91e7-145a-7e01-3eb49b61e62d,2015-06-01T15:16:09Z,2015-06-01T15:31:09Z,b7f80228-621e-dbbd-e40f-b1318913d35a,fe90cb79-f0ff-3ef1-9dbf-5657cedf8332,b1ac74b3-7643-3d53-b775-37813a8cfdbd,5059a55e-5d6e-34d1-b6cb-d83d16e57bcf,wellness,162673000,General examination of patient (procedure),129.16,129.16,129.16,,
87da46e1-1df3-eae9-9a41-ab95700ca508,2016-06-06T15:16:09Z,2016-06-06T15:31:09Z,b7f80228-621e-dbbd-e40f-b1318913d35a,fe90cb79-f0ff-3ef1-9dbf-5657cedf8332,b1ac74b3-7643-3d53-b775-37813a8cfdbd,5059a55e-5d6e-34d1-b6cb-d83d16e57bcf,wellness,162673000,General examination of patient (procedure),129.16,129.16,129.16,,
0ad0313d-a442-9b3f-973c-2a1f91b2b986,2017-06-12T15:16:09Z,2017-06-12T15:31:09Z,b7f80228-621e-dbbd-e40f-b1318913d35a,fe90cb79-f0ff-3ef1-9dbf-5657cedf8332,b1ac74b3-7643-3d53-b775-37813a8cfdbd,5059a55e-5d6e-34d1-b6cb-d83d16e57bcf,wellness,162673000,General examination of patient (procedure),129.16,129.16,129.16,,
dedae082-0515-b791-4997-0ae2ca93a7b0,2018-06-18T15:16:09Z,2018-06-18T15:31:09Z,b7f80228-621e-dbbd-e40f-b1318913d35a,fe90cb79-f0ff-3ef1-9dbf-5657cedf8332,b1ac74b3-7643-3d53-b775-37813a8cfdbd,5059a55e-5d6e-34d1-b6cb-d83d16e57bcf,wellness,162673000,General examination of patient (procedure),129.16,129.16,129.16,,
daac6491-d80a-5c67-e60b-4f5e0ab0f03a,2019-06-24T15:16:09Z,2019-06-24T15:31:09Z,b7f80228-621e-dbbd-e40f-b1318913d35a,fe90cb79-f0ff-3ef1-9dbf-5657cedf8332,b1ac74b3-7643-3d53-b775-37813a8cfdbd,5059a55e-5d6e-34d1-b6cb-d83d16e57bcf,wellness,162673000,General examination of patient (procedure),129.16,129.16,129.16,,
a762d732-b424-ba8f-b79c-9ee6bdd62d8c,2020-06-29T15:16:09Z,2020-06-29T15:31:09Z,b7f80228-621e-dbbd-e40f-b1318913d35a,fe90cb79-f0ff-3ef1-9dbf-5657cedf8332,b1ac74b3-7643-3d53-b775-37813a8cfdbd,5059a55e-5d6e-34d1-b6cb-d83d16e57bcf,wellness,162673000,General examination of patient (procedure),129.16,129.16,129.16,,
1c16883b-3990-4995-79c3-e1d3052ac82b,2013-01-04T14:47:24Z,2013-01-04T15:02:24Z,b48284c0-d7c4-647d-d9c7-0a827c11cd2c,46eaf6f1-29f0-394b-a6aa-6d6f9219a973,cb4e465c-eea0-360a-9a39-dc66b22a81e6,6e2f1a2d-27bd-3701-8d08-dae202c58632,wellness,162673000,General examination of patient (procedure),129.16,129.16,129.16,,
ddbf4df1-0846-1e1d-75b7-66151e081421,2015-01-09T14:47:24Z,2015-01-09T15:02:24Z,b48284c0-d7c4-647d-d9c7-0a827c11cd2c,46eaf6f1-29f0-394b-a6aa-6d6f9219a973,cb4e465c-eea0-360a-9a39-dc66b22a81e6,6e2f1a2d-27bd-3701-8d08-dae202c58632,wellness,162673000,General examination of patient (procedure),129.16,129.16,129.16,,
7b6fc19d-6acd-13b4-0432-56fdba6aabe4,2016-12-16T14:47:24Z,2016-12-16T15:02:24Z,b48284c0-d7c4-647d-d9c7-0a827c11cd2c,46eaf6f1-29f0-394b-a6aa-6d6f9219a973,cb4e465c-eea0-360a-9a39-dc66b22a81e6,6e2f1a2d-27bd-3701-8d08-dae202c58632,wellness,162673000,General examination of patient (procedure),129.16,129.16,129.16,,
06e87833-bb83-fd12-73e2-dd3f4b9b9ade,2017-12-22T14:47:24Z,2017-12-22T15:02:24Z,b48284c0-d7c4-647d-d9c7-0a827c11cd2c,46eaf6f1-29f0-394b-a6aa-6d6f9219a973,cb4e465c-eea0-360a-9a39-dc66b22a81e6,6e2f1a2d-27bd-3701-8d08-dae202c58632,wellness,162673000,General examination of patient (procedure),129.16,129.16,129.16,,
29daa0a2-87d8-2b8e-c9a2-0546ede01eb3,2018-12-28T14:47:24Z,2018-12-28T15:02:24Z,b48284c0-d7c4-647d-d9c7-0a827c11cd2c,46eaf6f1-29f0-394b-a6aa-6d6f9219a973,cb4e465c-eea0-360a-9a39-dc66b22a81e6,6e2f1a2d-27bd-3701-8d08-dae202c58632,wellness,162673000,General examination of patient (procedure),129.16,129.16,129.16,,
01ac2227-2375-d0e1-fc93-77b424a368a6,2020-01-03T14:47:24Z,2020-01-03T15:02:24Z,b48284c0-d7c4-647d-d9c7-0a827c11cd2c,46eaf6f1-29f0-394b-a6aa-6d6f9219a973,cb4e465c-eea0-360a-9a39-dc66b22a81e6,6e2f1a2d-27bd-3701-8d08-dae202c58632,wellness,162673000,General examination of patient (procedure),129.16,129.16,129.16,,
c12ecbdb-4c76-392f-59a3-c5059130913b,2021-01-08T14:47:24Z,2021-01-08T15:02:24Z,b48284c0-d7c4-647d-d9c7-0a827c11cd2c,46eaf6f1-29f0-394b-a6aa-6d6f9219a973,cb4e465c-eea0-360a-9a39-dc66b22a81e6,6e2f1a2d-27bd-3701-8d08-dae202c58632,wellness,162673000,General examination of patient (procedure),129.16,129.16,129.16,,
591445cd-e87b-1459-023b-1c2351b798cc,2011-05-27T13:03:07Z,2011-05-27T13:18:07Z,56378fa6-045b-df98-d4c3-55b9811df926,1f645c13-be73-3c42-9b77-e1257a5d9d41,3cf6417b-ba68-33c0-bf6a-127786e6a2a3,047f6ec3-6215-35eb-9608-f9dda363a44c,wellness,410620009,Well child visit (procedure),129.16,129.16,129.16,,
3bdaee01-e69e-0fc8-14a6-ef0ec27b3ff7,2012-06-01T13:03:07Z,2012-06-01T13:18:07Z,56378fa6-045b-df98-d4c3-55b9811df926,1f645c13-be73-3c42-9b77-e1257a5d9d41,3cf6417b-ba68-33c0-bf6a-127786e6a2a3,047f6ec3-6215-35eb-9608-f9dda363a44c,wellness,410620009,Well child visit (procedure),129.16,129.16,129.16,,
97649e81-11d5-6ffc-c50f-b3ccbb2baa22,2013-06-07T13:03:07Z,2013-06-07T13:18:07Z,56378fa6-045b-df98-d4c3-55b9811df926,1f645c13-be73-3c42-9b77-e1257a5d9d41,3cf6417b-ba68-33c0-bf6a-127786e6a2a3,047f6ec3-6215-35eb-9608-f9dda363a44c,wellness,410620009,Well child visit (procedure),129.16,129.16,129.16,,
6a70fa1f-2979-419d-548c-f643f6a80fe9,2014-06-13T13:03:07Z,2014-06-13T13:18:07Z,56378fa6-045b-df98-d4c3-55b9811df926,1f645c13-be73-3c42-9b77-e1257a5d9d41,3cf6417b-ba68-33c0-bf6a-127786e6a2a3,047f6ec3-6215-35eb-9608-f9dda363a44c,wellness,410620009,Well child visit (procedure),129.16,129.16,129.16,,
37dcfee4-30fd-5811-4a68-b54b35afa6da,2015-06-19T13:03:07Z,2015-06-19T13:18:07Z,56378fa6-045b-df98-d4c3-55b9811df926,1f645c13-be73-3c42-9b77-e1257a5d9d41,3cf6417b-ba68-33c0-bf6a-127786e6a2a3,047f6ec3-6215-35eb-9608-f9dda363a44c,wellness,410620009,Well child visit (procedure),129.16,129.16,129.16,,
e40c1d0f-d00d-b231-d09f-fb4e19f5f748,2016-06-24T13:03:07Z,2016-06-24T13:18:07Z,56378fa6-045b-df98-d4c3-55b9811df926,1f645c13-be73-3c42-9b77-e1257a5d9d41,3cf6417b-ba68-33c0-bf6a-127786e6a2a3,047f6ec3-6215-35eb-9608-f9dda363a44c,wellness,410620009,Well child visit (procedure),129.16,129.16,129.16,,
391d3a5e-38bf-f63f-0941-dd2a8ac63b5e,2017-06-30T13:03:07Z,2017-06-30T13:18:07Z,56378fa6-045b-df98-d4c3-55b9811df926,1f645c13-be73-3c42-9b77-e1257a5d9d41,3cf6417b-ba68-33c0-bf6a-127786e6a2a3,047f6ec3-6215-35eb-9608-f9dda363a44c,wellness,410620009,Well child visit (procedure),129.16,129.16,129.16,,
8656258c-87cc-3918-c585-035ca7951b76,2018-07-06T13:03:07Z,2018-07-06T13:18:07Z,56378fa6-045b-df98-d4c3-55b9811df926,1f645c13-be73-3c42-9b77-e1257a5d9d41,3cf6417b-ba68-33c0-bf6a-127786e6a2a3,047f6ec3-6215-35eb-9608-f9dda363a44c,wellness,410620009,Well child visit (procedure),129.16,129.16,129.16,,
4cd43e1a-a32e-84a5-fa4a-215b63015bab,2019-07-12T13:03:07Z,2019-07-12T13:18:07Z,56378fa6-045b-df98-d4c3-55b9811df926,1f645c13-be73-3c42-9b77-e1257a5d9d41,3cf6417b-ba68-33c0-bf6a-127786e6a2a3,047f6ec3-6215-35eb-9608-f9dda363a44c,wellness,162673000,General examination of patient (procedure),129.16,129.16,129.16,,
37395452-fbb5-d197-e843-ff41afb94eac,2020-07-17T13:03:07Z,2020-07-17T13:18:07Z,56378fa6-045b-df98-d4c3-55b9811df926,1f645c13-be73-3c42-9b77-e1257a5d9d41,3cf6417b-ba68-33c0-bf6a-127786e6a2a3,047f6ec3-6215-35eb-9608-f9dda363a44c,wellness,162673000,General examination of patient (procedure),129.16,129.16,129.16,,
cf68cd4c-3fae-1acb-566a-49b148c8ca05,2018-04-24T15:11:48Z,2018-04-24T15:26:48Z,f99dd349-30b9-e18b-6246-0be3408031bf,f022c152-0035-385a-bf96-307024125878,a8ac3dac-8443-3db2-9220-7f16b75eff0a,5059a55e-5d6e-34d1-b6cb-d83d16e57bcf,wellness,410620009,Well child visit (procedure),129.16,129.16,129.16,,
ef5d6a8e-f0b9-5415-4e6f-66f4d8c8b5ca,2018-05-29T15:11:48Z,2018-05-29T15:26:48Z,f99dd349-30b9-e18b-6246-0be3408031bf,f022c152-0035-385a-bf96-307024125878,a8ac3dac-8443-3db2-9220-7f16b75eff0a,5059a55e-5d6e-34d1-b6cb-d83d16e57bcf,wellness,410620009,Well child visit (procedure),129.16,129.16,129.16,,
9b99cb02-c7d1-4dd2-285d-44807a58ffc8,2018-07-31T15:11:48Z,2018-07-31T15:26:48Z,f99dd349-30b9-e18b-6246-0be3408031bf,f022c152-0035-385a-bf96-307024125878,a8ac3dac-8443-3db2-9220-7f16b75eff0a,5059a55e-5d6e-34d1-b6cb-d83d16e57bcf,wellness,410620009,Well child visit (procedure),129.16,129.16,129.16,,
7d995a10-dc33-e3c9-deca-a877b9861dd8,2018-10-02T15:11:48Z,2018-10-02T15:26:48Z,f99dd349-30b9-e18b-6246-0be3408031bf,f022c152-0035-385a-bf96-307024125878,a8ac3dac-8443-3db2-9220-7f16b75eff0a,5059a55e-5d6e-34d1-b6cb-d83d16e57bcf,wellness,410620009,Well child visit (procedure),129.16,129.16,129.16,,
8cf27380-d13b-5daf-1996-748c00340ea2,2019-01-01T15:11:48Z,2019-01-01T15:26:48Z,f99dd349-30b9-e18b-6246-0be3408031bf,f022c152-0035-385a-bf96-307024125878,a8ac3dac-8443-3db2-9220-7f16b75eff0a,5059a55e-5d6e-34d1-b6cb-d83d16e57bcf,wellness,410620009,Well child visit (procedure),129.16,129.16,129.16,,
f379e6d6-b9b9-38bc-b91a-71f009bacf4f,2019-04-02T15:11:48Z,2019-04-02T15:26:48Z,f99dd349-30b9-e18b-6246-0be3408031bf,f022c152-0035-385a-bf96-307024125878,a8ac3dac-8443-3db2-9220-7f16b75eff0a,b1c428d6-4f07-31e0-90f0-68ffa6ff8c76,wellness,410620009,Well child visit (procedure),129.16,129.16,0.00,,
7290ccf9-533b-767b-daf0-59a486e7f882,2019-07-02T15:11:48Z,2019-07-02T15:26:48Z,f99dd349-30b9-e18b-6246-0be3408031bf,f022c152-0035-385a-bf96-307024125878,a8ac3dac-8443-3db2-9220-7f16b75eff0a,b1c428d6-4f07-31e0-90f0-68ffa6ff8c76,wellness,410620009,Well child visit (procedure),129.16,129.16,0.00,,
f3c79414-c657-84e1-50c8-9cfd0148b688,2019-10-01T15:11:48Z,2019-10-01T15:26:48Z,f99dd349-30b9-e18b-6246-0be3408031bf,f022c152-0035-385a-bf96-307024125878,a8ac3dac-8443-3db2-9220-7f16b75eff0a,b1c428d6-4f07-31e0-90f0-68ffa6ff8c76,wellness,410620009,Well child visit (procedure),129.16,129.16,0.00,,
ac4b65c1-6733-13a1-0bc6-b25e3b1e90cd,2020-03-31T15:11:48Z,2020-03-31T15:26:48Z,f99dd349-30b9-e18b-6246-0be3408031bf,f022c152-0035-385a-bf96-307024125878,a8ac3dac-8443-3db2-9220-7f16b75eff0a,b1c428d6-4f07-31e0-90f0-68ffa6ff8c76,wellness,410620009,Well child visit (procedure),129.16,129.16,0.00,,
5a414b62-fc34-6abe-cbce-ea459894b491,2020-09-29T15:11:48Z,2020-09-29T15:26:48Z,f99dd349-30b9-e18b-6246-0be3408031bf,f022c152-0035-385a-bf96-307024125878,a8ac3dac-8443-3db2-9220-7f16b75eff0a,b1c428d6-4f07-31e0-90f0-68ffa6ff8c76,wellness,410620009,Well child visit (procedure),129.16,129.16,0.00,,
b80c5717-3709-6e61-32ed-54d46f2ed732,2012-08-06T04:20:14Z,2012-08-06T04:35:14Z,8d533eca-e4bb-c02f-af29-2757f8d80bbd,cef6c60b-3b96-3bdc-b7ee-bb81307e9f72,52ca4725-fa6f-3fe3-8334-4fce040db827,5059a55e-5d6e-34d1-b6cb-d83d16e57bcf,wellness,410620009,Well child visit (procedure),129.16,129.16,129.16,,
8307e68c-2d01-758a-413b-ee140b9a0b55,2012-09-10T04:20:14Z,2012-09-10T04:35:14Z,8d533eca-e4bb-c02f-af29-2757f8d80bbd,cef6c60b-3b96-3bdc-b7ee-bb81307e9f72,52ca4725-fa6f-3fe3-8334-4fce040db827,5059a55e-5d6e-34d1-b6cb-d83d16e57bcf,wellness,410620009,Well child visit (procedure),129.16,129.16,129.16,,
98e745bf-c7a4-896a-f0e1-3c5d48dbd1bb,2012-11-12T04:20:14Z,2012-11-12T04:35:14Z,8d533eca-e4bb-c02f-af29-2757f8d80bbd,cef6c60b-3b96-3bdc-b7ee-bb81307e9f72,52ca4725-fa6f-3fe3-8334-4fce040db827,5059a55e-5d6e-34d1-b6cb-d83d16e57bcf,wellness,410620009,Well child visit (procedure),129.16,129.16,129.16,,
a6d41a02-4f8e-33e9-e4e0-bfe0aade4f44,2013-01-14T04:20:14Z,2013-01-14T04:35:14Z,8d533eca-e4bb-c02f-af29-2757f8d80bbd,cef6c60b-3b96-3bdc-b7ee-bb81307e9f72,52ca4725-fa6f-3fe3-8334-4fce040db827,5059a55e-5d6e-34d1-b6cb-d83d16e57bcf,wellness,410620009,Well child visit (procedure),129.16,129.16,129.16,,
f915657d-8d1f-d082-0701-8002f8165eb4,2013-04-15T04:20:14Z,2013-04-15T04:35:14Z,8d533eca-e4bb-c02f-af29-2757f8d80bbd,cef6c60b-3b96-3bdc-b7ee-bb81307e9f72,52ca4725-fa6f-3fe3-8334-4fce040db827,5059a55e-5d6e-34d1-b6cb-d83d16e57bcf,wellness,410620009,Well child visit (procedure),129.16,129.16,129.16,,
8d44947a-65b2-4a3a-db95-243d6fd601cb,2013-07-15T04:20:14Z,2013-07-15T04:35:14Z,8d533eca-e4bb-c02f-af29-2757f8d80bbd,cef6c60b-3b96-3bdc-b7ee-bb81307e9f72,52ca4725-fa6f-3fe3-8334-4fce040db827,5059a55e-5d6e-34d1-b6cb-d83d16e57bcf,wellness,410620009,Well child visit (procedure),129.16,129.16,129.16,,
db6f9adb-d351-44ce-371d-3742b92c4f92,2013-10-14T04:20:14Z,2013-10-14T04:35:14Z,8d533eca-e4bb-c02f-af29-2757f8d80bbd,cef6c60b-3b96-3bdc-b7ee-bb81307e9f72,52ca4725-fa6f-3fe3-8334-4fce040db827,5059a55e-5d6e-34d1-b6cb-d83d16e57bcf,wellness,410620009,Well child visit (procedure),129.16,129.16,129.16,,
4900e5ef-0d63-252b-e85e-f867dba573f7,2014-01-13T04:20:14Z,2014-01-13T04:35:14Z,8d533eca-e4bb-c02f-af29-2757f8d80bbd,cef6c60b-3b96-3bdc-b7ee-bb81307e9f72,52ca4725-fa6f-3fe3-8334-4fce040db827,5059a55e-5d6e-34d1-b6cb-d83d16e57bcf,wellness,410620009,Well child visit (procedure),129.16,129.16,129.16,,
868e2665-f6e4-ad22-d798-5f40bd52949c,2014-07-14T04:20:14Z,2014-07-14T04:35:14Z,8d533eca-e4bb-c02f-af29-2757f8d80bbd,cef6c60b-3b96-3bdc-b7ee-bb81307e9f72,52ca4725-fa6f-3fe3-8334-4fce040db827,5059a55e-5d6e-34d1-b6cb-d83d16e57bcf,wellness,410620009,Well child visit (procedure),129.16,129.16,129.16,,
1c3b369f-fe16-1e5b-a18f-35874faaaeeb,2015-01-12T04:20:14Z,2015-01-12T04:35:14Z,8d533eca-e4bb-c02f-af29-2757f8d80bbd,cef6c60b-3b96-3bdc-b7ee-bb81307e9f72,52ca4725-fa6f-3fe3-8334-4fce040db827,5059a55e-5d6e-34d1-b6cb-d83d16e57bcf,wellness,410620009,Well child visit (procedure),129.16,129.16,129.16,,
9f6ea12c-a4e3-188a-ed5d-6b417452c36d,2015-07-13T04:20:14Z,2015-07-13T04:35:14Z,8d533eca-e4bb-c02f-af29-2757f8d80bbd,cef6c60b-3b96-3bdc-b7ee-bb81307e9f72,52ca4725-fa6f-3fe3-8334-4fce040db827,5059a55e-5d6e-34d1-b6cb-d83d16e57bcf,wellness,410620009,Well child visit (procedure),129.16,129.16,129.16,,
bc698b90-782d-a6e1-246c-0921f4ece25c,2016-01-11T04:20:14Z,2016-01-11T04:35:14Z,8d533eca-e4bb-c02f-af29-2757f8d80bbd,cef6c60b-3b96-3bdc-b7ee-bb81307e9f72,52ca4725-fa6f-3fe3-8334-4fce040db827,5059a55e-5d6e-34d1-b6cb-d83d16e57bcf,wellness,410620009,Well child visit (procedure),129.16,129.16,129.16,,
af2d0945-91b8-30c5-ef40-652ec2f2ed76,2016-07-11T04:20:14Z,2016-07-11T04:35:14Z,8d533eca-e4bb-c02f-af29-2757f8d80bbd,cef6c60b-3b96-3bdc-b7ee-bb81307e9f72,52ca4725-fa6f-3fe3-8334-4fce040db827,5059a55e-5d6e-34d1-b6cb-d83d16e57bcf,wellness,410620009,Well child visit (procedure),129.16,129.16,129.16,,
85331b07-13f1-41c3-edd5-7da43f9b2313,2017-07-17T04:20:14Z,2017-07-17T04:35:14Z,8d533eca-e4bb-c02f-af29-2757f8d80bbd,cef6c60b-3b96-3bdc-b7ee-bb81307e9f72,52ca4725-fa6f-3fe3-8334-4fce040db827,5059a55e-5d6e-34d1-b6cb-d83d16e57bcf,wellness,410620009,Well child visit (procedure),129.16,129.16,129.16,,
9d21de4a-cb9f-5cc5-b975-9e180511c679,2018-07-23T04:20:14Z,2018-07-23T04:35:14Z,8d533eca-e4bb-c02f-af29-2757f8d80bbd,cef6c60b-3b96-3bdc-b7ee-bb81307e9f72,52ca4725-fa6f-3fe3-8334-4fce040db827,5059a55e-5d6e-34d1-b6cb-d83d16e57bcf,wellness,410620009,Well child visit (procedure),129.16,129.16,129.16,,
2703b10f-289a-4e80-e6a6-b2dea334796f,2019-07-29T04:20:14Z,2019-07-29T04:35:14Z,8d533eca-e4bb-c02f-af29-2757f8d80bbd,cef6c60b-3b96-3bdc-b7ee-bb81307e9f72,52ca4725-fa6f-3fe3-8334-4fce040db827,5059a55e-5d6e-34d1-b6cb-d83d16e57bcf,wellness,410620009,Well child visit (procedure),129.16,129.16,129.16,,
bef74dd7-9fa2-b330-a9fd-eeaedfb11b0f,2020-08-03T04:20:14Z,2020-08-03T04:35:14Z,8d533eca-e4bb-c02f-af29-2757f8d80bbd,cef6c60b-3b96-3bdc-b7ee-bb81307e9f72,52ca4725-fa6f-3fe3-8334-4fce040db827,5059a55e-5d6e-34d1-b6cb-d83d16e57bcf,wellness,410620009,Well child visit (procedure),129.16,129.16,129.16,,
3c0a61aa-47a8-e0b1-d154-d0f4d7cd8008,2000-06-16T21:23:54Z,2000-06-16T21:38:54Z,6b7a2ee5-ec16-bce7-710b-4f2099483210,946ef31f-906c-3102-b9dd-09f0b28e3b38,fde516f7-14e3-3555-8ffe-0b95a0c87f47,42c4fca7-f8a9-3cd1-982a-dd9751bf3e2a,wellness,162673000,General examination of patient (procedure),129.16,129.16,74.16,,
35c7a28d-a0b1-7487-9f7e-d64cc0af0f90,2011-08-19T21:23:54Z,2011-08-19T21:38:54Z,6b7a2ee5-ec16-bce7-710b-4f2099483210,946ef31f-906c-3102-b9dd-09f0b28e3b38,fde516f7-14e3-3555-8ffe-0b95a0c87f47,42c4fca7-f8a9-3cd1-982a-dd9751bf3e2a,wellness,162673000,General examination of patient (procedure),129.16,129.16,129.16,,
bba7ed29-e26a-f59f-3d55-3cfe004a63b7,2012-08-24T21:23:54Z,2012-08-24T21:38:54Z,6b7a2ee5-ec16-bce7-710b-4f2099483210,946ef31f-906c-3102-b9dd-09f0b28e3b38,fde516f7-14e3-3555-8ffe-0b95a0c87f47,42c4fca7-f8a9-3cd1-982a-dd9751bf3e2a,wellness,162673000,General examination of patient (procedure),129.16,129.16,129.16,,
ac1c977d-97e7-e72d-0c3b-ca8ad5bcc944,2013-08-30T21:23:54Z,2013-08-30T21:38:54Z,6b7a2ee5-ec16-bce7-710b-4f2099483210,946ef31f-906c-3102-b9dd-09f0b28e3b38,fde516f7-14e3-3555-8ffe-0b95a0c87f47,42c4fca7-f8a9-3cd1-982a-dd9751bf3e2a,wellness,162673000,General examination of patient (procedure),129.16,129.16,129.16,,
9a004315-5cce-122e-c6f1-b1156e1d1373,2014-08-29T21:23:54Z,2014-08-29T22:23:54Z,6b7a2ee5-ec16-bce7-710b-4f2099483210,49318f80-bd8b-3fc7-a096-ac43088b0c12,387fd700-d085-353d-8d58-a7880ac48869,b1c428d6-4f07-31e0-90f0-68ffa6ff8c76,emergency,230690007,Stroke,129.16,129.16,0.00,,
9ce34279-4ff3-efcd-885d-b3ed42b426f8,2014-09-05T21:23:54Z,2014-09-05T21:38:54Z,6b7a2ee5-ec16-bce7-710b-4f2099483210,946ef31f-906c-3102-b9dd-09f0b28e3b38,fde516f7-14e3-3555-8ffe-0b95a0c87f47,42c4fca7-f8a9-3cd1-982a-dd9751bf3e2a,wellness,162673000,General examination of patient (procedure),129.16,129.16,129.16,,
dbb461e7-df7f-d608-161f-816a1704b143,2015-09-11T21:23:54Z,2015-09-11T21:38:54Z,6b7a2ee5-ec16-bce7-710b-4f2099483210,946ef31f-906c-3102-b9dd-09f0b28e3b38,fde516f7-14e3-3555-8ffe-0b95a0c87f47,42c4fca7-f8a9-3cd1-982a-dd9751bf3e2a,wellness,162673000,General examination of patient (procedure),129.16,129.16,129.16,,
8f610746-d0ba-ca93-c0fc-55fad0009006,2016-09-16T21:23:54Z,2016-09-16T21:38:54Z,6b7a2ee5-ec16-bce7-710b-4f2099483210,946ef31f-906c-3102-b9dd-09f0b28e3b38,fde516f7-14e3-3555-8ffe-0b95a0c87f47,42c4fca7-f8a9-3cd1-982a-dd9751bf3e2a,wellness,162673000,General examination of patient (procedure),129.16,129.16,129.16,,
8542dd56-3c83-1ffc-f00a-3c7eb6aeacf3,2017-09-22T21:23:54Z,2017-09-22T21:38:54Z,6b7a2ee5-ec16-bce7-710b-4f2099483210,946ef31f-906c-3102-b9dd-09f0b28e3b38,fde516f7-14e3-3555-8ffe-0b95a0c87f47,7caa7254-5050-3b5e-9eae-bd5ea30e809c,wellness,162673000,General examination of patient (procedure),129.16,129.16,129.16,,
13e07e23-9969-410f-85de-7fd3536c51ca,2018-09-28T21:23:54Z,2018-09-28T21:38:54Z,6b7a2ee5-ec16-bce7-710b-4f2099483210,946ef31f-906c-3102-b9dd-09f0b28e3b38,fde516f7-14e3-3555-8ffe-0b95a0c87f47,7caa7254-5050-3b5e-9eae-bd5ea30e809c,wellness,162673000,General examination of patient (procedure),129.16,129.16,129.16,,
12e9d0c4-8843-4e7b-2639-21ab88213892,2019-10-04T21:23:54Z,2019-10-04T21:38:54Z,6b7a2ee5-ec16-bce7-710b-4f2099483210,946ef31f-906c-3102-b9dd-09f0b28e3b38,fde516f7-14e3-3555-8ffe-0b95a0c87f47,7caa7254-5050-3b5e-9eae-bd5ea30e809c,wellness,162673000,General examination of patient (procedure),129.16,129.16,129.16,,
c0b00e42-85aa-72b5-6ff0-6aa7076ddc26,2020-10-09T21:23:54Z,2020-10-09T21:38:54Z,6b7a2ee5-ec16-bce7-710b-4f2099483210,946ef31f-906c-3102-b9dd-09f0b28e3b38,fde516f7-14e3-3555-8ffe-0b95a0c87f47,7caa7254-5050-3b5e-9eae-bd5ea30e809c,wellness,162673000,General examination of patient (procedure),129.16,129.16,129.16,,
fb96e1b4-1500-b9bb-1706-852ab391cd59,2011-03-12T10:27:09Z,2011-03-12T10:42:09Z,bc350372-6a42-9faf-2cad-f21e11d7c30b,3736f71b-4b15-3e9b-8578-8256538f0ac1,9afe0f89-70ad-3084-a357-a291827ac7f8,7c4411ce-02f1-39b5-b9ec-dfbea9ad3c1a,wellness,162673000,General examination of patient (procedure),129.16,129.16,129.16,,
bb547f47-e95f-801e-ac93-89722174f229,2012-03-17T10:27:09Z,2012-03-17T10:42:09Z,bc350372-6a42-9faf-2cad-f21e11d7c30b,3736f71b-4b15-3e9b-8578-8256538f0ac1,9afe0f89-70ad-3084-a357-a291827ac7f8,7c4411ce-02f1-39b5-b9ec-dfbea9ad3c1a,wellness,162673000,General examination of patient (procedure),129.16,129.16,129.16,,
aa096d8d-64f3-8598-dee2-0958028af806,2013-03-23T10:27:09Z,2013-03-23T10:42:09Z,bc350372-6a42-9faf-2cad-f21e11d7c30b,3736f71b-4b15-3e9b-8578-8256538f0ac1,9afe0f89-70ad-3084-a357-a291827ac7f8,7c4411ce-02f1-39b5-b9ec-dfbea9ad3c1a,wellness,162673000,General examination of patient (procedure),129.16,129.16,129.16,,
5d0986f2-df17-2775-990e-803974c298aa,2014-03-29T10:27:09Z,2014-03-29T10:42:09Z,bc350372-6a42-9faf-2cad-f21e11d7c30b,3736f71b-4b15-3e9b-8578-8256538f0ac1,9afe0f89-70ad-3084-a357-a291827ac7f8,7c4411ce-02f1-39b5-b9ec-dfbea9ad3c1a,wellness,162673000,General examination of patient (procedure),129.16,129.16,129.16,,
bb506c1b-da8b-6579-c53b-a021df93e3a2,2015-04-04T10:27:09Z,2015-04-04T10:42:09Z,bc350372-6a42-9faf-2cad-f21e11d7c30b,3736f71b-4b15-3e9b-8578-8256538f0ac1,9afe0f89-70ad-3084-a357-a291827ac7f8,7c4411ce-02f1-39b5-b9ec-dfbea9ad3c1a,wellness,162673000,General examination of patient (procedure),129.16,129.16,129.16,,
0fc12daf-6497-a924-04d1-41c7bf51a134,2016-04-09T10:27:09Z,2016-04-09T10:42:09Z,bc350372-6a42-9faf-2cad-f21e11d7c30b,3736f71b-4b15-3e9b-8578-8256538f0ac1,9afe0f89-70ad-3084-a357-a291827ac7f8,7c4411ce-02f1-39b5-b9ec-dfbea9ad3c1a,wellness,162673000,General examination of patient (procedure),129.16,129.16,129.16,,
9bd63f6b-0cc8-3d38-f1a5-dfba54737f7c,2017-04-15T10:27:09Z,2017-04-15T10:42:09Z,bc350372-6a42-9faf-2cad-f21e11d7c30b,3736f71b-4b15-3e9b-8578-8256538f0ac1,9afe0f89-70ad-3084-a357-a291827ac7f8,7c4411ce-02f1-39b5-b9ec-dfbea9ad3c1a,wellness,162673000,General examination of patient (procedure),129.16,129.16,129.16,,
b3f5087e-ed9e-3978-2f68-10da4c736dd8,2018-04-21T10:27:09Z,2018-04-21T10:42:09Z,bc350372-6a42-9faf-2cad-f21e11d7c30b,3736f71b-4b15-3e9b-8578-8256538f0ac1,9afe0f89-70ad-3084-a357-a291827ac7f8,7c4411ce-02f1-39b5-b9ec-dfbea9ad3c1a,wellness,162673000,General examination of patient (procedure),129.16,129.16,129.16,,
7df9a519-2a6b-e6b1-b000-b6094e9aca85,2019-04-27T10:27:09Z,2019-04-27T10:42:09Z,bc350372-6a42-9faf-2cad-f21e11d7c30b,3736f71b-4b15-3e9b-8578-8256538f0ac1,9afe0f89-70ad-3084-a357-a291827ac7f8,7c4411ce-02f1-39b5-b9ec-dfbea9ad3c1a,wellness,162673000,General examination of patient (procedure),129.16,129.16,129.16,,
86c4ad3d-20c4-defd-33fd-cf208dc2468a,2020-05-02T10:27:09Z,2020-05-02T10:42:09Z,bc350372-6a42-9faf-2cad-f21e11d7c30b,3736f71b-4b15-3e9b-8578-8256538f0ac1,9afe0f89-70ad-3084-a357-a291827ac7f8,7c4411ce-02f1-39b5-b9ec-dfbea9ad3c1a,wellness,162673000,General examination of patient (procedure),129.16,129.16,129.16,,
db70f978-53ba-8966-f97d-98227696e4cd,2011-08-20T05:25:07Z,2011-08-20T05:40:07Z,ba927d89-4f5e-3209-c7b2-e8602a89a06c,5a8f2730-6156-364e-9bd6-49a429cf6f6b,ae5b9db8-c447-36f9-841e-58f3cc4d4972,d47b3510-2895-3b70-9897-342d681c769d,wellness,162673000,General examination of patient (procedure),129.16,129.16,129.16,,
bf7df82b-02a8-5022-7dd7-fbc067844b41,2014-06-07T05:25:07Z,2014-06-07T05:40:07Z,ba927d89-4f5e-3209-c7b2-e8602a89a06c,5a8f2730-6156-364e-9bd6-49a429cf6f6b,ae5b9db8-c447-36f9-841e-58f3cc4d4972,d47b3510-2895-3b70-9897-342d681c769d,wellness,162673000,General examination of patient (procedure),129.16,129.16,129.16,,
06d2a98b-4f65-772e-d3df-4b851fc43e60,2016-06-11T05:25:07Z,2016-06-11T05:40:07Z,ba927d89-4f5e-3209-c7b2-e8602a89a06c,5a8f2730-6156-364e-9bd6-49a429cf6f6b,ae5b9db8-c447-36f9-841e-58f3cc4d4972,d47b3510-2895-3b70-9897-342d681c769d,wellness,162673000,General examination of patient (procedure),129.16,129.16,129.16,,
3c07626c-8012-ab98-1324-19445d97da88,2018-06-16T05:25:07Z,2018-06-16T05:40:07Z,ba927d89-4f5e-3209-c7b2-e8602a89a06c,5a8f2730-6156-364e-9bd6-49a429cf6f6b,ae5b9db8-c447-36f9-841e-58f3cc4d4972,d47b3510-2895-3b70-9897-342d681c769d,wellness,162673000,General examination of patient (procedure),129.16,129.16,129.16,,
7a1b967e-f123-d2de-9b8f-24d0418ea56b,2020-06-20T05:25:07Z,2020-06-20T05:40:07Z,ba927d89-4f5e-3209-c7b2-e8602a89a06c,5a8f2730-6156-364e-9bd6-49a429cf6f6b,ae5b9db8-c447-36f9-841e-58f3cc4d4972,d47b3510-2895-3b70-9897-342d681c769d,wellness,162673000,General examination of patient (procedure),129.16,129.16,129.16,,
5920f92b-a090-c722-04a0-5e55e7167808,2011-05-25T10:07:25Z,2011-05-25T10:22:25Z,2578be14-6ff3-18b6-e86a-732addf9f660,f21bfa6a-689c-393c-95c9-4435858a49c2,46e55353-0c9b-3cd4-9277-6b0180fd6809,42c4fca7-f8a9-3cd1-982a-dd9751bf3e2a,wellness,410620009,Well child visit (procedure),129.16,129.16,129.16,,
d9499d9c-c439-c567-550c-bd0508a990d9,2011-11-23T10:07:25Z,2011-11-23T10:22:25Z,2578be14-6ff3-18b6-e86a-732addf9f660,f21bfa6a-689c-393c-95c9-4435858a49c2,46e55353-0c9b-3cd4-9277-6b0180fd6809,42c4fca7-f8a9-3cd1-982a-dd9751bf3e2a,wellness,410620009,Well child visit (procedure),129.16,129.16,129.16,,
e227626b-c36c-a820-7e5d-a907e126a311,2012-05-23T10:07:25Z,2012-05-23T10:22:25Z,2578be14-6ff3-18b6-e86a-732addf9f660,f21bfa6a-689c-393c-95c9-4435858a49c2,46e55353-0c9b-3cd4-9277-6b0180fd6809,42c4fca7-f8a9-3cd1-982a-dd9751bf3e2a,wellness,410620009,Well child visit (procedure),129.16,129.16,129.16,,
bebcc3d1-f4ee-56bf-d543-c580f58e8d5b,2012-11-21T10:07:25Z,2012-11-21T10:22:25Z,2578be14-6ff3-18b6-e86a-732addf9f660,f21bfa6a-689c-393c-95c9-4435858a49c2,46e55353-0c9b-3cd4-9277-6b0180fd6809,42c4fca7-f8a9-3cd1-982a-dd9751bf3e2a,wellness,410620009,Well child visit (procedure),129.16,129.16,129.16,,
65c97b02-0bec-519d-bf07-9387b779edbb,2013-05-22T10:07:25Z,2013-05-22T10:22:25Z,2578be14-6ff3-18b6-e86a-732addf9f660,f21bfa6a-689c-393c-95c9-4435858a49c2,46e55353-0c9b-3cd4-9277-6b0180fd6809,42c4fca7-f8a9-3cd1-982a-dd9751bf3e2a,wellness,410620009,Well child visit (procedure),129.16,129.16,129.16,,
ec5ae9b1-35c3-112f-7478-b34fbeae35e2,2014-05-28T10:07:25Z,2014-05-28T10:22:25Z,2578be14-6ff3-18b6-e86a-732addf9f660,f21bfa6a-689c-393c-95c9-4435858a49c2,46e55353-0c9b-3cd4-9277-6b0180fd6809,42c4fca7-f8a9-3cd1-982a-dd9751bf3e2a,wellness,410620009,Well child visit (procedure),129.16,129.16,129.16,,
8ff939d8-3a6e-a478-ab2d-938878ff30c4,2015-06-03T10:07:25Z,2015-06-03T10:22:25Z,2578be14-6ff3-18b6-e86a-732addf9f660,f21bfa6a-689c-393c-95c9-4435858a49c2,46e55353-0c9b-3cd4-9277-6b0180fd6809,42c4fca7-f8a9-3cd1-982a-dd9751bf3e2a,wellness,410620009,Well child visit (procedure),129.16,129.16,129.16,,
b42035b7-96c2-42be-1604-33034a4acd68,2016-06-08T10:07:25Z,2016-06-08T10:22:25Z,2578be14-6ff3-18b6-e86a-732addf9f660,f21bfa6a-689c-393c-95c9-4435858a49c2,46e55353-0c9b-3cd4-9277-6b0180fd6809,42c4fca7-f8a9-3cd1-982a-dd9751bf3e2a,wellness,410620009,Well child visit (procedure),129.16,129.16,129.16,,
8c1f1c1d-901a-c480-39ba-d89984e642fe,2017-06-14T10:07:25Z,2017-06-14T10:22:25Z,2578be14-6ff3-18b6-e86a-732addf9f660,f21bfa6a-689c-393c-95c9-4435858a49c2,46e55353-0c9b-3cd4-9277-6b0180fd6809,42c4fca7-f8a9-3cd1-982a-dd9751bf3e2a,wellness,410620009,Well child visit (procedure),129.16,129.16,129.16,,
8a6af4e7-f40b-37a6-ce81-e550e8b0e236,2018-06-20T10:07:25Z,2018-06-20T10:22:25Z,2578be14-6ff3-18b6-e86a-732addf9f660,f21bfa6a-689c-393c-95c9-4435858a49c2,46e55353-0c9b-3cd4-9277-6b0180fd6809,42c4fca7-f8a9-3cd1-982a-dd9751bf3e2a,wellness,410620009,Well child visit (procedure),129.16,129.16,129.16,,
352329c6-82c2-02fa-31d6-24b8157227ce,2019-06-26T10:07:25Z,2019-06-26T10:22:25Z,2578be14-6ff3-18b6-e86a-732addf9f660,f21bfa6a-689c-393c-95c9-4435858a49c2,46e55353-0c9b-3cd4-9277-6b0180fd6809,42c4fca7-f8a9-3cd1-982a-dd9751bf3e2a,wellness,410620009,Well child visit (procedure),129.16,129.16,129.16,,
d5406744-8bd8-4cd6-4705-3f93096de46d,2020-07-01T10:07:25Z,2020-07-01T10:22:25Z,2578be14-6ff3-18b6-e86a-732addf9f660,f21bfa6a-689c-393c-95c9-4435858a49c2,46e55353-0c9b-3cd4-9277-6b0180fd6809,42c4fca7-f8a9-3cd1-982a-dd9751bf3e2a,wellness,410620009,Well child visit (procedure),129.16,129.16,129.16,,
f6e95b72-24bd-3add-1cd9-cdb9850d4f8a,2012-04-07T03:29:09Z,2012-04-07T03:44:09Z,5d7435b3-f120-ed26-9abd-4767e0d98203,ca2eaac0-decd-3e6b-9306-da358c0fcbf5,91efa397-57ce-350f-b0d8-3f40b2cab9dc,5059a55e-5d6e-34d1-b6cb-d83d16e57bcf,wellness,162673000,General examination of patient (procedure),129.16,129.16,129.16,,
d4a748ba-051e-64ff-bb0a-66acfaa41b93,2013-04-13T03:29:09Z,2013-04-13T03:44:09Z,5d7435b3-f120-ed26-9abd-4767e0d98203,ca2eaac0-decd-3e6b-9306-da358c0fcbf5,91efa397-57ce-350f-b0d8-3f40b2cab9dc,5059a55e-5d6e-34d1-b6cb-d83d16e57bcf,wellness,162673000,General examination of patient (procedure),129.16,129.16,129.16,,
654edc12-9739-1313-3bc0-7714a1ced02a,2014-04-19T03:29:09Z,2014-04-19T03:44:09Z,5d7435b3-f120-ed26-9abd-4767e0d98203,ca2eaac0-decd-3e6b-9306-da358c0fcbf5,91efa397-57ce-350f-b0d8-3f40b2cab9dc,5059a55e-5d6e-34d1-b6cb-d83d16e57bcf,wellness,162673000,General examination of patient (procedure),129.16,129.16,129.16,,
8fc57ff1-1384-d5b8-1dc0-bd0cf03b75ff,2015-04-25T03:29:09Z,2015-04-25T03:44:09Z,5d7435b3-f120-ed26-9abd-4767e0d98203,ca2eaac0-decd-3e6b-9306-da358c0fcbf5,91efa397-57ce-350f-b0d8-3f40b2cab9dc,5059a55e-5d6e-34d1-b6cb-d83d16e57bcf,wellness,162673000,General examination of patient (procedure),129.16,129.16,129.16,,
4f19b469-79b3-85db-d43a-0d817baacc58,2016-04-30T03:29:09Z,2016-04-30T03:44:09Z,5d7435b3-f120-ed26-9abd-4767e0d98203,ca2eaac0-decd-3e6b-9306-da358c0fcbf5,91efa397-57ce-350f-b0d8-3f40b2cab9dc,5059a55e-5d6e-34d1-b6cb-d83d16e57bcf,wellness,162673000,General examination of patient (procedure),129.16,129.16,129.16,,
b23981e3-325d-d35d-5c95-6800d4c93255,2017-05-06T03:29:09Z,2017-05-06T03:44:09Z,5d7435b3-f120-ed26-9abd-4767e0d98203,ca2eaac0-decd-3e6b-9306-da358c0fcbf5,91efa397-57ce-350f-b0d8-3f40b2cab9dc,5059a55e-5d6e-34d1-b6cb-d83d16e57bcf,wellness,162673000,General examination of patient (procedure),129.16,129.16,129.16,,
ee90e30c-9497-99f2-5d12-f3d841d6607b,2018-05-12T03:29:09Z,2018-05-12T03:44:09Z,5d7435b3-f120-ed26-9abd-4767e0d98203,ca2eaac0-decd-3e6b-9306-da358c0fcbf5,91efa397-57ce-350f-b0d8-3f40b2cab9dc,5059a55e-5d6e-34d1-b6cb-d83d16e57bcf,wellness,162673000,General examination of patient (procedure),129.16,129.16,129.16,,
07d05a12-637a-204c-3a91-3a5ca050b66f,2019-05-18T03:29:09Z,2019-05-18T03:44:09Z,5d7435b3-f120-ed26-9abd-4767e0d98203,ca2eaac0-decd-3e6b-9306-da358c0fcbf5,91efa397-57ce-350f-b0d8-3f40b2cab9dc,5059a55e-5d6e-34d1-b6cb-d83d16e57bcf,wellness,162673000,General examination of patient (procedure),129.16,129.16,129.16,,
766b250b-07f0-a577-8bdd-32886ce12101,2020-05-23T03:29:09Z,2020-05-23T03:44:09Z,5d7435b3-f120-ed26-9abd-4767e0d98203,ca2eaac0-decd-3e6b-9306-da358c0fcbf5,91efa397-57ce-350f-b0d8-3f40b2cab9dc,5059a55e-5d6e-34d1-b6cb-d83d16e57bcf,wellness,162673000,General examination of patient (procedure),129.16,129.16,129.16,,
b5e2c45b-62ce-ec53-129e-b3efab8f6279,2011-11-01T21:05:39Z,2011-11-01T21:20:39Z,7580bcc5-7b8b-5902-1e27-7ce771ba76a8,342bbb13-8f8b-3d5e-abc8-571e6c1d5603,28b34e55-d376-3ed2-90c7-3b1c5213ea96,7caa7254-5050-3b5e-9eae-bd5ea30e809c,wellness,162673000,General examination of patient (procedure),129.16,129.16,129.16,,
035c6895-275d-6a5a-dfda-898c9e64acc9,2012-11-06T21:05:39Z,2012-11-06T21:20:39Z,7580bcc5-7b8b-5902-1e27-7ce771ba76a8,342bbb13-8f8b-3d5e-abc8-571e6c1d5603,28b34e55-d376-3ed2-90c7-3b1c5213ea96,7caa7254-5050-3b5e-9eae-bd5ea30e809c,wellness,162673000,General examination of patient (procedure),129.16,129.16,129.16,,
c9df928b-fb09-1835-d31f-e17a9a40bee7,2013-11-12T21:05:39Z,2013-11-12T21:20:39Z,7580bcc5-7b8b-5902-1e27-7ce771ba76a8,342bbb13-8f8b-3d5e-abc8-571e6c1d5603,28b34e55-d376-3ed2-90c7-3b1c5213ea96,7caa7254-5050-3b5e-9eae-bd5ea30e809c,wellness,162673000,General examination of patient (procedure),129.16,129.16,129.16,,
83cf4e0b-ba5a-5c1b-e8cf-f5176b39156c,2014-11-18T21:05:39Z,2014-11-18T21:20:39Z,7580bcc5-7b8b-5902-1e27-7ce771ba76a8,342bbb13-8f8b-3d5e-abc8-571e6c1d5603,28b34e55-d376-3ed2-90c7-3b1c5213ea96,7caa7254-5050-3b5e-9eae-bd5ea30e809c,wellness,162673000,General examination of patient (procedure),129.16,129.16,129.16,,
f641450a-1b60-d02a-73f4-8dfa8ab69e87,2015-11-24T21:05:39Z,2015-11-24T21:20:39Z,7580bcc5-7b8b-5902-1e27-7ce771ba76a8,342bbb13-8f8b-3d5e-abc8-571e6c1d5603,28b34e55-d376-3ed2-90c7-3b1c5213ea96,7caa7254-5050-3b5e-9eae-bd5ea30e809c,wellness,162673000,General examination of patient (procedure),129.16,129.16,129.16,,
2f08af19-026d-6ecf-1996-c4921b0dd6fc,2016-11-29T21:05:39Z,2016-11-29T21:20:39Z,7580bcc5-7b8b-5902-1e27-7ce771ba76a8,342bbb13-8f8b-3d5e-abc8-571e6c1d5603,28b34e55-d376-3ed2-90c7-3b1c5213ea96,7caa7254-5050-3b5e-9eae-bd5ea30e809c,wellness,162673000,General examination of patient (procedure),129.16,129.16,129.16,,
863c4422-5618-a169-3faa-93ede80d3370,2017-12-05T21:05:39Z,2017-12-05T21:20:39Z,7580bcc5-7b8b-5902-1e27-7ce771ba76a8,342bbb13-8f8b-3d5e-abc8-571e6c1d5603,28b34e55-d376-3ed2-90c7-3b1c5213ea96,7caa7254-5050-3b5e-9eae-bd5ea30e809c,wellness,162673000,General examination of patient (procedure),129.16,129.16,129.16,,
d01c2654-1348-1530-caff-56d7fd3259e3,2018-12-11T21:05:39Z,2018-12-11T21:20:39Z,7580bcc5-7b8b-5902-1e27-7ce771ba76a8,342bbb13-8f8b-3d5e-abc8-571e6c1d5603,28b34e55-d376-3ed2-90c7-3b1c5213ea96,7caa7254-5050-3b5e-9eae-bd5ea30e809c,wellness,162673000,General examination of patient (procedure),129.16,129.16,129.16,,
a117f759-5ec2-7a53-c612-82279e3aef7c,2019-12-17T21:05:39Z,2019-12-17T21:20:39Z,7580bcc5-7b8b-5902-1e27-7ce771ba76a8,342bbb13-8f8b-3d5e-abc8-571e6c1d5603,28b34e55-d376-3ed2-90c7-3b1c5213ea96,7caa7254-5050-3b5e-9eae-bd5ea30e809c,wellness,162673000,General examination of patient (procedure),129.16,129.16,129.16,,
e5048cc9-1a1d-9160-baa3-3056fecdfe8c,2020-12-22T21:05:39Z,2020-12-22T21:20:39Z,7580bcc5-7b8b-5902-1e27-7ce771ba76a8,342bbb13-8f8b-3d5e-abc8-571e6c1d5603,28b34e55-d376-3ed2-90c7-3b1c5213ea96,7caa7254-5050-3b5e-9eae-bd5ea30e809c,wellness,162673000,General examination of patient (procedure),129.16,129.16,129.16,,
f6f5fffc-5f8d-4373-b941-add42f68dfed,1977-06-06T21:37:58Z,1977-06-07T00:11:58Z,cbd58c80-dd70-e3f5-e2df-7c1d47e1000c,db0acede-4abe-3c01-8d03-5c68a190d8c7,3ff69e6a-cf8b-34f4-85be-2428b2ff59ed,b1c428d6-4f07-31e0-90f0-68ffa6ff8c76,emergency,50849002,Emergency Room Admission,129.16,129.16,0.00,128613002,Seizure disorder
1f37e817-7d08-fe5a-140d-a985a4d13ff9,2012-07-03T21:37:58Z,2012-07-03T21:52:58Z,cbd58c80-dd70-e3f5-e2df-7c1d47e1000c,95702d0c-4705-3059-8260-9c75aa7e819c,0d76cc80-49fb-33e0-8674-eb07eb07bbfe,42c4fca7-f8a9-3cd1-982a-dd9751bf3e2a,wellness,162673000,General examination of patient (procedure),129.16,129.16,129.16,,
8d6dcac2-0b0e-db97-5933-618dde1488b2,2014-06-10T21:37:58Z,2014-06-10T21:52:58Z,cbd58c80-dd70-e3f5-e2df-7c1d47e1000c,95702d0c-4705-3059-8260-9c75aa7e819c,0d76cc80-49fb-33e0-8674-eb07eb07bbfe,42c4fca7-f8a9-3cd1-982a-dd9751bf3e2a,wellness,162673000,General examination of patient (procedure),129.16,129.16,129.16,,
580f6d65-24a9-1c10-8816-6440c82fd2a3,2015-06-16T21:37:58Z,2015-06-16T21:52:58Z,cbd58c80-dd70-e3f5-e2df-7c1d47e1000c,95702d0c-4705-3059-8260-9c75aa7e819c,0d76cc80-49fb-33e0-8674-eb07eb07bbfe,42c4fca7-f8a9-3cd1-982a-dd9751bf3e2a,wellness,162673000,General examination of patient (procedure),129.16,129.16,129.16,,
8d8af0ce-fca7-c8b4-1f0f-bb624e879ea4,2016-06-21T21:37:58Z,2016-06-21T21:52:58Z,cbd58c80-dd70-e3f5-e2df-7c1d47e1000c,95702d0c-4705-3059-8260-9c75aa7e819c,0d76cc80-49fb-33e0-8674-eb07eb07bbfe,42c4fca7-f8a9-3cd1-982a-dd9751bf3e2a,wellness,162673000,General examination of patient (procedure),129.16,129.16,129.16,,
1ce8795b-2d8f-a1cf-489f-4ae948c1474b,2017-06-27T21:37:58Z,2017-06-27T21:52:58Z,cbd58c80-dd70-e3f5-e2df-7c1d47e1000c,95702d0c-4705-3059-8260-9c75aa7e819c,0d76cc80-49fb-33e0-8674-eb07eb07bbfe,42c4fca7-f8a9-3cd1-982a-dd9751bf3e2a,wellness,162673000,General examination of patient (procedure),129.16,129.16,129.16,,
a63db54d-e1b8-2f9f-938d-d806633d95a2,2018-07-03T21:37:58Z,2018-07-03T21:52:58Z,cbd58c80-dd70-e3f5-e2df-7c1d47e1000c,95702d0c-4705-3059-8260-9c75aa7e819c,0d76cc80-49fb-33e0-8674-eb07eb07bbfe,42c4fca7-f8a9-3cd1-982a-dd9751bf3e2a,wellness,162673000,General examination of patient (procedure),129.16,129.16,129.16,,
c668e583-4ae1-c826-de79-fc64475b6d19,2019-07-09T21:37:58Z,2019-07-09T21:52:58Z,cbd58c80-dd70-e3f5-e2df-7c1d47e1000c,95702d0c-4705-3059-8260-9c75aa7e819c,0d76cc80-49fb-33e0-8674-eb07eb07bbfe,42c4fca7-f8a9-3cd1-982a-dd9751bf3e2a,wellness,162673000,General examination of patient (procedure),129.16,129.16,129.16,,
3ee14c48-cbc5-9e41-b62a-89b0ffa4c2be,2020-07-14T21:37:58Z,2020-07-14T21:52:58Z,cbd58c80-dd70-e3f5-e2df-7c1d47e1000c,95702d0c-4705-3059-8260-9c75aa7e819c,0d76cc80-49fb-33e0-8674-eb07eb07bbfe,42c4fca7-f8a9-3cd1-982a-dd9751bf3e2a,wellness,162673000,General examination of patient (procedure),129.16,129.16,129.16,,
