DATE,PATIENT,ENCOUNTER,CODE,DESCRIPTION,BASE_COST
2013-10-16T23:33:07Z,b89898ea-609d-911b-d62b-693fd4ef5af1,27c6c97a-70cc-25d1-ce7c-e047569e3f9d,140,Influenza  seasonal  injectable  preservative free,140.52
2016-10-19T23:33:07Z,b89898ea-609d-911b-d62b-693fd4ef5af1,2417ddd1-7bab-e969-bde4-dc3ebd56c241,140,Influenza  seasonal  injectable  preservative free,140.52
2019-08-07T23:33:07Z,b89898ea-609d-911b-d62b-693fd4ef5af1,8a5449f3-f282-fa5f-5b0a-03dc2f1383e4,140,Influenza  seasonal  injectable  preservative free,140.52
2019-08-07T23:33:07Z,b89898ea-609d-911b-d62b-693fd4ef5af1,8a5449f3-f282-fa5f-5b0a-03dc2f1383e4,52,Hep A  adult,140.52
2011-05-11T10:05:09Z,60ff6b03-485f-f626-2c21-f8cd3eb0fbd0,606ef52e-329b-0056-1f4a-53b05b41d636,140,Influenza  seasonal  injectable  preservative free,140.52
2012-02-02T07:27:03Z,7753df12-e612-f099-4b01-8bed528b5d4f,9b8a0f38-a204-5d97-f86a-bbf07c88daba,140,Influenza  seasonal  injectable  preservative free,140.52
2011-03-28T11:30:43Z,231a6b03-e488-aca9-fdd6-6c193c87fe50,b378a26f-87a9-47de-6770-ecafcaa71058,140,Influenza  seasonal  injectable  preservative free,140.52
2011-05-11T10:05:09Z,60ff6b03-485f-f626-2c21-f8cd3eb0fbd0,606ef52e-329b-0056-1f4a-53b05b41d636,113,Td (adult) preservative free,140.52
2011-05-11T10:05:09Z,60ff6b03-485f-f626-2c21-f8cd3eb0fbd0,606ef52e-329b-0056-1f4a-53b05b41d636,43,Hep B  adult,140.52
2014-03-31T11:30:43Z,231a6b03-e488-aca9-fdd6-6c193c87fe50,b30c1672-ad14-2015-15b9-0d7e4442ce2a,140,Influenza  seasonal  injectable  preservative free,140.52
2017-01-16T11:30:43Z,231a6b03-e488-aca9-fdd6-6c193c87fe50,3a80e491-9038-c63b-3571-4e9751f2921e,140,Influenza  seasonal  injectable  preservative free,140.52
2017-01-16T11:30:43Z,231a6b03-e488-aca9-fdd6-6c193c87fe50,3a80e491-9038-c63b-3571-4e9751f2921e,52,Hep A  adult,140.52
2014-11-20T07:27:03Z,7753df12-e612-f099-4b01-8bed528b5d4f,8ee7e5eb-f53c-8bcd-88ad-398292454419,140,Influenza  seasonal  injectable  preservative free,140.52
2014-11-20T07:27:03Z,7753df12-e612-f099-4b01-8bed528b5d4f,8ee7e5eb-f53c-8bcd-88ad-398292454419,52,Hep A  adult,140.52
2016-11-24T07:27:03Z,7753df12-e612-f099-4b01-8bed528b5d4f,17e4b93e-f321-b693-7d49-311dbf049845,140,Influenza  seasonal  injectable  preservative free,140.52
2016-11-24T07:27:03Z,7753df12-e612-f099-4b01-8bed528b5d4f,17e4b93e-f321-b693-7d49-311dbf049845,113,Td (adult) preservative free,140.52
2016-11-24T07:27:03Z,7753df12-e612-f099-4b01-8bed528b5d4f,17e4b93e-f321-b693-7d49-311dbf049845,52,Hep A  adult,140.52
2018-11-29T07:27:03Z,7753df12-e612-f099-4b01-8bed528b5d4f,6cd43664-f7f9-af03-5b16-259eebf82106,140,Influenza  seasonal  injectable  preservative free,140.52
2020-12-03T07:27:03Z,7753df12-e612-f099-4b01-8bed528b5d4f,a2954cb4-e7ad-0126-a937-254652152cc5,140,Influenza  seasonal  injectable  preservative free,140.52
2019-01-21T11:30:43Z,231a6b03-e488-aca9-fdd6-6c193c87fe50,e874ae1c-0ea3-435e-1147-775a597c23ab,140,Influenza  seasonal  injectable  preservative free,140.52
2019-01-21T11:30:43Z,231a6b03-e488-aca9-fdd6-6c193c87fe50,e874ae1c-0ea3-435e-1147-775a597c23ab,113,Td (adult) preservative free,140.52
2011-05-11T10:05:09Z,60ff6b03-485f-f626-2c21-f8cd3eb0fbd0,606ef52e-329b-0056-1f4a-53b05b41d636,114,meningococcal MCV4P,140.52
2012-02-14T17:02:58Z,d729b76d-a0e4-4751-b368-2f2c1299c412,fdc02e32-b9d1-a726-0466-f75a813adf2a,140,Influenza  seasonal  injectable  preservative free,140.52
2019-01-21T11:30:43Z,231a6b03-e488-aca9-fdd6-6c193c87fe50,e874ae1c-0ea3-435e-1147-775a597c23ab,52,Hep A  adult,140.52
2021-01-25T11:30:43Z,231a6b03-e488-aca9-fdd6-6c193c87fe50,7e0d7319-9864-7e81-83a3-5b374e07d38b,140,Influenza  seasonal  injectable  preservative free,140.52
2014-05-14T10:05:09Z,60ff6b03-485f-f626-2c21-f8cd3eb0fbd0,e62a2257-a7ae-70ab-5aa3-a26325bc0f81,140,Influenza  seasonal  injectable  preservative free,140.52
2014-02-18T17:02:58Z,d729b76d-a0e4-4751-b368-2f2c1299c412,77f32a8e-084e-eb7b-0a12-a11ee3f909b4,140,Influenza  seasonal  injectable  preservative free,140.52
2017-05-17T10:05:09Z,60ff6b03-485f-f626-2c21-f8cd3eb0fbd0,fac99def-7b76-c8be-c25c-589b9e125992,140,Influenza  seasonal  injectable  preservative free,140.52
2020-05-20T10:05:09Z,60ff6b03-485f-f626-2c21-f8cd3eb0fbd0,9d658279-eeeb-200b-5518-1e8a37a9a93c,140,Influenza  seasonal  injectable  preservative free,140.52
2020-05-20T10:05:09Z,60ff6b03-485f-f626-2c21-f8cd3eb0fbd0,9d658279-eeeb-200b-5518-1e8a37a9a93c,113,Td (adult) preservative free,140.52
2016-02-23T17:02:58Z,d729b76d-a0e4-4751-b368-2f2c1299c412,5852f3ee-6cec-066e-b146-3bf83087b77e,140,Influenza  seasonal  injectable  preservative free,140.52
2018-01-30T17:02:58Z,d729b76d-a0e4-4751-b368-2f2c1299c412,7287e2c8-15ba-91e4-8f26-433a03bf8555,121,zoster,140.52
2018-01-30T17:02:58Z,d729b76d-a0e4-4751-b368-2f2c1299c412,7287e2c8-15ba-91e4-8f26-433a03bf8555,140,Influenza  seasonal  injectable  preservative free,140.52
2019-02-05T17:02:58Z,d729b76d-a0e4-4751-b368-2f2c1299c412,1e696266-144c-5d82-0d9a-01bd3880898e,121,zoster,140.52
2019-02-05T17:02:58Z,d729b76d-a0e4-4751-b368-2f2c1299c412,1e696266-144c-5d82-0d9a-01bd3880898e,140,Influenza  seasonal  injectable  preservative free,140.52
2019-02-05T17:02:58Z,d729b76d-a0e4-4751-b368-2f2c1299c412,1e696266-144c-5d82-0d9a-01bd3880898e,113,Td (adult) preservative free,140.52
2020-02-11T17:02:58Z,d729b76d-a0e4-4751-b368-2f2c1299c412,45490691-961b-644e-8170-80aa876e7c4a,140,Influenza  seasonal  injectable  preservative free,140.52
2012-04-15T10:25:03Z,a6b0b85c-82ee-38da-38b2-878c20f7dfb0,b215da0d-57bd-65a7-95b6-7cc31e1164fd,140,Influenza  seasonal  injectable  preservative free,140.52
2014-04-20T10:25:03Z,a6b0b85c-82ee-38da-38b2-878c20f7dfb0,e5003a17-c3ad-0ce9-9b9e-2b645f32bd23,140,Influenza  seasonal  injectable  preservative free,140.52
2016-03-27T10:25:03Z,a6b0b85c-82ee-38da-38b2-878c20f7dfb0,c6fcd15f-b210-bb48-fe75-60f7e36b3115,121,zoster,140.52
2016-03-27T10:25:03Z,a6b0b85c-82ee-38da-38b2-878c20f7dfb0,c6fcd15f-b210-bb48-fe75-60f7e36b3115,140,Influenza  seasonal  injectable  preservative free,140.52
2017-04-02T10:25:03Z,a6b0b85c-82ee-38da-38b2-878c20f7dfb0,eb5c7abb-bf5f-9d7c-9661-beb062d4daad,121,zoster,140.52
2017-04-02T10:25:03Z,a6b0b85c-82ee-38da-38b2-878c20f7dfb0,eb5c7abb-bf5f-9d7c-9661-beb062d4daad,140,Influenza  seasonal  injectable  preservative free,140.52
2017-04-02T10:25:03Z,a6b0b85c-82ee-38da-38b2-878c20f7dfb0,eb5c7abb-bf5f-9d7c-9661-beb062d4daad,113,Td (adult) preservative free,140.52
2018-04-08T10:25:03Z,a6b0b85c-82ee-38da-38b2-878c20f7dfb0,7595b793-7f26-4b98-6af3-e3d0119c4d75,140,Influenza  seasonal  injectable  preservative free,140.52
2019-04-14T10:25:03Z,a6b0b85c-82ee-38da-38b2-878c20f7dfb0,fa25ffb3-191e-3e4a-bc2f-73a1c2b45790,140,Influenza  seasonal  injectable  preservative free,140.52
2020-04-19T10:25:03Z,a6b0b85c-82ee-38da-38b2-878c20f7dfb0,4e97ba61-2ff0-d461-0839-06ac0d8a6cd9,140,Influenza  seasonal  injectable  preservative free,140.52
2012-09-07T14:38:15Z,1bda6ddc-da2e-fd24-5bba-7cb7e55ad5f5,802618ea-43e3-0bbb-434b-fe6da83794e5,140,Influenza  seasonal  injectable  preservative free,140.52
2014-09-12T14:38:15Z,1bda6ddc-da2e-fd24-5bba-7cb7e55ad5f5,0bfd1ce7-6b54-8dc2-7258-1990fe6eb219,140,Influenza  seasonal  injectable  preservative free,140.52
2016-08-19T14:38:15Z,1bda6ddc-da2e-fd24-5bba-7cb7e55ad5f5,a397b8c6-6a0b-b388-22fe-4907cff1ff02,121,zoster,140.52
2016-08-19T14:38:15Z,1bda6ddc-da2e-fd24-5bba-7cb7e55ad5f5,a397b8c6-6a0b-b388-22fe-4907cff1ff02,140,Influenza  seasonal  injectable  preservative free,140.52
2017-08-25T14:38:15Z,1bda6ddc-da2e-fd24-5bba-7cb7e55ad5f5,249eb0ec-4953-cf43-694a-924495ade4c2,121,zoster,140.52
2017-08-25T14:38:15Z,1bda6ddc-da2e-fd24-5bba-7cb7e55ad5f5,249eb0ec-4953-cf43-694a-924495ade4c2,140,Influenza  seasonal  injectable  preservative free,140.52
2017-08-25T14:38:15Z,1bda6ddc-da2e-fd24-5bba-7cb7e55ad5f5,249eb0ec-4953-cf43-694a-924495ade4c2,113,Td (adult) preservative free,140.52
2018-08-31T14:38:15Z,1bda6ddc-da2e-fd24-5bba-7cb7e55ad5f5,bd6a3204-722c-d029-1645-73a1535d0a6f,140,Influenza  seasonal  injectable  preservative free,140.52
2019-09-06T14:38:15Z,1bda6ddc-da2e-fd24-5bba-7cb7e55ad5f5,ec510811-abf1-adef-3f18-4390ab7d963c,140,Influenza  seasonal  injectable  preservative free,140.52
2020-09-11T14:38:15Z,1bda6ddc-da2e-fd24-5bba-7cb7e55ad5f5,9ccbb2c6-9dfb-888c-3ebb-cf1723f6dcda,140,Influenza  seasonal  injectable  preservative free,140.52
2011-09-15T11:09:35Z,24db91f3-6907-1a29-3b90-5d0d7373771c,6c3ec08e-153d-3cac-e701-a4783321814d,121,zoster,140.52
2011-09-15T11:09:35Z,24db91f3-6907-1a29-3b90-5d0d7373771c,6c3ec08e-153d-3cac-e701-a4783321814d,140,Influenza  seasonal  injectable  preservative free,140.52
2012-09-20T11:09:35Z,24db91f3-6907-1a29-3b90-5d0d7373771c,4efa9479-64b2-6206-53a5-44e581b72e79,121,zoster,140.52
2012-09-20T11:09:35Z,24db91f3-6907-1a29-3b90-5d0d7373771c,4efa9479-64b2-6206-53a5-44e581b72e79,140,Influenza  seasonal  injectable  preservative free,140.52
2012-09-20T11:09:35Z,24db91f3-6907-1a29-3b90-5d0d7373771c,4efa9479-64b2-6206-53a5-44e581b72e79,113,Td (adult) preservative free,140.52
2013-09-26T11:09:35Z,24db91f3-6907-1a29-3b90-5d0d7373771c,1c6b6956-db68-883d-9d42-94599c34d0d5,140,Influenza  seasonal  injectable  preservative free,140.52
2014-10-02T11:09:35Z,24db91f3-6907-1a29-3b90-5d0d7373771c,88e5dd22-9da8-cc0d-f20f-c5a96a1e0517,140,Influenza  seasonal  injectable  preservative free,140.52
2015-10-08T11:09:35Z,24db91f3-6907-1a29-3b90-5d0d7373771c,b1b2a5cf-3401-21d6-6528-5486b2974f3e,140,Influenza  seasonal  injectable  preservative free,140.52
2016-10-13T11:09:35Z,24db91f3-6907-1a29-3b90-5d0d7373771c,ba95f61e-fcbf-22b3-fa86-4f076b46ffc5,140,Influenza  seasonal  injectable  preservative free,140.52
2017-10-19T11:09:35Z,24db91f3-6907-1a29-3b90-5d0d7373771c,d56dccd3-d2a2-16ca-f388-335cfb42b816,140,Influenza  seasonal  injectable  preservative free,140.52
2018-10-25T11:09:35Z,24db91f3-6907-1a29-3b90-5d0d7373771c,d943920d-02f2-d0e5-cad0-65ea80ec423d,140,Influenza  seasonal  injectable  preservative free,140.52
2019-10-31T11:09:35Z,24db91f3-6907-1a29-3b90-5d0d7373771c,5d0fa6ea-0905-2f42-ff97-837a2897afdd,140,Influenza  seasonal  injectable  preservative free,140.52
2020-11-05T11:09:35Z,24db91f3-6907-1a29-3b90-5d0d7373771c,fd33cb71-c110-55a6-e25b-13c750fff466,140,Influenza  seasonal  injectable  preservative free,140.52
2011-12-24T14:36:42Z,46c3fcf1-1157-1db0-2853-fab8eba71d86,cddcbf80-5401-5bda-d2bb-c4fa5322893c,140,Influenza  seasonal  injectable  preservative free,140.52
2014-12-27T14:36:42Z,46c3fcf1-1157-1db0-2853-fab8eba71d86,34f209b3-285a-2d67-c5af-8ca00a6c7e86,140,Influenza  seasonal  injectable  preservative free,140.52
2014-12-27T14:36:42Z,46c3fcf1-1157-1db0-2853-fab8eba71d86,34f209b3-285a-2d67-c5af-8ca00a6c7e86,113,Td (adult) preservative free,140.52
2014-12-27T14:36:42Z,46c3fcf1-1157-1db0-2853-fab8eba71d86,34f209b3-285a-2d67-c5af-8ca00a6c7e86,43,Hep B  adult,140.52
2014-12-27T14:36:42Z,46c3fcf1-1157-1db0-2853-fab8eba71d86,34f209b3-285a-2d67-c5af-8ca00a6c7e86,114,meningococcal MCV4P,140.52
2017-12-30T14:36:42Z,46c3fcf1-1157-1db0-2853-fab8eba71d86,105464f3-2329-9fed-a83e-72a1b43cf26c,140,Influenza  seasonal  injectable  preservative free,140.52
2021-01-02T14:36:42Z,46c3fcf1-1157-1db0-2853-fab8eba71d86,1328271d-1544-8420-795b-d0ceb197f93f,140,Influenza  seasonal  injectable  preservative free,140.52
2011-11-06T02:19:42Z,98f55ffd-bd8b-6c43-3ff0-aad6a6ecf4c5,cd974ee8-6f47-1cba-d1de-b9423878ec55,140,Influenza  seasonal  injectable  preservative free,140.52
2012-11-11T02:19:42Z,98f55ffd-bd8b-6c43-3ff0-aad6a6ecf4c5,d8a3a1ba-bc6b-b969-68f4-44f72b99e7db,140,Influenza  seasonal  injectable  preservative free,140.52
2013-11-17T02:19:42Z,98f55ffd-bd8b-6c43-3ff0-aad6a6ecf4c5,076da0ea-8163-5305-eac6-9b91a7b9ea01,140,Influenza  seasonal  injectable  preservative free,140.52
2013-11-17T02:19:42Z,98f55ffd-bd8b-6c43-3ff0-aad6a6ecf4c5,076da0ea-8163-5305-eac6-9b91a7b9ea01,114,meningococcal MCV4P,140.52
2014-11-23T02:19:42Z,98f55ffd-bd8b-6c43-3ff0-aad6a6ecf4c5,0b3200dd-9fe4-bef1-7327-2ab3d355f861,140,Influenza  seasonal  injectable  preservative free,140.52
2015-11-29T02:19:42Z,98f55ffd-bd8b-6c43-3ff0-aad6a6ecf4c5,abca96ef-9174-cc37-261b-a2bc6d3ebdd0,140,Influenza  seasonal  injectable  preservative free,140.52
2016-12-04T02:19:42Z,98f55ffd-bd8b-6c43-3ff0-aad6a6ecf4c5,c853e7cd-7933-553f-5ad4-9f3795e67bbf,140,Influenza  seasonal  injectable  preservative free,140.52
2019-12-08T02:19:42Z,98f55ffd-bd8b-6c43-3ff0-aad6a6ecf4c5,546cc700-95c1-29dd-de81-e29813522de4,140,Influenza  seasonal  injectable  preservative free,140.52
2019-12-08T02:19:42Z,98f55ffd-bd8b-6c43-3ff0-aad6a6ecf4c5,546cc700-95c1-29dd-de81-e29813522de4,113,Td (adult) preservative free,140.52
2019-12-08T02:19:42Z,98f55ffd-bd8b-6c43-3ff0-aad6a6ecf4c5,546cc700-95c1-29dd-de81-e29813522de4,43,Hep B  adult,140.52
2019-12-08T02:19:42Z,98f55ffd-bd8b-6c43-3ff0-aad6a6ecf4c5,546cc700-95c1-29dd-de81-e29813522de4,114,meningococcal MCV4P,140.52
2011-08-07T08:34:59Z,92129d8d-97ac-cf92-e9fb-fe0533c39662,16ba7d53-b94c-25e7-f9ab-53e1cf073e95,140,Influenza  seasonal  injectable  preservative free,140.52
2011-08-07T08:34:59Z,92129d8d-97ac-cf92-e9fb-fe0533c39662,16ba7d53-b94c-25e7-f9ab-53e1cf073e95,114,meningococcal MCV4P,140.52
2012-08-12T08:34:59Z,92129d8d-97ac-cf92-e9fb-fe0533c39662,374845af-3fae-4aeb-b73e-0656f498d3d5,140,Influenza  seasonal  injectable  preservative free,140.52
2013-08-18T08:34:59Z,92129d8d-97ac-cf92-e9fb-fe0533c39662,72805cc9-cab2-6884-6cd4-9e87a4475bf7,140,Influenza  seasonal  injectable  preservative free,140.52
2014-08-24T08:34:59Z,92129d8d-97ac-cf92-e9fb-fe0533c39662,3d4ae2a5-9c11-f251-832d-c9a2cdf317f0,140,Influenza  seasonal  injectable  preservative free,140.52
2017-08-27T08:34:59Z,92129d8d-97ac-cf92-e9fb-fe0533c39662,01c61f95-0748-9fa2-9ee9-e03e0a06ba73,140,Influenza  seasonal  injectable  preservative free,140.52
2017-08-27T08:34:59Z,92129d8d-97ac-cf92-e9fb-fe0533c39662,01c61f95-0748-9fa2-9ee9-e03e0a06ba73,113,Td (adult) preservative free,140.52
2017-08-27T08:34:59Z,92129d8d-97ac-cf92-e9fb-fe0533c39662,01c61f95-0748-9fa2-9ee9-e03e0a06ba73,43,Hep B  adult,140.52
2017-08-27T08:34:59Z,92129d8d-97ac-cf92-e9fb-fe0533c39662,01c61f95-0748-9fa2-9ee9-e03e0a06ba73,114,meningococcal MCV4P,140.52
2020-08-30T08:34:59Z,92129d8d-97ac-cf92-e9fb-fe0533c39662,8729d0fc-a104-32e3-b745-0abec79abe83,140,Influenza  seasonal  injectable  preservative free,140.52
2012-04-18T06:43:34Z,4537ab79-f204-3794-22e2-c6bd3f315947,b57c1328-2007-e3e6-f150-1c305d487199,140,Influenza  seasonal  injectable  preservative free,140.52
2012-04-18T06:43:34Z,4537ab79-f204-3794-22e2-c6bd3f315947,b57c1328-2007-e3e6-f150-1c305d487199,52,Hep A  adult,140.52
2014-04-23T06:43:34Z,4537ab79-f204-3794-22e2-c6bd3f315947,55379473-53b9-3193-0ec1-50c885cafa77,140,Influenza  seasonal  injectable  preservative free,140.52
2014-04-23T06:43:34Z,4537ab79-f204-3794-22e2-c6bd3f315947,55379473-53b9-3193-0ec1-50c885cafa77,113,Td (adult) preservative free,140.52
2014-04-23T06:43:34Z,4537ab79-f204-3794-22e2-c6bd3f315947,55379473-53b9-3193-0ec1-50c885cafa77,52,Hep A  adult,140.52
2016-04-27T06:43:34Z,4537ab79-f204-3794-22e2-c6bd3f315947,283a01cc-119c-4daa-3f94-8467f945fb1d,140,Influenza  seasonal  injectable  preservative free,140.52
2018-05-02T06:43:34Z,4537ab79-f204-3794-22e2-c6bd3f315947,39f49dd6-fb9b-d6bd-0969-dfaa1d19c328,140,Influenza  seasonal  injectable  preservative free,140.52
2020-05-06T06:43:34Z,4537ab79-f204-3794-22e2-c6bd3f315947,c45ba4d0-0934-1467-9af2-06bd9bb73eaf,140,Influenza  seasonal  injectable  preservative free,140.52
2011-11-09T11:35:53Z,6dbf05a1-37ae-680f-69b3-18b8056ad8ce,430ffa6e-2daf-e20e-aaa7-0fe96a99ecb7,140,Influenza  seasonal  injectable  preservative free,140.52
2013-11-13T11:35:53Z,6dbf05a1-37ae-680f-69b3-18b8056ad8ce,7e4418bf-95e8-6d33-ffcf-ff5f6187c159,140,Influenza  seasonal  injectable  preservative free,140.52
2015-10-21T11:35:53Z,6dbf05a1-37ae-680f-69b3-18b8056ad8ce,0c271326-6e69-f4e2-5125-11188e1bbdef,121,zoster,140.52
2015-10-21T11:35:53Z,6dbf05a1-37ae-680f-69b3-18b8056ad8ce,0c271326-6e69-f4e2-5125-11188e1bbdef,140,Influenza  seasonal  injectable  preservative free,140.52
2016-10-26T11:35:53Z,6dbf05a1-37ae-680f-69b3-18b8056ad8ce,af479025-2fe9-57b9-4943-41309c92ec67,121,zoster,140.52
2016-10-26T11:35:53Z,6dbf05a1-37ae-680f-69b3-18b8056ad8ce,af479025-2fe9-57b9-4943-41309c92ec67,140,Influenza  seasonal  injectable  preservative free,140.52
2016-10-26T11:35:53Z,6dbf05a1-37ae-680f-69b3-18b8056ad8ce,af479025-2fe9-57b9-4943-41309c92ec67,113,Td (adult) preservative free,140.52
2017-11-01T11:35:53Z,6dbf05a1-37ae-680f-69b3-18b8056ad8ce,84d79348-db5a-7a5c-d183-06a71b77ee84,140,Influenza  seasonal  injectable  preservative free,140.52
2018-11-07T11:35:53Z,6dbf05a1-37ae-680f-69b3-18b8056ad8ce,e1935d6c-2c6a-dc63-9aec-f740653b9df4,140,Influenza  seasonal  injectable  preservative free,140.52
2019-11-13T11:35:53Z,6dbf05a1-37ae-680f-69b3-18b8056ad8ce,d1ff8d38-76dc-0896-267a-45aa962f19a1,140,Influenza  seasonal  injectable  preservative free,140.52
2020-11-18T11:35:53Z,6dbf05a1-37ae-680f-69b3-18b8056ad8ce,9f4a43e9-5e18-5457-aa5c-7de60380d447,140,Influenza  seasonal  injectable  preservative free,140.52
2011-06-20T15:16:09Z,b7f80228-621e-dbbd-e40f-b1318913d35a,a1eca94e-7d42-f269-fb7b-96e42c41e6b0,140,Influenza  seasonal  injectable  preservative free,140.52
2013-06-24T15:16:09Z,b7f80228-621e-dbbd-e40f-b1318913d35a,8f03c73b-6eb1-7cfd-a891-1540e46bc1b9,140,Influenza  seasonal  injectable  preservative free,140.52
2015-06-01T15:16:09Z,b7f80228-621e-dbbd-e40f-b1318913d35a,d607921d-91e7-145a-7e01-3eb49b61e62d,121,zoster,140.52
2015-06-01T15:16:09Z,b7f80228-621e-dbbd-e40f-b1318913d35a,d607921d-91e7-145a-7e01-3eb49b61e62d,140,Influenza  seasonal  injectable  preservative free,140.52
2016-06-06T15:16:09Z,b7f80228-621e-dbbd-e40f-b1318913d35a,87da46e1-1df3-eae9-9a41-ab95700ca508,121,zoster,140.52
2016-06-06T15:16:09Z,b7f80228-621e-dbbd-e40f-b1318913d35a,87da46e1-1df3-eae9-9a41-ab95700ca508,140,Influenza  seasonal  injectable  preservative free,140.52
2016-06-06T15:16:09Z,b7f80228-621e-dbbd-e40f-b1318913d35a,87da46e1-1df3-eae9-9a41-ab95700ca508,113,Td (adult) preservative free,140.52
2017-06-12T15:16:09Z,b7f80228-621e-dbbd-e40f-b1318913d35a,0ad0313d-a442-9b3f-973c-2a1f91b2b986,140,Influenza  seasonal  injectable  preservative free,140.52
2018-06-18T15:16:09Z,b7f80228-621e-dbbd-e40f-b1318913d35a,dedae082-0515-b791-4997-0ae2ca93a7b0,140,Influenza  seasonal  injectable  preservative free,140.52
2019-06-24T15:16:09Z,b7f80228-621e-dbbd-e40f-b1318913d35a,daac6491-d80a-5c67-e60b-4f5e0ab0f03a,140,Influenza  seasonal  injectable  preservative free,140.52
2020-06-29T15:16:09Z,b7f80228-621e-dbbd-e40f-b1318913d35a,a762d732-b424-ba8f-b79c-9ee6bdd62d8c,140,Influenza  seasonal  injectable  preservative free,140.52
2013-01-04T14:47:24Z,b48284c0-d7c4-647d-d9c7-0a827c11cd2c,1c16883b-3990-4995-79c3-e1d3052ac82b,140,Influenza  seasonal  injectable  preservative free,140.52
2015-01-09T14:47:24Z,b48284c0-d7c4-647d-d9c7-0a827c11cd2c,ddbf4df1-0846-1e1d-75b7-66151e081421,140,Influenza  seasonal  injectable  preservative free,140.52
2016-12-16T14:47:24Z,b48284c0-d7c4-647d-d9c7-0a827c11cd2c,7b6fc19d-6acd-13b4-0432-56fdba6aabe4,121,zoster,140.52
2016-12-16T14:47:24Z,b48284c0-d7c4-647d-d9c7-0a827c11cd2c,7b6fc19d-6acd-13b4-0432-56fdba6aabe4,140,Influenza  seasonal  injectable  preservative free,140.52
2017-12-22T14:47:24Z,b48284c0-d7c4-647d-d9c7-0a827c11cd2c,06e87833-bb83-fd12-73e2-dd3f4b9b9ade,121,zoster,140.52
2017-12-22T14:47:24Z,b48284c0-d7c4-647d-d9c7-0a827c11cd2c,06e87833-bb83-fd12-73e2-dd3f4b9b9ade,140,Influenza  seasonal  injectable  preservative free,140.52
2017-12-22T14:47:24Z,b48284c0-d7c4-647d-d9c7-0a827c11cd2c,06e87833-bb83-fd12-73e2-dd3f4b9b9ade,113,Td (adult) preservative free,140.52
2018-12-28T14:47:24Z,b48284c0-d7c4-647d-d9c7-0a827c11cd2c,29daa0a2-87d8-2b8e-c9a2-0546ede01eb3,140,Influenza  seasonal  injectable  preservative free,140.52
2020-01-03T14:47:24Z,b48284c0-d7c4-647d-d9c7-0a827c11cd2c,01ac2227-2375-d0e1-fc93-77b424a368a6,140,Influenza  seasonal  injectable  preservative free,140.52
2021-01-08T14:47:24Z,b48284c0-d7c4-647d-d9c7-0a827c11cd2c,c12ecbdb-4c76-392f-59a3-c5059130913b,140,Influenza  seasonal  injectable  preservative free,140.52
2011-05-27T13:03:07Z,56378fa6-045b-df98-d4c3-55b9811df926,591445cd-e87b-1459-023b-1c2351b798cc,140,Influenza  seasonal  injectable  preservative free,140.52
2012-06-01T13:03:07Z,56378fa6-045b-df98-d4c3-55b9811df926,3bdaee01-e69e-0fc8-14a6-ef0ec27b3ff7,115,Tdap,140.52
2012-06-01T13:03:07Z,56378fa6-045b-df98-d4c3-55b9811df926,3bdaee01-e69e-0fc8-14a6-ef0ec27b3ff7,140,Influenza  seasonal  injectable  preservative free,140.52
2012-06-01T13:03:07Z,56378fa6-045b-df98-d4c3-55b9811df926,3bdaee01-e69e-0fc8-14a6-ef0ec27b3ff7,62,HPV  quadrivalent,140.52
2012-06-01T13:03:07Z,56378fa6-045b-df98-d4c3-55b9811df926,3bdaee01-e69e-0fc8-14a6-ef0ec27b3ff7,114,meningococcal MCV4P,140.52
2013-06-07T13:03:07Z,56378fa6-045b-df98-d4c3-55b9811df926,97649e81-11d5-6ffc-c50f-b3ccbb2baa22,140,Influenza  seasonal  injectable  preservative free,140.52
2013-06-07T13:03:07Z,56378fa6-045b-df98-d4c3-55b9811df926,97649e81-11d5-6ffc-c50f-b3ccbb2baa22,62,HPV  quadrivalent,140.52
2014-06-13T13:03:07Z,56378fa6-045b-df98-d4c3-55b9811df926,6a70fa1f-2979-419d-548c-f643f6a80fe9,140,Influenza  seasonal  injectable  preservative free,140.52
2014-06-13T13:03:07Z,56378fa6-045b-df98-d4c3-55b9811df926,6a70fa1f-2979-419d-548c-f643f6a80fe9,62,HPV  quadrivalent,140.52
2015-06-19T13:03:07Z,56378fa6-045b-df98-d4c3-55b9811df926,37dcfee4-30fd-5811-4a68-b54b35afa6da,140,Influenza  seasonal  injectable  preservative free,140.52
2016-06-24T13:03:07Z,56378fa6-045b-df98-d4c3-55b9811df926,e40c1d0f-d00d-b231-d09f-fb4e19f5f748,140,Influenza  seasonal  injectable  preservative free,140.52
2017-06-30T13:03:07Z,56378fa6-045b-df98-d4c3-55b9811df926,391d3a5e-38bf-f63f-0941-dd2a8ac63b5e,140,Influenza  seasonal  injectable  preservative free,140.52
2017-06-30T13:03:07Z,56378fa6-045b-df98-d4c3-55b9811df926,391d3a5e-38bf-f63f-0941-dd2a8ac63b5e,114,meningococcal MCV4P,140.52
2018-07-06T13:03:07Z,56378fa6-045b-df98-d4c3-55b9811df926,8656258c-87cc-3918-c585-035ca7951b76,140,Influenza  seasonal  injectable  preservative free,140.52
2019-07-12T13:03:07Z,56378fa6-045b-df98-d4c3-55b9811df926,4cd43e1a-a32e-84a5-fa4a-215b63015bab,140,Influenza  seasonal  injectable  preservative free,140.52
2020-07-17T13:03:07Z,56378fa6-045b-df98-d4c3-55b9811df926,37395452-fbb5-d197-e843-ff41afb94eac,140,Influenza  seasonal  injectable  preservative free,140.52
2018-04-24T15:11:48Z,f99dd349-30b9-e18b-6246-0be3408031bf,cf68cd4c-3fae-1acb-566a-49b148c8ca05,08,Hep B  adolescent or pediatric,140.52
2018-05-29T15:11:48Z,f99dd349-30b9-e18b-6246-0be3408031bf,ef5d6a8e-f0b9-5415-4e6f-66f4d8c8b5ca,08,Hep B  adolescent or pediatric,140.52
2018-07-31T15:11:48Z,f99dd349-30b9-e18b-6246-0be3408031bf,9b99cb02-c7d1-4dd2-285d-44807a58ffc8,49,Hib (PRP-OMP),140.52
2018-07-31T15:11:48Z,f99dd349-30b9-e18b-6246-0be3408031bf,9b99cb02-c7d1-4dd2-285d-44807a58ffc8,119,rotavirus  monovalent,140.52
2018-07-31T15:11:48Z,f99dd349-30b9-e18b-6246-0be3408031bf,9b99cb02-c7d1-4dd2-285d-44807a58ffc8,10,IPV,140.52
2018-07-31T15:11:48Z,f99dd349-30b9-e18b-6246-0be3408031bf,9b99cb02-c7d1-4dd2-285d-44807a58ffc8,20,DTaP,140.52
2018-07-31T15:11:48Z,f99dd349-30b9-e18b-6246-0be3408031bf,9b99cb02-c7d1-4dd2-285d-44807a58ffc8,133,Pneumococcal conjugate PCV 13,140.52
2018-10-02T15:11:48Z,f99dd349-30b9-e18b-6246-0be3408031bf,7d995a10-dc33-e3c9-deca-a877b9861dd8,49,Hib (PRP-OMP),140.52
2018-10-02T15:11:48Z,f99dd349-30b9-e18b-6246-0be3408031bf,7d995a10-dc33-e3c9-deca-a877b9861dd8,119,rotavirus  monovalent,140.52
2018-10-02T15:11:48Z,f99dd349-30b9-e18b-6246-0be3408031bf,7d995a10-dc33-e3c9-deca-a877b9861dd8,10,IPV,140.52
2018-10-02T15:11:48Z,f99dd349-30b9-e18b-6246-0be3408031bf,7d995a10-dc33-e3c9-deca-a877b9861dd8,20,DTaP,140.52
2018-10-02T15:11:48Z,f99dd349-30b9-e18b-6246-0be3408031bf,7d995a10-dc33-e3c9-deca-a877b9861dd8,133,Pneumococcal conjugate PCV 13,140.52
2019-01-01T15:11:48Z,f99dd349-30b9-e18b-6246-0be3408031bf,8cf27380-d13b-5daf-1996-748c00340ea2,10,IPV,140.52
2019-01-01T15:11:48Z,f99dd349-30b9-e18b-6246-0be3408031bf,8cf27380-d13b-5daf-1996-748c00340ea2,140,Influenza  seasonal  injectable  preservative free,140.52
2019-01-01T15:11:48Z,f99dd349-30b9-e18b-6246-0be3408031bf,8cf27380-d13b-5daf-1996-748c00340ea2,20,DTaP,140.52
2019-01-01T15:11:48Z,f99dd349-30b9-e18b-6246-0be3408031bf,8cf27380-d13b-5daf-1996-748c00340ea2,133,Pneumococcal conjugate PCV 13,140.52
2019-01-01T15:11:48Z,f99dd349-30b9-e18b-6246-0be3408031bf,8cf27380-d13b-5daf-1996-748c00340ea2,08,Hep B  adolescent or pediatric,140.52
2019-07-02T15:11:48Z,f99dd349-30b9-e18b-6246-0be3408031bf,7290ccf9-533b-767b-daf0-59a486e7f882,49,Hib (PRP-OMP),140.52
2019-07-02T15:11:48Z,f99dd349-30b9-e18b-6246-0be3408031bf,7290ccf9-533b-767b-daf0-59a486e7f882,21,varicella,140.52
2019-07-02T15:11:48Z,f99dd349-30b9-e18b-6246-0be3408031bf,7290ccf9-533b-767b-daf0-59a486e7f882,03,MMR,140.52
2019-07-02T15:11:48Z,f99dd349-30b9-e18b-6246-0be3408031bf,7290ccf9-533b-767b-daf0-59a486e7f882,133,Pneumococcal conjugate PCV 13,140.52
2019-07-02T15:11:48Z,f99dd349-30b9-e18b-6246-0be3408031bf,7290ccf9-533b-767b-daf0-59a486e7f882,83,Hep A  ped/adol  2 dose,140.52
2019-10-01T15:11:48Z,f99dd349-30b9-e18b-6246-0be3408031bf,f3c79414-c657-84e1-50c8-9cfd0148b688,20,DTaP,140.52
2020-03-31T15:11:48Z,f99dd349-30b9-e18b-6246-0be3408031bf,ac4b65c1-6733-13a1-0bc6-b25e3b1e90cd,140,Influenza  seasonal  injectable  preservative free,140.52
2020-09-29T15:11:48Z,f99dd349-30b9-e18b-6246-0be3408031bf,5a414b62-fc34-6abe-cbce-ea459894b491,83,Hep A  ped/adol  2 dose,140.52
2012-08-06T04:20:14Z,8d533eca-e4bb-c02f-af29-2757f8d80bbd,b80c5717-3709-6e61-32ed-54d46f2ed732,08,Hep B  adolescent or pediatric,140.52
2012-09-10T04:20:14Z,8d533eca-e4bb-c02f-af29-2757f8d80bbd,8307e68c-2d01-758a-413b-ee140b9a0b55,08,Hep B  adolescent or pediatric,140.52
2012-11-12T04:20:14Z,8d533eca-e4bb-c02f-af29-2757f8d80bbd,98e745bf-c7a4-896a-f0e1-3c5d48dbd1bb,49,Hib (PRP-OMP),140.52
2012-11-12T04:20:14Z,8d533eca-e4bb-c02f-af29-2757f8d80bbd,98e745bf-c7a4-896a-f0e1-3c5d48dbd1bb,119,rotavirus  monovalent,140.52
2012-11-12T04:20:14Z,8d533eca-e4bb-c02f-af29-2757f8d80bbd,98e745bf-c7a4-896a-f0e1-3c5d48dbd1bb,10,IPV,140.52
2012-11-12T04:20:14Z,8d533eca-e4bb-c02f-af29-2757f8d80bbd,98e745bf-c7a4-896a-f0e1-3c5d48dbd1bb,20,DTaP,140.52
2012-11-12T04:20:14Z,8d533eca-e4bb-c02f-af29-2757f8d80bbd,98e745bf-c7a4-896a-f0e1-3c5d48dbd1bb,133,Pneumococcal conjugate PCV 13,140.52
2013-01-14T04:20:14Z,8d533eca-e4bb-c02f-af29-2757f8d80bbd,a6d41a02-4f8e-33e9-e4e0-bfe0aade4f44,49,Hib (PRP-OMP),140.52
2013-01-14T04:20:14Z,8d533eca-e4bb-c02f-af29-2757f8d80bbd,a6d41a02-4f8e-33e9-e4e0-bfe0aade4f44,119,rotavirus  monovalent,140.52
2013-01-14T04:20:14Z,8d533eca-e4bb-c02f-af29-2757f8d80bbd,a6d41a02-4f8e-33e9-e4e0-bfe0aade4f44,10,IPV,140.52
2013-01-14T04:20:14Z,8d533eca-e4bb-c02f-af29-2757f8d80bbd,a6d41a02-4f8e-33e9-e4e0-bfe0aade4f44,20,DTaP,140.52
2013-01-14T04:20:14Z,8d533eca-e4bb-c02f-af29-2757f8d80bbd,a6d41a02-4f8e-33e9-e4e0-bfe0aade4f44,133,Pneumococcal conjugate PCV 13,140.52
2013-04-15T04:20:14Z,8d533eca-e4bb-c02f-af29-2757f8d80bbd,f915657d-8d1f-d082-0701-8002f8165eb4,10,IPV,140.52
2013-04-15T04:20:14Z,8d533eca-e4bb-c02f-af29-2757f8d80bbd,f915657d-8d1f-d082-0701-8002f8165eb4,140,Influenza  seasonal  injectable  preservative free,140.52
2013-04-15T04:20:14Z,8d533eca-e4bb-c02f-af29-2757f8d80bbd,f915657d-8d1f-d082-0701-8002f8165eb4,20,DTaP,140.52
2013-04-15T04:20:14Z,8d533eca-e4bb-c02f-af29-2757f8d80bbd,f915657d-8d1f-d082-0701-8002f8165eb4,133,Pneumococcal conjugate PCV 13,140.52
2013-04-15T04:20:14Z,8d533eca-e4bb-c02f-af29-2757f8d80bbd,f915657d-8d1f-d082-0701-8002f8165eb4,08,Hep B  adolescent or pediatric,140.52
2013-10-14T04:20:14Z,8d533eca-e4bb-c02f-af29-2757f8d80bbd,db6f9adb-d351-44ce-371d-3742b92c4f92,49,Hib (PRP-OMP),140.52
2013-10-14T04:20:14Z,8d533eca-e4bb-c02f-af29-2757f8d80bbd,db6f9adb-d351-44ce-371d-3742b92c4f92,21,varicella,140.52
2013-10-14T04:20:14Z,8d533eca-e4bb-c02f-af29-2757f8d80bbd,db6f9adb-d351-44ce-371d-3742b92c4f92,03,MMR,140.52
2013-10-14T04:20:14Z,8d533eca-e4bb-c02f-af29-2757f8d80bbd,db6f9adb-d351-44ce-371d-3742b92c4f92,133,Pneumococcal conjugate PCV 13,140.52
2013-10-14T04:20:14Z,8d533eca-e4bb-c02f-af29-2757f8d80bbd,db6f9adb-d351-44ce-371d-3742b92c4f92,83,Hep A  ped/adol  2 dose,140.52
2014-01-13T04:20:14Z,8d533eca-e4bb-c02f-af29-2757f8d80bbd,4900e5ef-0d63-252b-e85e-f867dba573f7,20,DTaP,140.52
2014-07-14T04:20:14Z,8d533eca-e4bb-c02f-af29-2757f8d80bbd,868e2665-f6e4-ad22-d798-5f40bd52949c,140,Influenza  seasonal  injectable  preservative free,140.52
2015-01-12T04:20:14Z,8d533eca-e4bb-c02f-af29-2757f8d80bbd,1c3b369f-fe16-1e5b-a18f-35874faaaeeb,83,Hep A  ped/adol  2 dose,140.52
2015-07-13T04:20:14Z,8d533eca-e4bb-c02f-af29-2757f8d80bbd,9f6ea12c-a4e3-188a-ed5d-6b417452c36d,140,Influenza  seasonal  injectable  preservative free,140.52
2016-07-11T04:20:14Z,8d533eca-e4bb-c02f-af29-2757f8d80bbd,af2d0945-91b8-30c5-ef40-652ec2f2ed76,140,Influenza  seasonal  injectable  preservative free,140.52
2017-07-17T04:20:14Z,8d533eca-e4bb-c02f-af29-2757f8d80bbd,85331b07-13f1-41c3-edd5-7da43f9b2313,21,varicella,140.52
2017-07-17T04:20:14Z,8d533eca-e4bb-c02f-af29-2757f8d80bbd,85331b07-13f1-41c3-edd5-7da43f9b2313,10,IPV,140.52
2017-07-17T04:20:14Z,8d533eca-e4bb-c02f-af29-2757f8d80bbd,85331b07-13f1-41c3-edd5-7da43f9b2313,140,Influenza  seasonal  injectable  preservative free,140.52
2017-07-17T04:20:14Z,8d533eca-e4bb-c02f-af29-2757f8d80bbd,85331b07-13f1-41c3-edd5-7da43f9b2313,20,DTaP,140.52
2017-07-17T04:20:14Z,8d533eca-e4bb-c02f-af29-2757f8d80bbd,85331b07-13f1-41c3-edd5-7da43f9b2313,03,MMR,140.52
2018-07-23T04:20:14Z,8d533eca-e4bb-c02f-af29-2757f8d80bbd,9d21de4a-cb9f-5cc5-b975-9e180511c679,140,Influenza  seasonal  injectable  preservative free,140.52
2019-07-29T04:20:14Z,8d533eca-e4bb-c02f-af29-2757f8d80bbd,2703b10f-289a-4e80-e6a6-b2dea334796f,140,Influenza  seasonal  injectable  preservative free,140.52
2020-08-03T04:20:14Z,8d533eca-e4bb-c02f-af29-2757f8d80bbd,bef74dd7-9fa2-b330-a9fd-eeaedfb11b0f,140,Influenza  seasonal  injectable  preservative free,140.52
2011-08-19T21:23:54Z,6b7a2ee5-ec16-bce7-710b-4f2099483210,35c7a28d-a0b1-7487-9f7e-d64cc0af0f90,140,Influenza  seasonal  injectable  preservative free,140.52
2012-08-24T21:23:54Z,6b7a2ee5-ec16-bce7-710b-4f2099483210,bba7ed29-e26a-f59f-3d55-3cfe004a63b7,140,Influenza  seasonal  injectable  preservative free,140.52
2013-08-30T21:23:54Z,6b7a2ee5-ec16-bce7-710b-4f2099483210,ac1c977d-97e7-e72d-0c3b-ca8ad5bcc944,140,Influenza  seasonal  injectable  preservative free,140.52
2013-08-30T21:23:54Z,6b7a2ee5-ec16-bce7-710b-4f2099483210,ac1c977d-97e7-e72d-0c3b-ca8ad5bcc944,113,Td (adult) preservative free,140.52
2014-09-05T21:23:54Z,6b7a2ee5-ec16-bce7-710b-4f2099483210,9ce34279-4ff3-efcd-885d-b3ed42b426f8,140,Influenza  seasonal  injectable  preservative free,140.52
2015-09-11T21:23:54Z,6b7a2ee5-ec16-bce7-710b-4f2099483210,dbb461e7-df7f-d608-161f-816a1704b143,140,Influenza  seasonal  injectable  preservative free,140.52
2016-09-16T21:23:54Z,6b7a2ee5-ec16-bce7-710b-4f2099483210,8f610746-d0ba-ca93-c0fc-55fad0009006,140,Influenza  seasonal  injectable  preservative free,140.52
2017-09-22T21:23:54Z,6b7a2ee5-ec16-bce7-710b-4f2099483210,8542dd56-3c83-1ffc-f00a-3c7eb6aeacf3,140,Influenza  seasonal  injectable  preservative free,140.52
2017-09-22T21:23:54Z,6b7a2ee5-ec16-bce7-710b-4f2099483210,8542dd56-3c83-1ffc-f00a-3c7eb6aeacf3,133,Pneumococcal conjugate PCV 13,140.52
2018-09-28T21:23:54Z,6b7a2ee5-ec16-bce7-710b-4f2099483210,13e07e23-9969-410f-85de-7fd3536c51ca,140,Influenza  seasonal  injectable  preservative free,140.52
2018-09-28T21:23:54Z,6b7a2ee5-ec16-bce7-710b-4f2099483210,13e07e23-9969-410f-85de-7fd3536c51ca,33,pneumococcal polysaccharide vaccine  23 valent,140.52
2019-10-04T21:23:54Z,6b7a2ee5-ec16-bce7-710b-4f2099483210,12e9d0c4-8843-4e7b-2639-21ab88213892,140,Influenza  seasonal  injectable  preservative free,140.52
2020-10-09T21:23:54Z,6b7a2ee5-ec16-bce7-710b-4f2099483210,c0b00e42-85aa-72b5-6ff0-6aa7076ddc26,140,Influenza  seasonal  injectable  preservative free,140.52
2011-03-12T10:27:09Z,bc350372-6a42-9faf-2cad-f21e11d7c30b,fb96e1b4-1500-b9bb-1706-852ab391cd59,121,zoster,140.52
2011-03-12T10:27:09Z,bc350372-6a42-9faf-2cad-f21e11d7c30b,fb96e1b4-1500-b9bb-1706-852ab391cd59,140,Influenza  seasonal  injectable  preservative free,140.52
2011-03-12T10:27:09Z,bc350372-6a42-9faf-2cad-f21e11d7c30b,fb96e1b4-1500-b9bb-1706-852ab391cd59,113,Td (adult) preservative free,140.52
2012-03-17T10:27:09Z,bc350372-6a42-9faf-2cad-f21e11d7c30b,bb547f47-e95f-801e-ac93-89722174f229,140,Influenza  seasonal  injectable  preservative free,140.52
2013-03-23T10:27:09Z,bc350372-6a42-9faf-2cad-f21e11d7c30b,aa096d8d-64f3-8598-dee2-0958028af806,140,Influenza  seasonal  injectable  preservative free,140.52
2014-03-29T10:27:09Z,bc350372-6a42-9faf-2cad-f21e11d7c30b,5d0986f2-df17-2775-990e-803974c298aa,140,Influenza  seasonal  injectable  preservative free,140.52
2015-04-04T10:27:09Z,bc350372-6a42-9faf-2cad-f21e11d7c30b,bb506c1b-da8b-6579-c53b-a021df93e3a2,140,Influenza  seasonal  injectable  preservative free,140.52
2016-04-09T10:27:09Z,bc350372-6a42-9faf-2cad-f21e11d7c30b,0fc12daf-6497-a924-04d1-41c7bf51a134,140,Influenza  seasonal  injectable  preservative free,140.52
2017-04-15T10:27:09Z,bc350372-6a42-9faf-2cad-f21e11d7c30b,9bd63f6b-0cc8-3d38-f1a5-dfba54737f7c,140,Influenza  seasonal  injectable  preservative free,140.52
2018-04-21T10:27:09Z,bc350372-6a42-9faf-2cad-f21e11d7c30b,b3f5087e-ed9e-3978-2f68-10da4c736dd8,140,Influenza  seasonal  injectable  preservative free,140.52
2019-04-27T10:27:09Z,bc350372-6a42-9faf-2cad-f21e11d7c30b,7df9a519-2a6b-e6b1-b000-b6094e9aca85,140,Influenza  seasonal  injectable  preservative free,140.52
2020-05-02T10:27:09Z,bc350372-6a42-9faf-2cad-f21e11d7c30b,86c4ad3d-20c4-defd-33fd-cf208dc2468a,140,Influenza  seasonal  injectable  preservative free,140.52
2011-08-20T05:25:07Z,ba927d89-4f5e-3209-c7b2-e8602a89a06c,db70f978-53ba-8966-f97d-98227696e4cd,140,Influenza  seasonal  injectable  preservative free,140.52
2014-06-07T05:25:07Z,ba927d89-4f5e-3209-c7b2-e8602a89a06c,bf7df82b-02a8-5022-7dd7-fbc067844b41,140,Influenza  seasonal  injectable  preservative free,140.52
2014-06-07T05:25:07Z,ba927d89-4f5e-3209-c7b2-e8602a89a06c,bf7df82b-02a8-5022-7dd7-fbc067844b41,52,Hep A  adult,140.52
2016-06-11T05:25:07Z,ba927d89-4f5e-3209-c7b2-e8602a89a06c,06d2a98b-4f65-772e-d3df-4b851fc43e60,140,Influenza  seasonal  injectable  preservative free,140.52
2016-06-11T05:25:07Z,ba927d89-4f5e-3209-c7b2-e8602a89a06c,06d2a98b-4f65-772e-d3df-4b851fc43e60,113,Td (adult) preservative free,140.52
2016-06-11T05:25:07Z,ba927d89-4f5e-3209-c7b2-e8602a89a06c,06d2a98b-4f65-772e-d3df-4b851fc43e60,52,Hep A  adult,140.52
2018-06-16T05:25:07Z,ba927d89-4f5e-3209-c7b2-e8602a89a06c,3c07626c-8012-ab98-1324-19445d97da88,140,Influenza  seasonal  injectable  preservative free,140.52
2020-06-20T05:25:07Z,ba927d89-4f5e-3209-c7b2-e8602a89a06c,7a1b967e-f123-d2de-9b8f-24d0418ea56b,140,Influenza  seasonal  injectable  preservative free,140.52
2011-05-25T10:07:25Z,2578be14-6ff3-18b6-e86a-732addf9f660,5920f92b-a090-c722-04a0-5e55e7167808,140,Influenza  seasonal  injectable  preservative free,140.52
2011-11-23T10:07:25Z,2578be14-6ff3-18b6-e86a-732addf9f660,d9499d9c-c439-c567-550c-bd0508a990d9,83,Hep A  ped/adol  2 dose,140.52
2012-05-23T10:07:25Z,2578be14-6ff3-18b6-e86a-732addf9f660,e227626b-c36c-a820-7e5d-a907e126a311,140,Influenza  seasonal  injectable  preservative free,140.52
2013-05-22T10:07:25Z,2578be14-6ff3-18b6-e86a-732addf9f660,65c97b02-0bec-519d-bf07-9387b779edbb,140,Influenza  seasonal  injectable  preservative free,140.52
2014-05-28T10:07:25Z,2578be14-6ff3-18b6-e86a-732addf9f660,ec5ae9b1-35c3-112f-7478-b34fbeae35e2,21,varicella,140.52
2014-05-28T10:07:25Z,2578be14-6ff3-18b6-e86a-732addf9f660,ec5ae9b1-35c3-112f-7478-b34fbeae35e2,10,IPV,140.52
2014-05-28T10:07:25Z,2578be14-6ff3-18b6-e86a-732addf9f660,ec5ae9b1-35c3-112f-7478-b34fbeae35e2,140,Influenza  seasonal  injectable  preservative free,140.52
2014-05-28T10:07:25Z,2578be14-6ff3-18b6-e86a-732addf9f660,ec5ae9b1-35c3-112f-7478-b34fbeae35e2,20,DTaP,140.52
2014-05-28T10:07:25Z,2578be14-6ff3-18b6-e86a-732addf9f660,ec5ae9b1-35c3-112f-7478-b34fbeae35e2,03,MMR,140.52
2015-06-03T10:07:25Z,2578be14-6ff3-18b6-e86a-732addf9f660,8ff939d8-3a6e-a478-ab2d-938878ff30c4,140,Influenza  seasonal  injectable  preservative free,140.52
2016-06-08T10:07:25Z,2578be14-6ff3-18b6-e86a-732addf9f660,b42035b7-96c2-42be-1604-33034a4acd68,140,Influenza  seasonal  injectable  preservative free,140.52
2017-06-14T10:07:25Z,2578be14-6ff3-18b6-e86a-732addf9f660,8c1f1c1d-901a-c480-39ba-d89984e642fe,140,Influenza  seasonal  injectable  preservative free,140.52
2018-06-20T10:07:25Z,2578be14-6ff3-18b6-e86a-732addf9f660,8a6af4e7-f40b-37a6-ce81-e550e8b0e236,140,Influenza  seasonal  injectable  preservative free,140.52
2019-06-26T10:07:25Z,2578be14-6ff3-18b6-e86a-732addf9f660,352329c6-82c2-02fa-31d6-24b8157227ce,140,Influenza  seasonal  injectable  preservative free,140.52
2020-07-01T10:07:25Z,2578be14-6ff3-18b6-e86a-732addf9f660,d5406744-8bd8-4cd6-4705-3f93096de46d,115,Tdap,140.52
2020-07-01T10:07:25Z,2578be14-6ff3-18b6-e86a-732addf9f660,d5406744-8bd8-4cd6-4705-3f93096de46d,140,Influenza  seasonal  injectable  preservative free,140.52
2020-07-01T10:07:25Z,2578be14-6ff3-18b6-e86a-732addf9f660,d5406744-8bd8-4cd6-4705-3f93096de46d,62,HPV  quadrivalent,140.52
2020-07-01T10:07:25Z,2578be14-6ff3-18b6-e86a-732addf9f660,d5406744-8bd8-4cd6-4705-3f93096de46d,114,meningococcal MCV4P,140.52
2012-04-07T03:29:09Z,5d7435b3-f120-ed26-9abd-4767e0d98203,f6e95b72-24bd-3add-1cd9-cdb9850d4f8a,121,zoster,140.52
2012-04-07T03:29:09Z,5d7435b3-f120-ed26-9abd-4767e0d98203,f6e95b72-24bd-3add-1cd9-cdb9850d4f8a,140,Influenza  seasonal  injectable  preservative free,140.52
2013-04-13T03:29:09Z,5d7435b3-f120-ed26-9abd-4767e0d98203,d4a748ba-051e-64ff-bb0a-66acfaa41b93,121,zoster,140.52
2013-04-13T03:29:09Z,5d7435b3-f120-ed26-9abd-4767e0d98203,d4a748ba-051e-64ff-bb0a-66acfaa41b93,140,Influenza  seasonal  injectable  preservative free,140.52
2013-04-13T03:29:09Z,5d7435b3-f120-ed26-9abd-4767e0d98203,d4a748ba-051e-64ff-bb0a-66acfaa41b93,113,Td (adult) preservative free,140.52
2014-04-19T03:29:09Z,5d7435b3-f120-ed26-9abd-4767e0d98203,654edc12-9739-1313-3bc0-7714a1ced02a,140,Influenza  seasonal  injectable  preservative free,140.52
2015-04-25T03:29:09Z,5d7435b3-f120-ed26-9abd-4767e0d98203,8fc57ff1-1384-d5b8-1dc0-bd0cf03b75ff,140,Influenza  seasonal  injectable  preservative free,140.52
2016-04-30T03:29:09Z,5d7435b3-f120-ed26-9abd-4767e0d98203,4f19b469-79b3-85db-d43a-0d817baacc58,140,Influenza  seasonal  injectable  preservative free,140.52
2017-05-06T03:29:09Z,5d7435b3-f120-ed26-9abd-4767e0d98203,b23981e3-325d-d35d-5c95-6800d4c93255,140,Influenza  seasonal  injectable  preservative free,140.52
2018-05-12T03:29:09Z,5d7435b3-f120-ed26-9abd-4767e0d98203,ee90e30c-9497-99f2-5d12-f3d841d6607b,140,Influenza  seasonal  injectable  preservative free,140.52
2019-05-18T03:29:09Z,5d7435b3-f120-ed26-9abd-4767e0d98203,07d05a12-637a-204c-3a91-3a5ca050b66f,140,Influenza  seasonal  injectable  preservative free,140.52
2020-05-23T03:29:09Z,5d7435b3-f120-ed26-9abd-4767e0d98203,766b250b-07f0-a577-8bdd-32886ce12101,140,Influenza  seasonal  injectable  preservative free,140.52
2011-11-01T21:05:39Z,7580bcc5-7b8b-5902-1e27-7ce771ba76a8,b5e2c45b-62ce-ec53-129e-b3efab8f6279,140,Influenza  seasonal  injectable  preservative free,140.52
2012-11-06T21:05:39Z,7580bcc5-7b8b-5902-1e27-7ce771ba76a8,035c6895-275d-6a5a-dfda-898c9e64acc9,140,Influenza  seasonal  injectable  preservative free,140.52
2012-11-06T21:05:39Z,7580bcc5-7b8b-5902-1e27-7ce771ba76a8,035c6895-275d-6a5a-dfda-898c9e64acc9,113,Td (adult) preservative free,140.52
2013-11-12T21:05:39Z,7580bcc5-7b8b-5902-1e27-7ce771ba76a8,c9df928b-fb09-1835-d31f-e17a9a40bee7,140,Influenza  seasonal  injectable  preservative free,140.52
2014-11-18T21:05:39Z,7580bcc5-7b8b-5902-1e27-7ce771ba76a8,83cf4e0b-ba5a-5c1b-e8cf-f5176b39156c,140,Influenza  seasonal  injectable  preservative free,140.52
2015-11-24T21:05:39Z,7580bcc5-7b8b-5902-1e27-7ce771ba76a8,f641450a-1b60-d02a-73f4-8dfa8ab69e87,140,Influenza  seasonal  injectable  preservative free,140.52
2016-11-29T21:05:39Z,7580bcc5-7b8b-5902-1e27-7ce771ba76a8,2f08af19-026d-6ecf-1996-c4921b0dd6fc,140,Influenza  seasonal  injectable  preservative free,140.52
2017-12-05T21:05:39Z,7580bcc5-7b8b-5902-1e27-7ce771ba76a8,863c4422-5618-a169-3faa-93ede80d3370,140,Influenza  seasonal  injectable  preservative free,140.52
2018-12-11T21:05:39Z,7580bcc5-7b8b-5902-1e27-7ce771ba76a8,d01c2654-1348-1530-caff-56d7fd3259e3,140,Influenza  seasonal  injectable  preservative free,140.52
2019-12-17T21:05:39Z,7580bcc5-7b8b-5902-1e27-7ce771ba76a8,a117f759-5ec2-7a53-c612-82279e3aef7c,140,Influenza  seasonal  injectable  preservative free,140.52
2020-12-22T21:05:39Z,7580bcc5-7b8b-5902-1e27-7ce771ba76a8,e5048cc9-1a1d-9160-baa3-3056fecdfe8c,140,Influenza  seasonal  injectable  preservative free,140.52
2012-07-03T21:37:58Z,cbd58c80-dd70-e3f5-e2df-7c1d47e1000c,1f37e817-7d08-fe5a-140d-a985a4d13ff9,140,Influenza  seasonal  injectable  preservative free,140.52
2014-06-10T21:37:58Z,cbd58c80-dd70-e3f5-e2df-7c1d47e1000c,8d6dcac2-0b0e-db97-5933-618dde1488b2,121,zoster,140.52
2014-06-10T21:37:58Z,cbd58c80-dd70-e3f5-e2df-7c1d47e1000c,8d6dcac2-0b0e-db97-5933-618dde1488b2,140,Influenza  seasonal  injectable  preservative free,140.52
2015-06-16T21:37:58Z,cbd58c80-dd70-e3f5-e2df-7c1d47e1000c,580f6d65-24a9-1c10-8816-6440c82fd2a3,121,zoster,140.52
2015-06-16T21:37:58Z,cbd58c80-dd70-e3f5-e2df-7c1d47e1000c,580f6d65-24a9-1c10-8816-6440c82fd2a3,140,Influenza  seasonal  injectable  preservative free,140.52
2015-06-16T21:37:58Z,cbd58c80-dd70-e3f5-e2df-7c1d47e1000c,580f6d65-24a9-1c10-8816-6440c82fd2a3,113,Td (adult) preservative free,140.52
2016-06-21T21:37:58Z,cbd58c80-dd70-e3f5-e2df-7c1d47e1000c,8d8af0ce-fca7-c8b4-1f0f-bb624e879ea4,140,Influenza  seasonal  injectable  preservative free,140.52
2017-06-27T21:37:58Z,cbd58c80-dd70-e3f5-e2df-7c1d47e1000c,1ce8795b-2d8f-a1cf-489f-4ae948c1474b,140,Influenza  seasonal  injectable  preservative free,140.52
2018-07-03T21:37:58Z,cbd58c80-dd70-e3f5-e2df-7c1d47e1000c,a63db54d-e1b8-2f9f-938d-d806633d95a2,140,Influenza  seasonal  injectable  preservative free,140.52
2019-07-09T21:37:58Z,cbd58c80-dd70-e3f5-e2df-7c1d47e1000c,c668e583-4ae1-c826-de79-fc64475b6d19,140,Influenza  seasonal  injectable  preservative free,140.52
2020-07-14T21:37:58Z,cbd58c80-dd70-e3f5-e2df-7c1d47e1000c,3ee14c48-cbc5-9e41-b62a-89b0ffa4c2be,140,Influenza  seasonal  injectable  preservative free,140.52
