START,STOP,PATIENT,PAYER,ENCOUNTER,CODE,DESCRIPTION,BASE_COST,PAYER_COVERAGE,DISPENSES,TOTALCOST,REASONCODE,REASONDESCRIPTION
2000-06-16T21:23:54Z,,6b7a2ee5-ec16-bce7-710b-4f2099483210,42c4fca7-f8a9-3cd1-982a-dd9751bf3e2a,3c0a61aa-47a8-e0b1-d154-d0f4d7cd8008,855332,Warfarin Sodium 5 MG Oral Tablet,107.25,0.00,251,26919.75,,
2000-06-16T21:23:54Z,,6b7a2ee5-ec16-bce7-710b-4f2099483210,42c4fca7-f8a9-3cd1-982a-dd9751bf3e2a,3c0a61aa-47a8-e0b1-d154-d0f4d7cd8008,897718,Verapamil Hydrochloride 40 MG,110.47,0.00,251,27727.97,,
2000-06-16T21:23:54Z,,6b7a2ee5-ec16-bce7-710b-4f2099483210,42c4fca7-f8a9-3cd1-982a-dd9751bf3e2a,3c0a61aa-47a8-e0b1-d154-d0f4d7cd8008,197604,Digoxin 0.125 MG Oral Tablet,45.06,0.00,251,11310.06,,
2014-08-29T21:23:54Z,2014-08-29T21:38:54Z,6b7a2ee5-ec16-bce7-710b-4f2099483210,b1c428d6-4f07-31e0-90f0-68ffa6ff8c76,9a004315-5cce-122e-c6f1-b1156e1d1373,309362,Clopidogrel 75 MG Oral Tablet,24.49,0.00,1,24.49,,
2014-08-29T21:23:54Z,2014-08-29T21:38:54Z,6b7a2ee5-ec16-bce7-710b-4f2099483210,b1c428d6-4f07-31e0-90f0-68ffa6ff8c76,9a004315-5cce-122e-c6f1-b1156e1d1373,1804799,Alteplase 100 MG Injection,6741.11,0.00,1,6741.11,,
