DATE,PATIENT,ENCOUNTER,CODE,DESCRIPTION,VALUE,UNITS,TYPE
2011-08-01T23:33:07Z,b89898ea-609d-911b-d62b-693fd4ef5af1,,QALY,QALY,31.0,a,numeric
2012-08-01T23:33:07Z,b89898ea-609d-911b-d62b-693fd4ef5af1,,QALY,QALY,32.0,a,numeric
2013-08-01T23:33:07Z,b89898ea-609d-911b-d62b-693fd4ef5af1,,QALY,QALY,33.0,a,numeric
2014-08-01T23:33:07Z,b89898ea-609d-911b-d62b-693fd4ef5af1,,QALY,QALY,34.0,a,numeric
2015-08-01T23:33:07Z,b89898ea-609d-911b-d62b-693fd4ef5af1,,QALY,QALY,35.0,a,numeric
2016-08-01T23:33:07Z,b89898ea-609d-911b-d62b-693fd4ef5af1,,QALY,QALY,36.0,a,numeric
2017-08-01T23:33:07Z,b89898ea-609d-911b-d62b-693fd4ef5af1,,QALY,QALY,37.0,a,numeric
2018-08-01T23:33:07Z,b89898ea-609d-911b-d62b-693fd4ef5af1,,QALY,QALY,38.0,a,numeric
2019-08-01T23:33:07Z,b89898ea-609d-911b-d62b-693fd4ef5af1,,QALY,QALY,39.0,a,numeric
2020-08-01T23:33:07Z,b89898ea-609d-911b-d62b-693fd4ef5af1,,QALY,QALY,40.0,a,numeric
2011-08-01T23:33:07Z,b89898ea-609d-911b-d62b-693fd4ef5af1,,DALY,DALY,0.0,a,numeric
2012-08-01T23:33:07Z,b89898ea-609d-911b-d62b-693fd4ef5af1,,DALY,DALY,0.0,a,numeric
2013-08-01T23:33:07Z,b89898ea-609d-911b-d62b-693fd4ef5af1,,DALY,DALY,0.0,a,numeric
2014-08-01T23:33:07Z,b89898ea-609d-911b-d62b-693fd4ef5af1,,DALY,DALY,0.0,a,numeric
2015-08-01T23:33:07Z,b89898ea-609d-911b-d62b-693fd4ef5af1,,DALY,DALY,0.0,a,numeric
2016-08-01T23:33:07Z,b89898ea-609d-911b-d62b-693fd4ef5af1,,DALY,DALY,0.0,a,numeric
2017-08-01T23:33:07Z,b89898ea-609d-911b-d62b-693fd4ef5af1,,DALY,DALY,0.0,a,numeric
2018-08-01T23:33:07Z,b89898ea-609d-911b-d62b-693fd4ef5af1,,DALY,DALY,0.0,a,numeric
2019-08-01T23:33:07Z,b89898ea-609d-911b-d62b-693fd4ef5af1,,DALY,DALY,0.0,a,numeric
2020-08-01T23:33:07Z,b89898ea-609d-911b-d62b-693fd4ef5af1,,DALY,DALY,0.0,a,numeric
2011-08-01T23:33:07Z,b89898ea-609d-911b-d62b-693fd4ef5af1,,QOLS,QOLS,1.0,{score},numeric
2012-08-01T23:33:07Z,b89898ea-609d-911b-d62b-693fd4ef5af1,,QOLS,QOLS,1.0,{score},numeric
2013-08-01T23:33:07Z,b89898ea-609d-911b-d62b-693fd4ef5af1,,QOLS,QOLS,1.0,{score},numeric
2014-08-01T23:33:07Z,b89898ea-609d-911b-d62b-693fd4ef5af1,,QOLS,QOLS,1.0,{score},numeric
2015-08-01T23:33:07Z,b89898ea-609d-911b-d62b-693fd4ef5af1,,QOLS,QOLS,1.0,{score},numeric
2016-08-01T23:33:07Z,b89898ea-609d-911b-d62b-693fd4ef5af1,,QOLS,QOLS,1.0,{score},numeric
2017-08-01T23:33:07Z,b89898ea-609d-911b-d62b-693fd4ef5af1,,QOLS,QOLS,1.0,{score},numeric
2018-08-01T23:33:07Z,b89898ea-609d-911b-d62b-693fd4ef5af1,,QOLS,QOLS,1.0,{score},numeric
2019-08-01T23:33:07Z,b89898ea-609d-911b-d62b-693fd4ef5af1,,QOLS,QOLS,1.0,{score},numeric
2020-08-01T23:33:07Z,b89898ea-609d-911b-d62b-693fd4ef5af1,,QOLS,QOLS,1.0,{score},numeric
2011-03-08T10:05:09Z,60ff6b03-485f-f626-2c21-f8cd3eb0fbd0,,QALY,QALY,21.0,a,numeric
2011-11-14T07:27:03Z,7753df12-e612-f099-4b01-8bed528b5d4f,,QALY,QALY,36.0,a,numeric
2012-03-08T10:05:09Z,60ff6b03-485f-f626-2c21-f8cd3eb0fbd0,,QALY,QALY,22.0,a,numeric
2012-11-14T07:27:03Z,7753df12-e612-f099-4b01-8bed528b5d4f,,QALY,QALY,37.0,a,numeric
2013-03-08T10:05:09Z,60ff6b03-485f-f626-2c21-f8cd3eb0fbd0,,QALY,QALY,23.0,a,numeric
2013-11-14T07:27:03Z,7753df12-e612-f099-4b01-8bed528b5d4f,,QALY,QALY,38.0,a,numeric
2014-03-08T10:05:09Z,60ff6b03-485f-f626-2c21-f8cd3eb0fbd0,,QALY,QALY,24.0,a,numeric
2014-11-14T07:27:03Z,7753df12-e612-f099-4b01-8bed528b5d4f,,QALY,QALY,39.0,a,numeric
2015-03-08T09:05:09Z,60ff6b03-485f-f626-2c21-f8cd3eb0fbd0,,QALY,QALY,25.0,a,numeric
2015-11-14T07:27:03Z,7753df12-e612-f099-4b01-8bed528b5d4f,,QALY,QALY,40.0,a,numeric
2016-03-08T10:05:09Z,60ff6b03-485f-f626-2c21-f8cd3eb0fbd0,,QALY,QALY,26.0,a,numeric
2016-11-14T07:27:03Z,7753df12-e612-f099-4b01-8bed528b5d4f,,QALY,QALY,41.0,a,numeric
2017-03-08T10:05:09Z,60ff6b03-485f-f626-2c21-f8cd3eb0fbd0,,QALY,QALY,27.0,a,numeric
2017-11-14T07:27:03Z,7753df12-e612-f099-4b01-8bed528b5d4f,,QALY,QALY,42.0,a,numeric
2018-03-08T10:05:09Z,60ff6b03-485f-f626-2c21-f8cd3eb0fbd0,,QALY,QALY,28.0,a,numeric
2018-11-14T07:27:03Z,7753df12-e612-f099-4b01-8bed528b5d4f,,QALY,QALY,43.0,a,numeric
2019-03-08T10:05:09Z,60ff6b03-485f-f626-2c21-f8cd3eb0fbd0,,QALY,QALY,29.0,a,numeric
2019-11-14T07:27:03Z,7753df12-e612-f099-4b01-8bed528b5d4f,,QALY,QALY,44.0,a,numeric
2020-03-08T09:05:09Z,60ff6b03-485f-f626-2c21-f8cd3eb0fbd0,,QALY,QALY,30.0,a,numeric
2020-11-14T07:27:03Z,7753df12-e612-f099-4b01-8bed528b5d4f,,QALY,QALY,45.0,a,numeric
2011-01-10T11:30:43Z,231a6b03-e488-aca9-fdd6-6c193c87fe50,,QALY,QALY,33.0,a,numeric
2012-01-10T11:30:43Z,231a6b03-e488-aca9-fdd6-6c193c87fe50,,QALY,QALY,34.0,a,numeric
2013-01-10T11:30:43Z,231a6b03-e488-aca9-fdd6-6c193c87fe50,,QALY,QALY,35.0,a,numeric
2014-01-10T11:30:43Z,231a6b03-e488-aca9-fdd6-6c193c87fe50,,QALY,QALY,36.0,a,numeric
2011-03-08T10:05:09Z,60ff6b03-485f-f626-2c21-f8cd3eb0fbd0,,DALY,DALY,0.0,a,numeric
2011-01-30T17:02:58Z,d729b76d-a0e4-4751-b368-2f2c1299c412,,QALY,QALY,42.0,a,numeric
2015-01-10T11:30:43Z,231a6b03-e488-aca9-fdd6-6c193c87fe50,,QALY,QALY,37.0,a,numeric
2012-01-30T17:02:58Z,d729b76d-a0e4-4751-b368-2f2c1299c412,,QALY,QALY,43.0,a,numeric
2011-03-27T09:25:03Z,a6b0b85c-82ee-38da-38b2-878c20f7dfb0,,QALY,QALY,44.0,a,numeric
2012-03-08T10:05:09Z,60ff6b03-485f-f626-2c21-f8cd3eb0fbd0,,DALY,DALY,0.0,a,numeric
2013-01-30T17:02:58Z,d729b76d-a0e4-4751-b368-2f2c1299c412,,QALY,QALY,44.0,a,numeric
2012-03-27T09:25:03Z,a6b0b85c-82ee-38da-38b2-878c20f7dfb0,,QALY,QALY,45.0,a,numeric
2013-03-08T10:05:09Z,60ff6b03-485f-f626-2c21-f8cd3eb0fbd0,,DALY,DALY,0.0,a,numeric
2011-11-14T07:27:03Z,7753df12-e612-f099-4b01-8bed528b5d4f,,DALY,DALY,0.0,a,numeric
2014-01-30T17:02:58Z,d729b76d-a0e4-4751-b368-2f2c1299c412,,QALY,QALY,45.0,a,numeric
2013-03-27T09:25:03Z,a6b0b85c-82ee-38da-38b2-878c20f7dfb0,,QALY,QALY,46.0,a,numeric
2014-03-08T10:05:09Z,60ff6b03-485f-f626-2c21-f8cd3eb0fbd0,,DALY,DALY,0.0,a,numeric
2012-11-14T07:27:03Z,7753df12-e612-f099-4b01-8bed528b5d4f,,DALY,DALY,0.0,a,numeric
2015-01-30T17:02:58Z,d729b76d-a0e4-4751-b368-2f2c1299c412,,QALY,QALY,46.0,a,numeric
2014-03-27T09:25:03Z,a6b0b85c-82ee-38da-38b2-878c20f7dfb0,,QALY,QALY,47.0,a,numeric
2015-03-08T09:05:09Z,60ff6b03-485f-f626-2c21-f8cd3eb0fbd0,,DALY,DALY,0.0,a,numeric
2013-11-14T07:27:03Z,7753df12-e612-f099-4b01-8bed528b5d4f,,DALY,DALY,0.0,a,numeric
2016-01-10T11:30:43Z,231a6b03-e488-aca9-fdd6-6c193c87fe50,,QALY,QALY,38.0,a,numeric
2015-03-27T09:25:03Z,a6b0b85c-82ee-38da-38b2-878c20f7dfb0,,QALY,QALY,48.0,a,numeric
2017-01-10T11:30:43Z,231a6b03-e488-aca9-fdd6-6c193c87fe50,,QALY,QALY,39.0,a,numeric
2016-03-27T09:25:03Z,a6b0b85c-82ee-38da-38b2-878c20f7dfb0,,QALY,QALY,49.0,a,numeric
2018-01-10T11:30:43Z,231a6b03-e488-aca9-fdd6-6c193c87fe50,,QALY,QALY,40.0,a,numeric
2017-03-27T09:25:03Z,a6b0b85c-82ee-38da-38b2-878c20f7dfb0,,QALY,QALY,50.0,a,numeric
2014-11-14T07:27:03Z,7753df12-e612-f099-4b01-8bed528b5d4f,,DALY,DALY,0.0,a,numeric
2018-03-27T09:25:03Z,a6b0b85c-82ee-38da-38b2-878c20f7dfb0,,QALY,QALY,51.0,a,numeric
2015-11-14T07:27:03Z,7753df12-e612-f099-4b01-8bed528b5d4f,,DALY,DALY,0.0,a,numeric
2019-03-27T09:25:03Z,a6b0b85c-82ee-38da-38b2-878c20f7dfb0,,QALY,QALY,52.0,a,numeric
2016-11-14T07:27:03Z,7753df12-e612-f099-4b01-8bed528b5d4f,,DALY,DALY,0.0,a,numeric
2020-03-27T09:25:03Z,a6b0b85c-82ee-38da-38b2-878c20f7dfb0,,QALY,QALY,53.0,a,numeric
2016-03-08T10:05:09Z,60ff6b03-485f-f626-2c21-f8cd3eb0fbd0,,DALY,DALY,0.0,a,numeric
2016-01-30T17:02:58Z,d729b76d-a0e4-4751-b368-2f2c1299c412,,QALY,QALY,47.0,a,numeric
2017-03-08T10:05:09Z,60ff6b03-485f-f626-2c21-f8cd3eb0fbd0,,DALY,DALY,0.0,a,numeric
2017-01-30T17:02:58Z,d729b76d-a0e4-4751-b368-2f2c1299c412,,QALY,QALY,48.0,a,numeric
2018-03-08T10:05:09Z,60ff6b03-485f-f626-2c21-f8cd3eb0fbd0,,DALY,DALY,0.0,a,numeric
2018-01-30T17:02:58Z,d729b76d-a0e4-4751-b368-2f2c1299c412,,QALY,QALY,49.0,a,numeric
2019-03-08T10:05:09Z,60ff6b03-485f-f626-2c21-f8cd3eb0fbd0,,DALY,DALY,0.0,a,numeric
2019-01-30T17:02:58Z,d729b76d-a0e4-4751-b368-2f2c1299c412,,QALY,QALY,50.0,a,numeric
2020-03-08T09:05:09Z,60ff6b03-485f-f626-2c21-f8cd3eb0fbd0,,DALY,DALY,0.0,a,numeric
2020-01-30T17:02:58Z,d729b76d-a0e4-4751-b368-2f2c1299c412,,QALY,QALY,51.0,a,numeric
2021-01-30T17:02:58Z,d729b76d-a0e4-4751-b368-2f2c1299c412,,QALY,QALY,52.0,a,numeric
2011-03-27T09:25:03Z,a6b0b85c-82ee-38da-38b2-878c20f7dfb0,,DALY,DALY,0.0,a,numeric
2011-03-08T10:05:09Z,60ff6b03-485f-f626-2c21-f8cd3eb0fbd0,,QOLS,QOLS,1.0,{score},numeric
2012-03-27T09:25:03Z,a6b0b85c-82ee-38da-38b2-878c20f7dfb0,,DALY,DALY,0.0,a,numeric
2017-11-14T07:27:03Z,7753df12-e612-f099-4b01-8bed528b5d4f,,DALY,DALY,0.0,a,numeric
2013-03-27T09:25:03Z,a6b0b85c-82ee-38da-38b2-878c20f7dfb0,,DALY,DALY,0.0,a,numeric
2018-11-14T07:27:03Z,7753df12-e612-f099-4b01-8bed528b5d4f,,DALY,DALY,0.0,a,numeric
2014-03-27T09:25:03Z,a6b0b85c-82ee-38da-38b2-878c20f7dfb0,,DALY,DALY,0.0,a,numeric
2019-11-14T07:27:03Z,7753df12-e612-f099-4b01-8bed528b5d4f,,DALY,DALY,0.0,a,numeric
2015-03-27T09:25:03Z,a6b0b85c-82ee-38da-38b2-878c20f7dfb0,,DALY,DALY,0.0,a,numeric
2020-11-14T07:27:03Z,7753df12-e612-f099-4b01-8bed528b5d4f,,DALY,DALY,0.0,a,numeric
2016-03-27T09:25:03Z,a6b0b85c-82ee-38da-38b2-878c20f7dfb0,,DALY,DALY,0.0,a,numeric
2011-01-30T17:02:58Z,d729b76d-a0e4-4751-b368-2f2c1299c412,,DALY,DALY,0.0,a,numeric
2017-03-27T09:25:03Z,a6b0b85c-82ee-38da-38b2-878c20f7dfb0,,DALY,DALY,0.0,a,numeric
2018-03-27T09:25:03Z,a6b0b85c-82ee-38da-38b2-878c20f7dfb0,,DALY,DALY,0.0,a,numeric
2019-01-10T11:30:43Z,231a6b03-e488-aca9-fdd6-6c193c87fe50,,QALY,QALY,41.0,a,numeric
2020-01-10T11:30:43Z,231a6b03-e488-aca9-fdd6-6c193c87fe50,,QALY,QALY,42.0,a,numeric
2021-01-10T11:30:43Z,231a6b03-e488-aca9-fdd6-6c193c87fe50,,QALY,QALY,43.0,a,numeric
2011-11-14T07:27:03Z,7753df12-e612-f099-4b01-8bed528b5d4f,,QOLS,QOLS,1.0,{score},numeric
2012-01-30T17:02:58Z,d729b76d-a0e4-4751-b368-2f2c1299c412,,DALY,DALY,0.0,a,numeric
2012-03-08T10:05:09Z,60ff6b03-485f-f626-2c21-f8cd3eb0fbd0,,QOLS,QOLS,1.0,{score},numeric
2013-01-30T17:02:58Z,d729b76d-a0e4-4751-b368-2f2c1299c412,,DALY,DALY,0.0,a,numeric
2013-03-08T10:05:09Z,60ff6b03-485f-f626-2c21-f8cd3eb0fbd0,,QOLS,QOLS,1.0,{score},numeric
2014-01-30T17:02:58Z,d729b76d-a0e4-4751-b368-2f2c1299c412,,DALY,DALY,0.0,a,numeric
2014-03-08T10:05:09Z,60ff6b03-485f-f626-2c21-f8cd3eb0fbd0,,QOLS,QOLS,1.0,{score},numeric
2015-01-30T17:02:58Z,d729b76d-a0e4-4751-b368-2f2c1299c412,,DALY,DALY,0.0,a,numeric
2015-03-08T09:05:09Z,60ff6b03-485f-f626-2c21-f8cd3eb0fbd0,,QOLS,QOLS,1.0,{score},numeric
2011-01-10T11:30:43Z,231a6b03-e488-aca9-fdd6-6c193c87fe50,,DALY,DALY,0.0,a,numeric
2016-01-30T17:02:58Z,d729b76d-a0e4-4751-b368-2f2c1299c412,,DALY,DALY,0.0,a,numeric
2016-03-08T10:05:09Z,60ff6b03-485f-f626-2c21-f8cd3eb0fbd0,,QOLS,QOLS,1.0,{score},numeric
2012-01-10T11:30:43Z,231a6b03-e488-aca9-fdd6-6c193c87fe50,,DALY,DALY,0.0,a,numeric
2017-01-30T17:02:58Z,d729b76d-a0e4-4751-b368-2f2c1299c412,,DALY,DALY,0.0,a,numeric
2017-03-08T10:05:09Z,60ff6b03-485f-f626-2c21-f8cd3eb0fbd0,,QOLS,QOLS,1.0,{score},numeric
2013-01-10T11:30:43Z,231a6b03-e488-aca9-fdd6-6c193c87fe50,,DALY,DALY,0.0,a,numeric
2018-03-08T10:05:09Z,60ff6b03-485f-f626-2c21-f8cd3eb0fbd0,,QOLS,QOLS,1.0,{score},numeric
2019-03-27T09:25:03Z,a6b0b85c-82ee-38da-38b2-878c20f7dfb0,,DALY,DALY,0.0,a,numeric
2014-01-10T11:30:43Z,231a6b03-e488-aca9-fdd6-6c193c87fe50,,DALY,DALY,0.0,a,numeric
2018-01-30T17:02:58Z,d729b76d-a0e4-4751-b368-2f2c1299c412,,DALY,DALY,0.0,a,numeric
2020-03-27T09:25:03Z,a6b0b85c-82ee-38da-38b2-878c20f7dfb0,,DALY,DALY,0.0,a,numeric
2015-01-10T11:30:43Z,231a6b03-e488-aca9-fdd6-6c193c87fe50,,DALY,DALY,0.0,a,numeric
2016-01-10T11:30:43Z,231a6b03-e488-aca9-fdd6-6c193c87fe50,,DALY,DALY,0.0,a,numeric
2017-01-10T11:30:43Z,231a6b03-e488-aca9-fdd6-6c193c87fe50,,DALY,DALY,0.0,a,numeric
2012-11-14T07:27:03Z,7753df12-e612-f099-4b01-8bed528b5d4f,,QOLS,QOLS,1.0,{score},numeric
2018-01-10T11:30:43Z,231a6b03-e488-aca9-fdd6-6c193c87fe50,,DALY,DALY,0.0,a,numeric
2013-11-14T07:27:03Z,7753df12-e612-f099-4b01-8bed528b5d4f,,QOLS,QOLS,1.0,{score},numeric
2019-01-10T11:30:43Z,231a6b03-e488-aca9-fdd6-6c193c87fe50,,DALY,DALY,0.0,a,numeric
2020-01-10T11:30:43Z,231a6b03-e488-aca9-fdd6-6c193c87fe50,,DALY,DALY,0.0,a,numeric
2019-01-30T17:02:58Z,d729b76d-a0e4-4751-b368-2f2c1299c412,,DALY,DALY,0.0,a,numeric
2021-01-10T11:30:43Z,231a6b03-e488-aca9-fdd6-6c193c87fe50,,DALY,DALY,0.0,a,numeric
2020-01-30T17:02:58Z,d729b76d-a0e4-4751-b368-2f2c1299c412,,DALY,DALY,0.0,a,numeric
2021-01-30T17:02:58Z,d729b76d-a0e4-4751-b368-2f2c1299c412,,DALY,DALY,0.0,a,numeric
2019-03-08T10:05:09Z,60ff6b03-485f-f626-2c21-f8cd3eb0fbd0,,QOLS,QOLS,1.0,{score},numeric
2020-03-08T09:05:09Z,60ff6b03-485f-f626-2c21-f8cd3eb0fbd0,,QOLS,QOLS,1.0,{score},numeric
2011-03-27T09:25:03Z,a6b0b85c-82ee-38da-38b2-878c20f7dfb0,,QOLS,QOLS,1.0,{score},numeric
2012-03-27T09:25:03Z,a6b0b85c-82ee-38da-38b2-878c20f7dfb0,,QOLS,QOLS,1.0,{score},numeric
2013-03-27T09:25:03Z,a6b0b85c-82ee-38da-38b2-878c20f7dfb0,,QOLS,QOLS,1.0,{score},numeric
2014-11-14T07:27:03Z,7753df12-e612-f099-4b01-8bed528b5d4f,,QOLS,QOLS,1.0,{score},numeric
2014-03-27T09:25:03Z,a6b0b85c-82ee-38da-38b2-878c20f7dfb0,,QOLS,QOLS,1.0,{score},numeric
2015-11-14T07:27:03Z,7753df12-e612-f099-4b01-8bed528b5d4f,,QOLS,QOLS,1.0,{score},numeric
2015-03-27T09:25:03Z,a6b0b85c-82ee-38da-38b2-878c20f7dfb0,,QOLS,QOLS,1.0,{score},numeric
2016-11-14T07:27:03Z,7753df12-e612-f099-4b01-8bed528b5d4f,,QOLS,QOLS,1.0,{score},numeric
2011-01-10T11:30:43Z,231a6b03-e488-aca9-fdd6-6c193c87fe50,,QOLS,QOLS,1.0,{score},numeric
2016-03-27T09:25:03Z,a6b0b85c-82ee-38da-38b2-878c20f7dfb0,,QOLS,QOLS,1.0,{score},numeric
2017-11-14T07:27:03Z,7753df12-e612-f099-4b01-8bed528b5d4f,,QOLS,QOLS,1.0,{score},numeric
2012-01-10T11:30:43Z,231a6b03-e488-aca9-fdd6-6c193c87fe50,,QOLS,QOLS,1.0,{score},numeric
2017-03-27T09:25:03Z,a6b0b85c-82ee-38da-38b2-878c20f7dfb0,,QOLS,QOLS,1.0,{score},numeric
2018-11-14T07:27:03Z,7753df12-e612-f099-4b01-8bed528b5d4f,,QOLS,QOLS,1.0,{score},numeric
2013-01-10T11:30:43Z,231a6b03-e488-aca9-fdd6-6c193c87fe50,,QOLS,QOLS,1.0,{score},numeric
2018-03-27T09:25:03Z,a6b0b85c-82ee-38da-38b2-878c20f7dfb0,,QOLS,QOLS,1.0,{score},numeric
2011-01-30T17:02:58Z,d729b76d-a0e4-4751-b368-2f2c1299c412,,QOLS,QOLS,1.0,{score},numeric
2014-01-10T11:30:43Z,231a6b03-e488-aca9-fdd6-6c193c87fe50,,QOLS,QOLS,1.0,{score},numeric
2012-01-30T17:02:58Z,d729b76d-a0e4-4751-b368-2f2c1299c412,,QOLS,QOLS,1.0,{score},numeric
2013-01-30T17:02:58Z,d729b76d-a0e4-4751-b368-2f2c1299c412,,QOLS,QOLS,1.0,{score},numeric
2014-01-30T17:02:58Z,d729b76d-a0e4-4751-b368-2f2c1299c412,,QOLS,QOLS,1.0,{score},numeric
2015-01-30T17:02:58Z,d729b76d-a0e4-4751-b368-2f2c1299c412,,QOLS,QOLS,1.0,{score},numeric
2016-01-30T17:02:58Z,d729b76d-a0e4-4751-b368-2f2c1299c412,,QOLS,QOLS,1.0,{score},numeric
2019-11-14T07:27:03Z,7753df12-e612-f099-4b01-8bed528b5d4f,,QOLS,QOLS,1.0,{score},numeric
2020-11-14T07:27:03Z,7753df12-e612-f099-4b01-8bed528b5d4f,,QOLS,QOLS,1.0,{score},numeric
2017-01-30T17:02:58Z,d729b76d-a0e4-4751-b368-2f2c1299c412,,QOLS,QOLS,1.0,{score},numeric
2018-01-30T17:02:58Z,d729b76d-a0e4-4751-b368-2f2c1299c412,,QOLS,QOLS,1.0,{score},numeric
2019-01-30T17:02:58Z,d729b76d-a0e4-4751-b368-2f2c1299c412,,QOLS,QOLS,1.0,{score},numeric
2020-01-30T17:02:58Z,d729b76d-a0e4-4751-b368-2f2c1299c412,,QOLS,QOLS,1.0,{score},numeric
2021-01-30T17:02:58Z,d729b76d-a0e4-4751-b368-2f2c1299c412,,QOLS,QOLS,1.0,{score},numeric
2015-01-10T11:30:43Z,231a6b03-e488-aca9-fdd6-6c193c87fe50,,QOLS,QOLS,1.0,{score},numeric
2016-01-10T11:30:43Z,231a6b03-e488-aca9-fdd6-6c193c87fe50,,QOLS,QOLS,1.0,{score},numeric
2017-01-10T11:30:43Z,231a6b03-e488-aca9-fdd6-6c193c87fe50,,QOLS,QOLS,1.0,{score},numeric
2019-03-27T09:25:03Z,a6b0b85c-82ee-38da-38b2-878c20f7dfb0,,QOLS,QOLS,1.0,{score},numeric
2018-01-10T11:30:43Z,231a6b03-e488-aca9-fdd6-6c193c87fe50,,QOLS,QOLS,1.0,{score},numeric
2020-03-27T09:25:03Z,a6b0b85c-82ee-38da-38b2-878c20f7dfb0,,QOLS,QOLS,1.0,{score},numeric
2019-01-10T11:30:43Z,231a6b03-e488-aca9-fdd6-6c193c87fe50,,QOLS,QOLS,1.0,{score},numeric
2011-08-19T14:38:15Z,1bda6ddc-da2e-fd24-5bba-7cb7e55ad5f5,,QALY,QALY,44.0,a,numeric
2020-01-10T11:30:43Z,231a6b03-e488-aca9-fdd6-6c193c87fe50,,QOLS,QOLS,1.0,{score},numeric
2012-08-19T14:38:15Z,1bda6ddc-da2e-fd24-5bba-7cb7e55ad5f5,,QALY,QALY,45.0,a,numeric
2021-01-10T11:30:43Z,231a6b03-e488-aca9-fdd6-6c193c87fe50,,QOLS,QOLS,1.0,{score},numeric
2013-08-19T14:38:15Z,1bda6ddc-da2e-fd24-5bba-7cb7e55ad5f5,,QALY,QALY,46.0,a,numeric
2014-08-19T14:38:15Z,1bda6ddc-da2e-fd24-5bba-7cb7e55ad5f5,,QALY,QALY,47.0,a,numeric
2015-08-19T14:38:15Z,1bda6ddc-da2e-fd24-5bba-7cb7e55ad5f5,,QALY,QALY,48.0,a,numeric
2016-08-19T14:38:15Z,1bda6ddc-da2e-fd24-5bba-7cb7e55ad5f5,,QALY,QALY,49.0,a,numeric
2017-08-19T14:38:15Z,1bda6ddc-da2e-fd24-5bba-7cb7e55ad5f5,,QALY,QALY,50.0,a,numeric
2018-08-19T14:38:15Z,1bda6ddc-da2e-fd24-5bba-7cb7e55ad5f5,,QALY,QALY,51.0,a,numeric
2019-08-19T14:38:15Z,1bda6ddc-da2e-fd24-5bba-7cb7e55ad5f5,,QALY,QALY,52.0,a,numeric
2020-08-19T14:38:15Z,1bda6ddc-da2e-fd24-5bba-7cb7e55ad5f5,,QALY,QALY,53.0,a,numeric
2011-08-19T14:38:15Z,1bda6ddc-da2e-fd24-5bba-7cb7e55ad5f5,,DALY,DALY,0.0,a,numeric
2012-08-19T14:38:15Z,1bda6ddc-da2e-fd24-5bba-7cb7e55ad5f5,,DALY,DALY,0.0,a,numeric
2013-08-19T14:38:15Z,1bda6ddc-da2e-fd24-5bba-7cb7e55ad5f5,,DALY,DALY,0.0,a,numeric
2014-08-19T14:38:15Z,1bda6ddc-da2e-fd24-5bba-7cb7e55ad5f5,,DALY,DALY,0.0,a,numeric
2015-08-19T14:38:15Z,1bda6ddc-da2e-fd24-5bba-7cb7e55ad5f5,,DALY,DALY,0.0,a,numeric
2016-08-19T14:38:15Z,1bda6ddc-da2e-fd24-5bba-7cb7e55ad5f5,,DALY,DALY,0.0,a,numeric
2017-08-19T14:38:15Z,1bda6ddc-da2e-fd24-5bba-7cb7e55ad5f5,,DALY,DALY,0.0,a,numeric
2018-08-19T14:38:15Z,1bda6ddc-da2e-fd24-5bba-7cb7e55ad5f5,,DALY,DALY,0.0,a,numeric
2019-08-19T14:38:15Z,1bda6ddc-da2e-fd24-5bba-7cb7e55ad5f5,,DALY,DALY,0.0,a,numeric
2020-08-19T14:38:15Z,1bda6ddc-da2e-fd24-5bba-7cb7e55ad5f5,,DALY,DALY,0.0,a,numeric
2011-08-19T14:38:15Z,1bda6ddc-da2e-fd24-5bba-7cb7e55ad5f5,,QOLS,QOLS,1.0,{score},numeric
2012-08-19T14:38:15Z,1bda6ddc-da2e-fd24-5bba-7cb7e55ad5f5,,QOLS,QOLS,1.0,{score},numeric
2013-08-19T14:38:15Z,1bda6ddc-da2e-fd24-5bba-7cb7e55ad5f5,,QOLS,QOLS,1.0,{score},numeric
2014-08-19T14:38:15Z,1bda6ddc-da2e-fd24-5bba-7cb7e55ad5f5,,QOLS,QOLS,1.0,{score},numeric
2015-08-19T14:38:15Z,1bda6ddc-da2e-fd24-5bba-7cb7e55ad5f5,,QOLS,QOLS,1.0,{score},numeric
2016-08-19T14:38:15Z,1bda6ddc-da2e-fd24-5bba-7cb7e55ad5f5,,QOLS,QOLS,1.0,{score},numeric
2017-08-19T14:38:15Z,1bda6ddc-da2e-fd24-5bba-7cb7e55ad5f5,,QOLS,QOLS,1.0,{score},numeric
2018-08-19T14:38:15Z,1bda6ddc-da2e-fd24-5bba-7cb7e55ad5f5,,QOLS,QOLS,1.0,{score},numeric
2019-08-19T14:38:15Z,1bda6ddc-da2e-fd24-5bba-7cb7e55ad5f5,,QOLS,QOLS,1.0,{score},numeric
2020-08-19T14:38:15Z,1bda6ddc-da2e-fd24-5bba-7cb7e55ad5f5,,QOLS,QOLS,1.0,{score},numeric
2011-09-14T11:09:35Z,24db91f3-6907-1a29-3b90-5d0d7373771c,,QALY,QALY,49.0,a,numeric
2012-09-14T11:09:35Z,24db91f3-6907-1a29-3b90-5d0d7373771c,,QALY,QALY,50.0,a,numeric
2013-09-14T11:09:35Z,24db91f3-6907-1a29-3b90-5d0d7373771c,,QALY,QALY,51.0,a,numeric
2014-09-14T11:09:35Z,24db91f3-6907-1a29-3b90-5d0d7373771c,,QALY,QALY,52.0,a,numeric
2015-09-14T11:09:35Z,24db91f3-6907-1a29-3b90-5d0d7373771c,,QALY,QALY,53.0,a,numeric
2016-09-14T11:09:35Z,24db91f3-6907-1a29-3b90-5d0d7373771c,,QALY,QALY,54.0,a,numeric
2017-09-14T11:09:35Z,24db91f3-6907-1a29-3b90-5d0d7373771c,,QALY,QALY,55.0,a,numeric
2018-09-14T11:09:35Z,24db91f3-6907-1a29-3b90-5d0d7373771c,,QALY,QALY,56.0,a,numeric
2019-09-14T11:09:35Z,24db91f3-6907-1a29-3b90-5d0d7373771c,,QALY,QALY,57.0,a,numeric
2020-09-14T11:09:35Z,24db91f3-6907-1a29-3b90-5d0d7373771c,,QALY,QALY,58.0,a,numeric
2011-09-14T11:09:35Z,24db91f3-6907-1a29-3b90-5d0d7373771c,,DALY,DALY,0.0,a,numeric
2012-09-14T11:09:35Z,24db91f3-6907-1a29-3b90-5d0d7373771c,,DALY,DALY,0.0,a,numeric
2013-09-14T11:09:35Z,24db91f3-6907-1a29-3b90-5d0d7373771c,,DALY,DALY,0.0,a,numeric
2014-09-14T11:09:35Z,24db91f3-6907-1a29-3b90-5d0d7373771c,,DALY,DALY,0.0,a,numeric
2015-09-14T11:09:35Z,24db91f3-6907-1a29-3b90-5d0d7373771c,,DALY,DALY,0.0,a,numeric
2016-09-14T11:09:35Z,24db91f3-6907-1a29-3b90-5d0d7373771c,,DALY,DALY,0.0,a,numeric
2017-09-14T11:09:35Z,24db91f3-6907-1a29-3b90-5d0d7373771c,,DALY,DALY,0.0,a,numeric
2018-09-14T11:09:35Z,24db91f3-6907-1a29-3b90-5d0d7373771c,,DALY,DALY,0.0,a,numeric
2019-09-14T11:09:35Z,24db91f3-6907-1a29-3b90-5d0d7373771c,,DALY,DALY,0.0,a,numeric
2020-09-14T11:09:35Z,24db91f3-6907-1a29-3b90-5d0d7373771c,,DALY,DALY,0.0,a,numeric
2011-09-14T11:09:35Z,24db91f3-6907-1a29-3b90-5d0d7373771c,,QOLS,QOLS,1.0,{score},numeric
2012-09-14T11:09:35Z,24db91f3-6907-1a29-3b90-5d0d7373771c,,QOLS,QOLS,1.0,{score},numeric
2013-09-14T11:09:35Z,24db91f3-6907-1a29-3b90-5d0d7373771c,,QOLS,QOLS,1.0,{score},numeric
2014-09-14T11:09:35Z,24db91f3-6907-1a29-3b90-5d0d7373771c,,QOLS,QOLS,1.0,{score},numeric
2015-09-14T11:09:35Z,24db91f3-6907-1a29-3b90-5d0d7373771c,,QOLS,QOLS,1.0,{score},numeric
2016-09-14T11:09:35Z,24db91f3-6907-1a29-3b90-5d0d7373771c,,QOLS,QOLS,1.0,{score},numeric
2017-09-14T11:09:35Z,24db91f3-6907-1a29-3b90-5d0d7373771c,,QOLS,QOLS,1.0,{score},numeric
2018-09-14T11:09:35Z,24db91f3-6907-1a29-3b90-5d0d7373771c,,QOLS,QOLS,1.0,{score},numeric
2019-09-14T11:09:35Z,24db91f3-6907-1a29-3b90-5d0d7373771c,,QOLS,QOLS,1.0,{score},numeric
2020-09-14T11:09:35Z,24db91f3-6907-1a29-3b90-5d0d7373771c,,QOLS,QOLS,1.0,{score},numeric
2011-10-24T14:36:42Z,46c3fcf1-1157-1db0-2853-fab8eba71d86,,QALY,QALY,18.0,a,numeric
2012-10-24T14:36:42Z,46c3fcf1-1157-1db0-2853-fab8eba71d86,,QALY,QALY,19.0,a,numeric
2013-10-24T14:36:42Z,46c3fcf1-1157-1db0-2853-fab8eba71d86,,QALY,QALY,20.0,a,numeric
2014-10-24T14:36:42Z,46c3fcf1-1157-1db0-2853-fab8eba71d86,,QALY,QALY,21.0,a,numeric
2015-10-24T14:36:42Z,46c3fcf1-1157-1db0-2853-fab8eba71d86,,QALY,QALY,22.0,a,numeric
2016-10-24T14:36:42Z,46c3fcf1-1157-1db0-2853-fab8eba71d86,,QALY,QALY,23.0,a,numeric
2017-10-24T14:36:42Z,46c3fcf1-1157-1db0-2853-fab8eba71d86,,QALY,QALY,24.0,a,numeric
2018-10-24T14:36:42Z,46c3fcf1-1157-1db0-2853-fab8eba71d86,,QALY,QALY,25.0,a,numeric
2019-10-24T14:36:42Z,46c3fcf1-1157-1db0-2853-fab8eba71d86,,QALY,QALY,26.0,a,numeric
2020-10-24T14:36:42Z,46c3fcf1-1157-1db0-2853-fab8eba71d86,,QALY,QALY,27.0,a,numeric
2011-10-24T14:36:42Z,46c3fcf1-1157-1db0-2853-fab8eba71d86,,DALY,DALY,0.0,a,numeric
2012-10-24T14:36:42Z,46c3fcf1-1157-1db0-2853-fab8eba71d86,,DALY,DALY,0.0,a,numeric
2013-10-24T14:36:42Z,46c3fcf1-1157-1db0-2853-fab8eba71d86,,DALY,DALY,0.0,a,numeric
2014-10-24T14:36:42Z,46c3fcf1-1157-1db0-2853-fab8eba71d86,,DALY,DALY,0.0,a,numeric
2015-10-24T14:36:42Z,46c3fcf1-1157-1db0-2853-fab8eba71d86,,DALY,DALY,0.0,a,numeric
2016-10-24T14:36:42Z,46c3fcf1-1157-1db0-2853-fab8eba71d86,,DALY,DALY,0.0,a,numeric
2017-10-24T14:36:42Z,46c3fcf1-1157-1db0-2853-fab8eba71d86,,DALY,DALY,0.0,a,numeric
2018-10-24T14:36:42Z,46c3fcf1-1157-1db0-2853-fab8eba71d86,,DALY,DALY,0.0,a,numeric
2019-10-24T14:36:42Z,46c3fcf1-1157-1db0-2853-fab8eba71d86,,DALY,DALY,0.0,a,numeric
2020-10-24T14:36:42Z,46c3fcf1-1157-1db0-2853-fab8eba71d86,,DALY,DALY,0.0,a,numeric
2011-10-24T14:36:42Z,46c3fcf1-1157-1db0-2853-fab8eba71d86,,QOLS,QOLS,1.0,{score},numeric
2012-10-24T14:36:42Z,46c3fcf1-1157-1db0-2853-fab8eba71d86,,QOLS,QOLS,1.0,{score},numeric
2013-10-24T14:36:42Z,46c3fcf1-1157-1db0-2853-fab8eba71d86,,QOLS,QOLS,1.0,{score},numeric
2014-10-24T14:36:42Z,46c3fcf1-1157-1db0-2853-fab8eba71d86,,QOLS,QOLS,1.0,{score},numeric
2015-10-24T14:36:42Z,46c3fcf1-1157-1db0-2853-fab8eba71d86,,QOLS,QOLS,1.0,{score},numeric
2016-10-24T14:36:42Z,46c3fcf1-1157-1db0-2853-fab8eba71d86,,QOLS,QOLS,1.0,{score},numeric
2017-10-24T14:36:42Z,46c3fcf1-1157-1db0-2853-fab8eba71d86,,QOLS,QOLS,1.0,{score},numeric
2018-10-24T14:36:42Z,46c3fcf1-1157-1db0-2853-fab8eba71d86,,QOLS,QOLS,1.0,{score},numeric
2019-10-24T14:36:42Z,46c3fcf1-1157-1db0-2853-fab8eba71d86,,QOLS,QOLS,1.0,{score},numeric
2020-10-24T14:36:42Z,46c3fcf1-1157-1db0-2853-fab8eba71d86,,QOLS,QOLS,1.0,{score},numeric
2011-10-05T02:19:42Z,98f55ffd-bd8b-6c43-3ff0-aad6a6ecf4c5,,QALY,QALY,13.0,a,numeric
2012-10-05T02:19:42Z,98f55ffd-bd8b-6c43-3ff0-aad6a6ecf4c5,,QALY,QALY,14.0,a,numeric
2013-10-05T02:19:42Z,98f55ffd-bd8b-6c43-3ff0-aad6a6ecf4c5,,QALY,QALY,15.0,a,numeric
2014-10-05T02:19:42Z,98f55ffd-bd8b-6c43-3ff0-aad6a6ecf4c5,,QALY,QALY,16.0,a,numeric
2015-10-05T02:19:42Z,98f55ffd-bd8b-6c43-3ff0-aad6a6ecf4c5,,QALY,QALY,17.0,a,numeric
2016-10-05T02:19:42Z,98f55ffd-bd8b-6c43-3ff0-aad6a6ecf4c5,,QALY,QALY,18.0,a,numeric
2017-10-05T02:19:42Z,98f55ffd-bd8b-6c43-3ff0-aad6a6ecf4c5,,QALY,QALY,19.0,a,numeric
2018-10-05T02:19:42Z,98f55ffd-bd8b-6c43-3ff0-aad6a6ecf4c5,,QALY,QALY,20.0,a,numeric
2019-10-05T02:19:42Z,98f55ffd-bd8b-6c43-3ff0-aad6a6ecf4c5,,QALY,QALY,21.0,a,numeric
2020-10-05T02:19:42Z,98f55ffd-bd8b-6c43-3ff0-aad6a6ecf4c5,,QALY,QALY,22.0,a,numeric
2011-10-05T02:19:42Z,98f55ffd-bd8b-6c43-3ff0-aad6a6ecf4c5,,DALY,DALY,0.0,a,numeric
2012-10-05T02:19:42Z,98f55ffd-bd8b-6c43-3ff0-aad6a6ecf4c5,,DALY,DALY,0.0,a,numeric
2013-10-05T02:19:42Z,98f55ffd-bd8b-6c43-3ff0-aad6a6ecf4c5,,DALY,DALY,0.0,a,numeric
2014-10-05T02:19:42Z,98f55ffd-bd8b-6c43-3ff0-aad6a6ecf4c5,,DALY,DALY,0.0,a,numeric
2015-10-05T02:19:42Z,98f55ffd-bd8b-6c43-3ff0-aad6a6ecf4c5,,DALY,DALY,0.0,a,numeric
2016-10-05T02:19:42Z,98f55ffd-bd8b-6c43-3ff0-aad6a6ecf4c5,,DALY,DALY,0.0,a,numeric
2017-10-05T02:19:42Z,98f55ffd-bd8b-6c43-3ff0-aad6a6ecf4c5,,DALY,DALY,0.0,a,numeric
2018-10-05T02:19:42Z,98f55ffd-bd8b-6c43-3ff0-aad6a6ecf4c5,,DALY,DALY,0.0,a,numeric
2019-10-05T02:19:42Z,98f55ffd-bd8b-6c43-3ff0-aad6a6ecf4c5,,DALY,DALY,0.0,a,numeric
2020-10-05T02:19:42Z,98f55ffd-bd8b-6c43-3ff0-aad6a6ecf4c5,,DALY,DALY,0.0,a,numeric
2011-10-05T02:19:42Z,98f55ffd-bd8b-6c43-3ff0-aad6a6ecf4c5,,QOLS,QOLS,1.0,{score},numeric
2012-10-05T02:19:42Z,98f55ffd-bd8b-6c43-3ff0-aad6a6ecf4c5,,QOLS,QOLS,1.0,{score},numeric
2013-10-05T02:19:42Z,98f55ffd-bd8b-6c43-3ff0-aad6a6ecf4c5,,QOLS,QOLS,1.0,{score},numeric
2014-10-05T02:19:42Z,98f55ffd-bd8b-6c43-3ff0-aad6a6ecf4c5,,QOLS,QOLS,1.0,{score},numeric
2015-10-05T02:19:42Z,98f55ffd-bd8b-6c43-3ff0-aad6a6ecf4c5,,QOLS,QOLS,1.0,{score},numeric
2016-10-05T02:19:42Z,98f55ffd-bd8b-6c43-3ff0-aad6a6ecf4c5,,QOLS,QOLS,1.0,{score},numeric
2017-10-05T02:19:42Z,98f55ffd-bd8b-6c43-3ff0-aad6a6ecf4c5,,QOLS,QOLS,1.0,{score},numeric
2018-10-05T02:19:42Z,98f55ffd-bd8b-6c43-3ff0-aad6a6ecf4c5,,QOLS,QOLS,1.0,{score},numeric
2019-10-05T02:19:42Z,98f55ffd-bd8b-6c43-3ff0-aad6a6ecf4c5,,QOLS,QOLS,1.0,{score},numeric
2020-10-05T02:19:42Z,98f55ffd-bd8b-6c43-3ff0-aad6a6ecf4c5,,QOLS,QOLS,1.0,{score},numeric
2011-06-25T08:34:59Z,92129d8d-97ac-cf92-e9fb-fe0533c39662,,QALY,QALY,15.0,a,numeric
2012-06-25T08:34:59Z,92129d8d-97ac-cf92-e9fb-fe0533c39662,,QALY,QALY,16.0,a,numeric
2013-06-25T08:34:59Z,92129d8d-97ac-cf92-e9fb-fe0533c39662,,QALY,QALY,17.0,a,numeric
2014-06-25T08:34:59Z,92129d8d-97ac-cf92-e9fb-fe0533c39662,,QALY,QALY,18.0,a,numeric
2015-06-25T08:34:59Z,92129d8d-97ac-cf92-e9fb-fe0533c39662,,QALY,QALY,19.0,a,numeric
2016-06-25T08:34:59Z,92129d8d-97ac-cf92-e9fb-fe0533c39662,,QALY,QALY,20.0,a,numeric
2017-06-25T08:34:59Z,92129d8d-97ac-cf92-e9fb-fe0533c39662,,QALY,QALY,21.0,a,numeric
2018-06-25T08:34:59Z,92129d8d-97ac-cf92-e9fb-fe0533c39662,,QALY,QALY,22.0,a,numeric
2019-06-25T08:34:59Z,92129d8d-97ac-cf92-e9fb-fe0533c39662,,QALY,QALY,23.0,a,numeric
2020-06-25T08:34:59Z,92129d8d-97ac-cf92-e9fb-fe0533c39662,,QALY,QALY,24.0,a,numeric
2011-06-25T08:34:59Z,92129d8d-97ac-cf92-e9fb-fe0533c39662,,DALY,DALY,0.0,a,numeric
2012-06-25T08:34:59Z,92129d8d-97ac-cf92-e9fb-fe0533c39662,,DALY,DALY,0.0,a,numeric
2013-06-25T08:34:59Z,92129d8d-97ac-cf92-e9fb-fe0533c39662,,DALY,DALY,0.0,a,numeric
2014-06-25T08:34:59Z,92129d8d-97ac-cf92-e9fb-fe0533c39662,,DALY,DALY,0.0,a,numeric
2015-06-25T08:34:59Z,92129d8d-97ac-cf92-e9fb-fe0533c39662,,DALY,DALY,0.0,a,numeric
2016-06-25T08:34:59Z,92129d8d-97ac-cf92-e9fb-fe0533c39662,,DALY,DALY,0.0,a,numeric
2017-06-25T08:34:59Z,92129d8d-97ac-cf92-e9fb-fe0533c39662,,DALY,DALY,0.0,a,numeric
2018-06-25T08:34:59Z,92129d8d-97ac-cf92-e9fb-fe0533c39662,,DALY,DALY,0.0,a,numeric
2019-06-25T08:34:59Z,92129d8d-97ac-cf92-e9fb-fe0533c39662,,DALY,DALY,0.0,a,numeric
2020-06-25T08:34:59Z,92129d8d-97ac-cf92-e9fb-fe0533c39662,,DALY,DALY,0.0,a,numeric
2011-06-25T08:34:59Z,92129d8d-97ac-cf92-e9fb-fe0533c39662,,QOLS,QOLS,1.0,{score},numeric
2012-06-25T08:34:59Z,92129d8d-97ac-cf92-e9fb-fe0533c39662,,QOLS,QOLS,1.0,{score},numeric
2013-06-25T08:34:59Z,92129d8d-97ac-cf92-e9fb-fe0533c39662,,QOLS,QOLS,1.0,{score},numeric
2014-06-25T08:34:59Z,92129d8d-97ac-cf92-e9fb-fe0533c39662,,QOLS,QOLS,1.0,{score},numeric
2015-06-25T08:34:59Z,92129d8d-97ac-cf92-e9fb-fe0533c39662,,QOLS,QOLS,1.0,{score},numeric
2016-06-25T08:34:59Z,92129d8d-97ac-cf92-e9fb-fe0533c39662,,QOLS,QOLS,1.0,{score},numeric
2017-06-25T08:34:59Z,92129d8d-97ac-cf92-e9fb-fe0533c39662,,QOLS,QOLS,1.0,{score},numeric
2018-06-25T08:34:59Z,92129d8d-97ac-cf92-e9fb-fe0533c39662,,QOLS,QOLS,1.0,{score},numeric
2019-06-25T08:34:59Z,92129d8d-97ac-cf92-e9fb-fe0533c39662,,QOLS,QOLS,1.0,{score},numeric
2020-06-25T08:34:59Z,92129d8d-97ac-cf92-e9fb-fe0533c39662,,QOLS,QOLS,1.0,{score},numeric
2011-04-12T05:43:34Z,4537ab79-f204-3794-22e2-c6bd3f315947,,QALY,QALY,38.0,a,numeric
2012-04-12T05:43:34Z,4537ab79-f204-3794-22e2-c6bd3f315947,,QALY,QALY,39.0,a,numeric
2013-04-12T05:43:34Z,4537ab79-f204-3794-22e2-c6bd3f315947,,QALY,QALY,40.0,a,numeric
2014-04-12T05:43:34Z,4537ab79-f204-3794-22e2-c6bd3f315947,,QALY,QALY,41.0,a,numeric
2015-04-12T05:43:34Z,4537ab79-f204-3794-22e2-c6bd3f315947,,QALY,QALY,42.0,a,numeric
2016-04-12T05:43:34Z,4537ab79-f204-3794-22e2-c6bd3f315947,,QALY,QALY,43.0,a,numeric
2017-04-12T05:43:34Z,4537ab79-f204-3794-22e2-c6bd3f315947,,QALY,QALY,44.0,a,numeric
2018-04-12T05:43:34Z,4537ab79-f204-3794-22e2-c6bd3f315947,,QALY,QALY,45.0,a,numeric
2019-04-12T05:43:34Z,4537ab79-f204-3794-22e2-c6bd3f315947,,QALY,QALY,46.0,a,numeric
2020-04-12T05:43:34Z,4537ab79-f204-3794-22e2-c6bd3f315947,,QALY,QALY,47.0,a,numeric
2011-04-12T05:43:34Z,4537ab79-f204-3794-22e2-c6bd3f315947,,DALY,DALY,0.0,a,numeric
2012-04-12T05:43:34Z,4537ab79-f204-3794-22e2-c6bd3f315947,,DALY,DALY,0.0,a,numeric
2013-04-12T05:43:34Z,4537ab79-f204-3794-22e2-c6bd3f315947,,DALY,DALY,0.0,a,numeric
2014-04-12T05:43:34Z,4537ab79-f204-3794-22e2-c6bd3f315947,,DALY,DALY,0.0,a,numeric
2015-04-12T05:43:34Z,4537ab79-f204-3794-22e2-c6bd3f315947,,DALY,DALY,0.0,a,numeric
2016-04-12T05:43:34Z,4537ab79-f204-3794-22e2-c6bd3f315947,,DALY,DALY,0.0,a,numeric
2017-04-12T05:43:34Z,4537ab79-f204-3794-22e2-c6bd3f315947,,DALY,DALY,0.0,a,numeric
2018-04-12T05:43:34Z,4537ab79-f204-3794-22e2-c6bd3f315947,,DALY,DALY,0.0,a,numeric
2019-04-12T05:43:34Z,4537ab79-f204-3794-22e2-c6bd3f315947,,DALY,DALY,0.0,a,numeric
2020-04-12T05:43:34Z,4537ab79-f204-3794-22e2-c6bd3f315947,,DALY,DALY,0.0,a,numeric
2011-04-12T05:43:34Z,4537ab79-f204-3794-22e2-c6bd3f315947,,QOLS,QOLS,1.0,{score},numeric
2012-04-12T05:43:34Z,4537ab79-f204-3794-22e2-c6bd3f315947,,QOLS,QOLS,1.0,{score},numeric
2013-04-12T05:43:34Z,4537ab79-f204-3794-22e2-c6bd3f315947,,QOLS,QOLS,1.0,{score},numeric
2014-04-12T05:43:34Z,4537ab79-f204-3794-22e2-c6bd3f315947,,QOLS,QOLS,1.0,{score},numeric
2015-04-12T05:43:34Z,4537ab79-f204-3794-22e2-c6bd3f315947,,QOLS,QOLS,1.0,{score},numeric
2016-04-12T05:43:34Z,4537ab79-f204-3794-22e2-c6bd3f315947,,QOLS,QOLS,1.0,{score},numeric
2017-04-12T05:43:34Z,4537ab79-f204-3794-22e2-c6bd3f315947,,QOLS,QOLS,1.0,{score},numeric
2018-04-12T05:43:34Z,4537ab79-f204-3794-22e2-c6bd3f315947,,QOLS,QOLS,1.0,{score},numeric
2019-04-12T05:43:34Z,4537ab79-f204-3794-22e2-c6bd3f315947,,QOLS,QOLS,1.0,{score},numeric
2020-04-12T05:43:34Z,4537ab79-f204-3794-22e2-c6bd3f315947,,QOLS,QOLS,1.0,{score},numeric
2011-10-20T11:35:53Z,6dbf05a1-37ae-680f-69b3-18b8056ad8ce,,QALY,QALY,45.0,a,numeric
2012-10-20T11:35:53Z,6dbf05a1-37ae-680f-69b3-18b8056ad8ce,,QALY,QALY,46.0,a,numeric
2013-10-20T11:35:53Z,6dbf05a1-37ae-680f-69b3-18b8056ad8ce,,QALY,QALY,47.0,a,numeric
2014-10-20T11:35:53Z,6dbf05a1-37ae-680f-69b3-18b8056ad8ce,,QALY,QALY,48.0,a,numeric
2015-10-20T11:35:53Z,6dbf05a1-37ae-680f-69b3-18b8056ad8ce,,QALY,QALY,49.0,a,numeric
2016-10-20T11:35:53Z,6dbf05a1-37ae-680f-69b3-18b8056ad8ce,,QALY,QALY,50.0,a,numeric
2017-10-20T11:35:53Z,6dbf05a1-37ae-680f-69b3-18b8056ad8ce,,QALY,QALY,51.0,a,numeric
2018-10-20T11:35:53Z,6dbf05a1-37ae-680f-69b3-18b8056ad8ce,,QALY,QALY,52.0,a,numeric
2019-10-20T11:35:53Z,6dbf05a1-37ae-680f-69b3-18b8056ad8ce,,QALY,QALY,53.0,a,numeric
2020-10-20T11:35:53Z,6dbf05a1-37ae-680f-69b3-18b8056ad8ce,,QALY,QALY,54.0,a,numeric
2011-10-20T11:35:53Z,6dbf05a1-37ae-680f-69b3-18b8056ad8ce,,DALY,DALY,0.0,a,numeric
2012-10-20T11:35:53Z,6dbf05a1-37ae-680f-69b3-18b8056ad8ce,,DALY,DALY,0.0,a,numeric
2013-10-20T11:35:53Z,6dbf05a1-37ae-680f-69b3-18b8056ad8ce,,DALY,DALY,0.0,a,numeric
2014-10-20T11:35:53Z,6dbf05a1-37ae-680f-69b3-18b8056ad8ce,,DALY,DALY,0.0,a,numeric
2015-10-20T11:35:53Z,6dbf05a1-37ae-680f-69b3-18b8056ad8ce,,DALY,DALY,0.0,a,numeric
2016-10-20T11:35:53Z,6dbf05a1-37ae-680f-69b3-18b8056ad8ce,,DALY,DALY,0.0,a,numeric
2017-10-20T11:35:53Z,6dbf05a1-37ae-680f-69b3-18b8056ad8ce,,DALY,DALY,0.0,a,numeric
2018-10-20T11:35:53Z,6dbf05a1-37ae-680f-69b3-18b8056ad8ce,,DALY,DALY,0.0,a,numeric
2019-10-20T11:35:53Z,6dbf05a1-37ae-680f-69b3-18b8056ad8ce,,DALY,DALY,0.0,a,numeric
2020-10-20T11:35:53Z,6dbf05a1-37ae-680f-69b3-18b8056ad8ce,,DALY,DALY,0.0,a,numeric
2011-10-20T11:35:53Z,6dbf05a1-37ae-680f-69b3-18b8056ad8ce,,QOLS,QOLS,1.0,{score},numeric
2012-10-20T11:35:53Z,6dbf05a1-37ae-680f-69b3-18b8056ad8ce,,QOLS,QOLS,1.0,{score},numeric
2013-10-20T11:35:53Z,6dbf05a1-37ae-680f-69b3-18b8056ad8ce,,QOLS,QOLS,1.0,{score},numeric
2014-10-20T11:35:53Z,6dbf05a1-37ae-680f-69b3-18b8056ad8ce,,QOLS,QOLS,1.0,{score},numeric
2015-10-20T11:35:53Z,6dbf05a1-37ae-680f-69b3-18b8056ad8ce,,QOLS,QOLS,1.0,{score},numeric
2016-10-20T11:35:53Z,6dbf05a1-37ae-680f-69b3-18b8056ad8ce,,QOLS,QOLS,1.0,{score},numeric
2017-10-20T11:35:53Z,6dbf05a1-37ae-680f-69b3-18b8056ad8ce,,QOLS,QOLS,1.0,{score},numeric
2018-10-20T11:35:53Z,6dbf05a1-37ae-680f-69b3-18b8056ad8ce,,QOLS,QOLS,1.0,{score},numeric
2019-10-20T11:35:53Z,6dbf05a1-37ae-680f-69b3-18b8056ad8ce,,QOLS,QOLS,1.0,{score},numeric
2020-10-20T11:35:53Z,6dbf05a1-37ae-680f-69b3-18b8056ad8ce,,QOLS,QOLS,1.0,{score},numeric
2011-05-31T15:16:09Z,b7f80228-621e-dbbd-e40f-b1318913d35a,,QALY,QALY,45.0,a,numeric
2012-05-31T15:16:09Z,b7f80228-621e-dbbd-e40f-b1318913d35a,,QALY,QALY,46.0,a,numeric
2013-05-31T15:16:09Z,b7f80228-621e-dbbd-e40f-b1318913d35a,,QALY,QALY,47.0,a,numeric
2014-05-31T15:16:09Z,b7f80228-621e-dbbd-e40f-b1318913d35a,,QALY,QALY,48.0,a,numeric
2015-05-31T15:16:09Z,b7f80228-621e-dbbd-e40f-b1318913d35a,,QALY,QALY,49.0,a,numeric
2016-05-31T15:16:09Z,b7f80228-621e-dbbd-e40f-b1318913d35a,,QALY,QALY,50.0,a,numeric
2017-05-31T15:16:09Z,b7f80228-621e-dbbd-e40f-b1318913d35a,,QALY,QALY,51.0,a,numeric
2018-05-31T15:16:09Z,b7f80228-621e-dbbd-e40f-b1318913d35a,,QALY,QALY,52.0,a,numeric
2019-05-31T15:16:09Z,b7f80228-621e-dbbd-e40f-b1318913d35a,,QALY,QALY,53.0,a,numeric
2020-05-31T15:16:09Z,b7f80228-621e-dbbd-e40f-b1318913d35a,,QALY,QALY,54.0,a,numeric
2011-05-31T15:16:09Z,b7f80228-621e-dbbd-e40f-b1318913d35a,,DALY,DALY,0.0,a,numeric
2012-05-31T15:16:09Z,b7f80228-621e-dbbd-e40f-b1318913d35a,,DALY,DALY,0.0,a,numeric
2013-05-31T15:16:09Z,b7f80228-621e-dbbd-e40f-b1318913d35a,,DALY,DALY,0.0,a,numeric
2014-05-31T15:16:09Z,b7f80228-621e-dbbd-e40f-b1318913d35a,,DALY,DALY,0.0,a,numeric
2015-05-31T15:16:09Z,b7f80228-621e-dbbd-e40f-b1318913d35a,,DALY,DALY,0.0,a,numeric
2016-05-31T15:16:09Z,b7f80228-621e-dbbd-e40f-b1318913d35a,,DALY,DALY,0.0,a,numeric
2017-05-31T15:16:09Z,b7f80228-621e-dbbd-e40f-b1318913d35a,,DALY,DALY,0.0,a,numeric
2018-05-31T15:16:09Z,b7f80228-621e-dbbd-e40f-b1318913d35a,,DALY,DALY,0.0,a,numeric
2019-05-31T15:16:09Z,b7f80228-621e-dbbd-e40f-b1318913d35a,,DALY,DALY,0.0,a,numeric
2020-05-31T15:16:09Z,b7f80228-621e-dbbd-e40f-b1318913d35a,,DALY,DALY,0.0,a,numeric
2011-05-31T15:16:09Z,b7f80228-621e-dbbd-e40f-b1318913d35a,,QOLS,QOLS,1.0,{score},numeric
2012-05-31T15:16:09Z,b7f80228-621e-dbbd-e40f-b1318913d35a,,QOLS,QOLS,1.0,{score},numeric
2013-05-31T15:16:09Z,b7f80228-621e-dbbd-e40f-b1318913d35a,,QOLS,QOLS,1.0,{score},numeric
2014-05-31T15:16:09Z,b7f80228-621e-dbbd-e40f-b1318913d35a,,QOLS,QOLS,1.0,{score},numeric
2015-05-31T15:16:09Z,b7f80228-621e-dbbd-e40f-b1318913d35a,,QOLS,QOLS,1.0,{score},numeric
2016-05-31T15:16:09Z,b7f80228-621e-dbbd-e40f-b1318913d35a,,QOLS,QOLS,1.0,{score},numeric
2017-05-31T15:16:09Z,b7f80228-621e-dbbd-e40f-b1318913d35a,,QOLS,QOLS,1.0,{score},numeric
2018-05-31T15:16:09Z,b7f80228-621e-dbbd-e40f-b1318913d35a,,QOLS,QOLS,1.0,{score},numeric
2019-05-31T15:16:09Z,b7f80228-621e-dbbd-e40f-b1318913d35a,,QOLS,QOLS,1.0,{score},numeric
2020-05-31T15:16:09Z,b7f80228-621e-dbbd-e40f-b1318913d35a,,QOLS,QOLS,1.0,{score},numeric
2011-12-16T14:47:24Z,b48284c0-d7c4-647d-d9c7-0a827c11cd2c,,QALY,QALY,44.0,a,numeric
2012-12-16T14:47:24Z,b48284c0-d7c4-647d-d9c7-0a827c11cd2c,,QALY,QALY,45.0,a,numeric
2013-12-16T14:47:24Z,b48284c0-d7c4-647d-d9c7-0a827c11cd2c,,QALY,QALY,46.0,a,numeric
2014-12-16T14:47:24Z,b48284c0-d7c4-647d-d9c7-0a827c11cd2c,,QALY,QALY,47.0,a,numeric
2015-12-16T14:47:24Z,b48284c0-d7c4-647d-d9c7-0a827c11cd2c,,QALY,QALY,48.0,a,numeric
2016-12-16T14:47:24Z,b48284c0-d7c4-647d-d9c7-0a827c11cd2c,,QALY,QALY,49.0,a,numeric
2017-12-16T14:47:24Z,b48284c0-d7c4-647d-d9c7-0a827c11cd2c,,QALY,QALY,50.0,a,numeric
2018-12-16T14:47:24Z,b48284c0-d7c4-647d-d9c7-0a827c11cd2c,,QALY,QALY,51.0,a,numeric
2019-12-16T14:47:24Z,b48284c0-d7c4-647d-d9c7-0a827c11cd2c,,QALY,QALY,52.0,a,numeric
2020-12-16T14:47:24Z,b48284c0-d7c4-647d-d9c7-0a827c11cd2c,,QALY,QALY,53.0,a,numeric
2011-12-16T14:47:24Z,b48284c0-d7c4-647d-d9c7-0a827c11cd2c,,DALY,DALY,0.0,a,numeric
2012-12-16T14:47:24Z,b48284c0-d7c4-647d-d9c7-0a827c11cd2c,,DALY,DALY,0.0,a,numeric
2013-12-16T14:47:24Z,b48284c0-d7c4-647d-d9c7-0a827c11cd2c,,DALY,DALY,0.0,a,numeric
2014-12-16T14:47:24Z,b48284c0-d7c4-647d-d9c7-0a827c11cd2c,,DALY,DALY,0.0,a,numeric
2015-12-16T14:47:24Z,b48284c0-d7c4-647d-d9c7-0a827c11cd2c,,DALY,DALY,0.0,a,numeric
2016-12-16T14:47:24Z,b48284c0-d7c4-647d-d9c7-0a827c11cd2c,,DALY,DALY,0.0,a,numeric
2017-12-16T14:47:24Z,b48284c0-d7c4-647d-d9c7-0a827c11cd2c,,DALY,DALY,0.0,a,numeric
2018-12-16T14:47:24Z,b48284c0-d7c4-647d-d9c7-0a827c11cd2c,,DALY,DALY,0.0,a,numeric
2019-12-16T14:47:24Z,b48284c0-d7c4-647d-d9c7-0a827c11cd2c,,DALY,DALY,0.0,a,numeric
2020-12-16T14:47:24Z,b48284c0-d7c4-647d-d9c7-0a827c11cd2c,,DALY,DALY,0.0,a,numeric
2011-12-16T14:47:24Z,b48284c0-d7c4-647d-d9c7-0a827c11cd2c,,QOLS,QOLS,1.0,{score},numeric
2012-12-16T14:47:24Z,b48284c0-d7c4-647d-d9c7-0a827c11cd2c,,QOLS,QOLS,1.0,{score},numeric
2013-12-16T14:47:24Z,b48284c0-d7c4-647d-d9c7-0a827c11cd2c,,QOLS,QOLS,1.0,{score},numeric
2014-12-16T14:47:24Z,b48284c0-d7c4-647d-d9c7-0a827c11cd2c,,QOLS,QOLS,1.0,{score},numeric
2015-12-16T14:47:24Z,b48284c0-d7c4-647d-d9c7-0a827c11cd2c,,QOLS,QOLS,1.0,{score},numeric
2016-12-16T14:47:24Z,b48284c0-d7c4-647d-d9c7-0a827c11cd2c,,QOLS,QOLS,1.0,{score},numeric
2017-12-16T14:47:24Z,b48284c0-d7c4-647d-d9c7-0a827c11cd2c,,QOLS,QOLS,1.0,{score},numeric
2018-12-16T14:47:24Z,b48284c0-d7c4-647d-d9c7-0a827c11cd2c,,QOLS,QOLS,1.0,{score},numeric
2019-12-16T14:47:24Z,b48284c0-d7c4-647d-d9c7-0a827c11cd2c,,QOLS,QOLS,1.0,{score},numeric
2020-12-16T14:47:24Z,b48284c0-d7c4-647d-d9c7-0a827c11cd2c,,QOLS,QOLS,1.0,{score},numeric
2011-05-18T13:03:07Z,56378fa6-045b-df98-d4c3-55b9811df926,,QALY,QALY,9.0,a,numeric
2012-05-18T13:03:07Z,56378fa6-045b-df98-d4c3-55b9811df926,,QALY,QALY,10.0,a,numeric
2013-05-18T13:03:07Z,56378fa6-045b-df98-d4c3-55b9811df926,,QALY,QALY,11.0,a,numeric
2014-05-18T13:03:07Z,56378fa6-045b-df98-d4c3-55b9811df926,,QALY,QALY,12.0,a,numeric
2015-05-18T13:03:07Z,56378fa6-045b-df98-d4c3-55b9811df926,,QALY,QALY,13.0,a,numeric
2016-05-18T13:03:07Z,56378fa6-045b-df98-d4c3-55b9811df926,,QALY,QALY,14.0,a,numeric
2017-05-18T13:03:07Z,56378fa6-045b-df98-d4c3-55b9811df926,,QALY,QALY,15.0,a,numeric
2018-05-18T13:03:07Z,56378fa6-045b-df98-d4c3-55b9811df926,,QALY,QALY,16.0,a,numeric
2019-05-18T13:03:07Z,56378fa6-045b-df98-d4c3-55b9811df926,,QALY,QALY,17.0,a,numeric
2020-05-18T13:03:07Z,56378fa6-045b-df98-d4c3-55b9811df926,,QALY,QALY,18.0,a,numeric
2011-05-18T13:03:07Z,56378fa6-045b-df98-d4c3-55b9811df926,,DALY,DALY,0.0,a,numeric
2012-05-18T13:03:07Z,56378fa6-045b-df98-d4c3-55b9811df926,,DALY,DALY,0.0,a,numeric
2013-05-18T13:03:07Z,56378fa6-045b-df98-d4c3-55b9811df926,,DALY,DALY,0.0,a,numeric
2014-05-18T13:03:07Z,56378fa6-045b-df98-d4c3-55b9811df926,,DALY,DALY,0.0,a,numeric
2015-05-18T13:03:07Z,56378fa6-045b-df98-d4c3-55b9811df926,,DALY,DALY,0.0,a,numeric
2016-05-18T13:03:07Z,56378fa6-045b-df98-d4c3-55b9811df926,,DALY,DALY,0.0,a,numeric
2017-05-18T13:03:07Z,56378fa6-045b-df98-d4c3-55b9811df926,,DALY,DALY,0.0,a,numeric
2018-05-18T13:03:07Z,56378fa6-045b-df98-d4c3-55b9811df926,,DALY,DALY,0.0,a,numeric
2019-05-18T13:03:07Z,56378fa6-045b-df98-d4c3-55b9811df926,,DALY,DALY,0.0,a,numeric
2020-05-18T13:03:07Z,56378fa6-045b-df98-d4c3-55b9811df926,,DALY,DALY,0.0,a,numeric
2011-05-18T13:03:07Z,56378fa6-045b-df98-d4c3-55b9811df926,,QOLS,QOLS,1.0,{score},numeric
2012-05-18T13:03:07Z,56378fa6-045b-df98-d4c3-55b9811df926,,QOLS,QOLS,1.0,{score},numeric
2013-05-18T13:03:07Z,56378fa6-045b-df98-d4c3-55b9811df926,,QOLS,QOLS,1.0,{score},numeric
2014-05-18T13:03:07Z,56378fa6-045b-df98-d4c3-55b9811df926,,QOLS,QOLS,1.0,{score},numeric
2015-05-18T13:03:07Z,56378fa6-045b-df98-d4c3-55b9811df926,,QOLS,QOLS,1.0,{score},numeric
2016-05-18T13:03:07Z,56378fa6-045b-df98-d4c3-55b9811df926,,QOLS,QOLS,1.0,{score},numeric
2017-05-18T13:03:07Z,56378fa6-045b-df98-d4c3-55b9811df926,,QOLS,QOLS,1.0,{score},numeric
2018-05-18T13:03:07Z,56378fa6-045b-df98-d4c3-55b9811df926,,QOLS,QOLS,1.0,{score},numeric
2019-05-18T13:03:07Z,56378fa6-045b-df98-d4c3-55b9811df926,,QOLS,QOLS,1.0,{score},numeric
2020-05-18T13:03:07Z,56378fa6-045b-df98-d4c3-55b9811df926,,QOLS,QOLS,1.0,{score},numeric
2018-04-24T15:11:48Z,f99dd349-30b9-e18b-6246-0be3408031bf,,QALY,QALY,0.0,a,numeric
2019-04-24T15:11:48Z,f99dd349-30b9-e18b-6246-0be3408031bf,,QALY,QALY,0.0,a,numeric
2020-04-24T15:11:48Z,f99dd349-30b9-e18b-6246-0be3408031bf,,QALY,QALY,1.0,a,numeric
2018-04-24T15:11:48Z,f99dd349-30b9-e18b-6246-0be3408031bf,,DALY,DALY,0.0,a,numeric
2019-04-24T15:11:48Z,f99dd349-30b9-e18b-6246-0be3408031bf,,DALY,DALY,0.0,a,numeric
2020-04-24T15:11:48Z,f99dd349-30b9-e18b-6246-0be3408031bf,,DALY,DALY,0.0,a,numeric
2018-04-24T15:11:48Z,f99dd349-30b9-e18b-6246-0be3408031bf,,QOLS,QOLS,1.0,{score},numeric
2019-04-24T15:11:48Z,f99dd349-30b9-e18b-6246-0be3408031bf,,QOLS,QOLS,1.0,{score},numeric
2020-04-24T15:11:48Z,f99dd349-30b9-e18b-6246-0be3408031bf,,QOLS,QOLS,1.0,{score},numeric
2012-08-06T04:20:14Z,8d533eca-e4bb-c02f-af29-2757f8d80bbd,,QALY,QALY,0.0,a,numeric
2013-08-06T04:20:14Z,8d533eca-e4bb-c02f-af29-2757f8d80bbd,,QALY,QALY,0.0,a,numeric
2014-08-06T04:20:14Z,8d533eca-e4bb-c02f-af29-2757f8d80bbd,,QALY,QALY,1.0,a,numeric
2015-08-06T04:20:14Z,8d533eca-e4bb-c02f-af29-2757f8d80bbd,,QALY,QALY,2.0,a,numeric
2016-08-06T04:20:14Z,8d533eca-e4bb-c02f-af29-2757f8d80bbd,,QALY,QALY,3.0,a,numeric
2017-08-06T04:20:14Z,8d533eca-e4bb-c02f-af29-2757f8d80bbd,,QALY,QALY,4.0,a,numeric
2018-08-06T04:20:14Z,8d533eca-e4bb-c02f-af29-2757f8d80bbd,,QALY,QALY,5.0,a,numeric
2019-08-06T04:20:14Z,8d533eca-e4bb-c02f-af29-2757f8d80bbd,,QALY,QALY,6.0,a,numeric
2020-08-06T04:20:14Z,8d533eca-e4bb-c02f-af29-2757f8d80bbd,,QALY,QALY,7.0,a,numeric
2012-08-06T04:20:14Z,8d533eca-e4bb-c02f-af29-2757f8d80bbd,,DALY,DALY,0.0,a,numeric
2013-08-06T04:20:14Z,8d533eca-e4bb-c02f-af29-2757f8d80bbd,,DALY,DALY,0.0,a,numeric
2014-08-06T04:20:14Z,8d533eca-e4bb-c02f-af29-2757f8d80bbd,,DALY,DALY,0.0,a,numeric
2015-08-06T04:20:14Z,8d533eca-e4bb-c02f-af29-2757f8d80bbd,,DALY,DALY,0.0,a,numeric
2016-08-06T04:20:14Z,8d533eca-e4bb-c02f-af29-2757f8d80bbd,,DALY,DALY,0.0,a,numeric
2017-08-06T04:20:14Z,8d533eca-e4bb-c02f-af29-2757f8d80bbd,,DALY,DALY,0.0,a,numeric
2018-08-06T04:20:14Z,8d533eca-e4bb-c02f-af29-2757f8d80bbd,,DALY,DALY,0.0,a,numeric
2019-08-06T04:20:14Z,8d533eca-e4bb-c02f-af29-2757f8d80bbd,,DALY,DALY,0.0,a,numeric
2020-08-06T04:20:14Z,8d533eca-e4bb-c02f-af29-2757f8d80bbd,,DALY,DALY,0.0,a,numeric
2012-08-06T04:20:14Z,8d533eca-e4bb-c02f-af29-2757f8d80bbd,,QOLS,QOLS,1.0,{score},numeric
2013-08-06T04:20:14Z,8d533eca-e4bb-c02f-af29-2757f8d80bbd,,QOLS,QOLS,1.0,{score},numeric
2014-08-06T04:20:14Z,8d533eca-e4bb-c02f-af29-2757f8d80bbd,,QOLS,QOLS,1.0,{score},numeric
2015-08-06T04:20:14Z,8d533eca-e4bb-c02f-af29-2757f8d80bbd,,QOLS,QOLS,1.0,{score},numeric
2016-08-06T04:20:14Z,8d533eca-e4bb-c02f-af29-2757f8d80bbd,,QOLS,QOLS,1.0,{score},numeric
2017-08-06T04:20:14Z,8d533eca-e4bb-c02f-af29-2757f8d80bbd,,QOLS,QOLS,1.0,{score},numeric
2018-08-06T04:20:14Z,8d533eca-e4bb-c02f-af29-2757f8d80bbd,,QOLS,QOLS,1.0,{score},numeric
2019-08-06T04:20:14Z,8d533eca-e4bb-c02f-af29-2757f8d80bbd,,QOLS,QOLS,1.0,{score},numeric
2020-08-06T04:20:14Z,8d533eca-e4bb-c02f-af29-2757f8d80bbd,,QOLS,QOLS,1.0,{score},numeric
2011-05-23T21:23:54Z,6b7a2ee5-ec16-bce7-710b-4f2099483210,,QALY,QALY,56.5,a,numeric
2012-05-23T21:23:54Z,6b7a2ee5-ec16-bce7-710b-4f2099483210,,QALY,QALY,57.3,a,numeric
2013-05-23T21:23:54Z,6b7a2ee5-ec16-bce7-710b-4f2099483210,,QALY,QALY,58.2,a,numeric
2014-05-23T21:23:54Z,6b7a2ee5-ec16-bce7-710b-4f2099483210,,QALY,QALY,59.1,a,numeric
2015-05-23T21:23:54Z,6b7a2ee5-ec16-bce7-710b-4f2099483210,,QALY,QALY,59.9,a,numeric
2016-05-23T21:23:54Z,6b7a2ee5-ec16-bce7-710b-4f2099483210,,QALY,QALY,60.8,a,numeric
2017-05-23T21:23:54Z,6b7a2ee5-ec16-bce7-710b-4f2099483210,,QALY,QALY,61.7,a,numeric
2018-05-23T21:23:54Z,6b7a2ee5-ec16-bce7-710b-4f2099483210,,QALY,QALY,62.5,a,numeric
2019-05-23T21:23:54Z,6b7a2ee5-ec16-bce7-710b-4f2099483210,,QALY,QALY,63.4,a,numeric
2020-05-23T21:23:54Z,6b7a2ee5-ec16-bce7-710b-4f2099483210,,QALY,QALY,64.3,a,numeric
2011-05-23T21:23:54Z,6b7a2ee5-ec16-bce7-710b-4f2099483210,,DALY,DALY,1.5,a,numeric
2012-05-23T21:23:54Z,6b7a2ee5-ec16-bce7-710b-4f2099483210,,DALY,DALY,1.7,a,numeric
2013-05-23T21:23:54Z,6b7a2ee5-ec16-bce7-710b-4f2099483210,,DALY,DALY,1.8,a,numeric
2014-05-23T21:23:54Z,6b7a2ee5-ec16-bce7-710b-4f2099483210,,DALY,DALY,1.9,a,numeric
2015-05-23T21:23:54Z,6b7a2ee5-ec16-bce7-710b-4f2099483210,,DALY,DALY,2.1,a,numeric
2016-05-23T21:23:54Z,6b7a2ee5-ec16-bce7-710b-4f2099483210,,DALY,DALY,2.2,a,numeric
2017-05-23T21:23:54Z,6b7a2ee5-ec16-bce7-710b-4f2099483210,,DALY,DALY,2.3,a,numeric
2018-05-23T21:23:54Z,6b7a2ee5-ec16-bce7-710b-4f2099483210,,DALY,DALY,2.5,a,numeric
2019-05-23T21:23:54Z,6b7a2ee5-ec16-bce7-710b-4f2099483210,,DALY,DALY,2.6,a,numeric
2020-05-23T21:23:54Z,6b7a2ee5-ec16-bce7-710b-4f2099483210,,DALY,DALY,2.7,a,numeric
2011-05-23T21:23:54Z,6b7a2ee5-ec16-bce7-710b-4f2099483210,,QOLS,QOLS,0.9,{score},numeric
2012-05-23T21:23:54Z,6b7a2ee5-ec16-bce7-710b-4f2099483210,,QOLS,QOLS,0.9,{score},numeric
2013-05-23T21:23:54Z,6b7a2ee5-ec16-bce7-710b-4f2099483210,,QOLS,QOLS,0.9,{score},numeric
2014-05-23T21:23:54Z,6b7a2ee5-ec16-bce7-710b-4f2099483210,,QOLS,QOLS,0.9,{score},numeric
2015-05-23T21:23:54Z,6b7a2ee5-ec16-bce7-710b-4f2099483210,,QOLS,QOLS,0.9,{score},numeric
2016-05-23T21:23:54Z,6b7a2ee5-ec16-bce7-710b-4f2099483210,,QOLS,QOLS,0.9,{score},numeric
2017-05-23T21:23:54Z,6b7a2ee5-ec16-bce7-710b-4f2099483210,,QOLS,QOLS,0.9,{score},numeric
2018-05-23T21:23:54Z,6b7a2ee5-ec16-bce7-710b-4f2099483210,,QOLS,QOLS,0.9,{score},numeric
2019-05-23T21:23:54Z,6b7a2ee5-ec16-bce7-710b-4f2099483210,,QOLS,QOLS,0.9,{score},numeric
2020-05-23T21:23:54Z,6b7a2ee5-ec16-bce7-710b-4f2099483210,,QOLS,QOLS,0.9,{score},numeric
2011-03-05T10:27:09Z,bc350372-6a42-9faf-2cad-f21e11d7c30b,,QALY,QALY,50.0,a,numeric
2012-03-05T10:27:09Z,bc350372-6a42-9faf-2cad-f21e11d7c30b,,QALY,QALY,51.0,a,numeric
2013-03-05T10:27:09Z,bc350372-6a42-9faf-2cad-f21e11d7c30b,,QALY,QALY,52.0,a,numeric
2014-03-05T10:27:09Z,bc350372-6a42-9faf-2cad-f21e11d7c30b,,QALY,QALY,53.0,a,numeric
2015-03-05T10:27:09Z,bc350372-6a42-9faf-2cad-f21e11d7c30b,,QALY,QALY,54.0,a,numeric
2016-03-05T10:27:09Z,bc350372-6a42-9faf-2cad-f21e11d7c30b,,QALY,QALY,55.0,a,numeric
2017-03-05T10:27:09Z,bc350372-6a42-9faf-2cad-f21e11d7c30b,,QALY,QALY,56.0,a,numeric
2018-03-05T10:27:09Z,bc350372-6a42-9faf-2cad-f21e11d7c30b,,QALY,QALY,57.0,a,numeric
2019-03-05T10:27:09Z,bc350372-6a42-9faf-2cad-f21e11d7c30b,,QALY,QALY,58.0,a,numeric
2020-03-05T10:27:09Z,bc350372-6a42-9faf-2cad-f21e11d7c30b,,QALY,QALY,59.0,a,numeric
2011-03-05T10:27:09Z,bc350372-6a42-9faf-2cad-f21e11d7c30b,,DALY,DALY,0.0,a,numeric
2012-03-05T10:27:09Z,bc350372-6a42-9faf-2cad-f21e11d7c30b,,DALY,DALY,0.0,a,numeric
2013-03-05T10:27:09Z,bc350372-6a42-9faf-2cad-f21e11d7c30b,,DALY,DALY,0.0,a,numeric
2014-03-05T10:27:09Z,bc350372-6a42-9faf-2cad-f21e11d7c30b,,DALY,DALY,0.0,a,numeric
2015-03-05T10:27:09Z,bc350372-6a42-9faf-2cad-f21e11d7c30b,,DALY,DALY,0.0,a,numeric
2016-03-05T10:27:09Z,bc350372-6a42-9faf-2cad-f21e11d7c30b,,DALY,DALY,0.0,a,numeric
2017-03-05T10:27:09Z,bc350372-6a42-9faf-2cad-f21e11d7c30b,,DALY,DALY,0.0,a,numeric
2018-03-05T10:27:09Z,bc350372-6a42-9faf-2cad-f21e11d7c30b,,DALY,DALY,0.0,a,numeric
2019-03-05T10:27:09Z,bc350372-6a42-9faf-2cad-f21e11d7c30b,,DALY,DALY,0.0,a,numeric
2020-03-05T10:27:09Z,bc350372-6a42-9faf-2cad-f21e11d7c30b,,DALY,DALY,0.0,a,numeric
2011-03-05T10:27:09Z,bc350372-6a42-9faf-2cad-f21e11d7c30b,,QOLS,QOLS,1.0,{score},numeric
2012-03-05T10:27:09Z,bc350372-6a42-9faf-2cad-f21e11d7c30b,,QOLS,QOLS,1.0,{score},numeric
2013-03-05T10:27:09Z,bc350372-6a42-9faf-2cad-f21e11d7c30b,,QOLS,QOLS,1.0,{score},numeric
2014-03-05T10:27:09Z,bc350372-6a42-9faf-2cad-f21e11d7c30b,,QOLS,QOLS,1.0,{score},numeric
2015-03-05T10:27:09Z,bc350372-6a42-9faf-2cad-f21e11d7c30b,,QOLS,QOLS,1.0,{score},numeric
2016-03-05T10:27:09Z,bc350372-6a42-9faf-2cad-f21e11d7c30b,,QOLS,QOLS,1.0,{score},numeric
2017-03-05T10:27:09Z,bc350372-6a42-9faf-2cad-f21e11d7c30b,,QOLS,QOLS,1.0,{score},numeric
2018-03-05T10:27:09Z,bc350372-6a42-9faf-2cad-f21e11d7c30b,,QOLS,QOLS,1.0,{score},numeric
2019-03-05T10:27:09Z,bc350372-6a42-9faf-2cad-f21e11d7c30b,,QOLS,QOLS,1.0,{score},numeric
2020-03-05T10:27:09Z,bc350372-6a42-9faf-2cad-f21e11d7c30b,,QOLS,QOLS,1.0,{score},numeric
2011-06-01T05:25:07Z,ba927d89-4f5e-3209-c7b2-e8602a89a06c,,QALY,QALY,36.0,a,numeric
2012-06-01T05:25:07Z,ba927d89-4f5e-3209-c7b2-e8602a89a06c,,QALY,QALY,37.0,a,numeric
2013-06-01T05:25:07Z,ba927d89-4f5e-3209-c7b2-e8602a89a06c,,QALY,QALY,38.0,a,numeric
2014-06-01T05:25:07Z,ba927d89-4f5e-3209-c7b2-e8602a89a06c,,QALY,QALY,39.0,a,numeric
2015-06-01T05:25:07Z,ba927d89-4f5e-3209-c7b2-e8602a89a06c,,QALY,QALY,40.0,a,numeric
2016-06-01T05:25:07Z,ba927d89-4f5e-3209-c7b2-e8602a89a06c,,QALY,QALY,41.0,a,numeric
2017-06-01T05:25:07Z,ba927d89-4f5e-3209-c7b2-e8602a89a06c,,QALY,QALY,42.0,a,numeric
2018-06-01T05:25:07Z,ba927d89-4f5e-3209-c7b2-e8602a89a06c,,QALY,QALY,43.0,a,numeric
2019-06-01T05:25:07Z,ba927d89-4f5e-3209-c7b2-e8602a89a06c,,QALY,QALY,44.0,a,numeric
2020-06-01T05:25:07Z,ba927d89-4f5e-3209-c7b2-e8602a89a06c,,QALY,QALY,45.0,a,numeric
2011-06-01T05:25:07Z,ba927d89-4f5e-3209-c7b2-e8602a89a06c,,DALY,DALY,0.0,a,numeric
2012-06-01T05:25:07Z,ba927d89-4f5e-3209-c7b2-e8602a89a06c,,DALY,DALY,0.0,a,numeric
2013-06-01T05:25:07Z,ba927d89-4f5e-3209-c7b2-e8602a89a06c,,DALY,DALY,0.0,a,numeric
2014-06-01T05:25:07Z,ba927d89-4f5e-3209-c7b2-e8602a89a06c,,DALY,DALY,0.0,a,numeric
2015-06-01T05:25:07Z,ba927d89-4f5e-3209-c7b2-e8602a89a06c,,DALY,DALY,0.0,a,numeric
2016-06-01T05:25:07Z,ba927d89-4f5e-3209-c7b2-e8602a89a06c,,DALY,DALY,0.0,a,numeric
2017-06-01T05:25:07Z,ba927d89-4f5e-3209-c7b2-e8602a89a06c,,DALY,DALY,0.0,a,numeric
2018-06-01T05:25:07Z,ba927d89-4f5e-3209-c7b2-e8602a89a06c,,DALY,DALY,0.0,a,numeric
2019-06-01T05:25:07Z,ba927d89-4f5e-3209-c7b2-e8602a89a06c,,DALY,DALY,0.0,a,numeric
2020-06-01T05:25:07Z,ba927d89-4f5e-3209-c7b2-e8602a89a06c,,DALY,DALY,0.0,a,numeric
2011-06-01T05:25:07Z,ba927d89-4f5e-3209-c7b2-e8602a89a06c,,QOLS,QOLS,1.0,{score},numeric
2012-06-01T05:25:07Z,ba927d89-4f5e-3209-c7b2-e8602a89a06c,,QOLS,QOLS,1.0,{score},numeric
2013-06-01T05:25:07Z,ba927d89-4f5e-3209-c7b2-e8602a89a06c,,QOLS,QOLS,1.0,{score},numeric
2014-06-01T05:25:07Z,ba927d89-4f5e-3209-c7b2-e8602a89a06c,,QOLS,QOLS,1.0,{score},numeric
2015-06-01T05:25:07Z,ba927d89-4f5e-3209-c7b2-e8602a89a06c,,QOLS,QOLS,1.0,{score},numeric
2016-06-01T05:25:07Z,ba927d89-4f5e-3209-c7b2-e8602a89a06c,,QOLS,QOLS,1.0,{score},numeric
2017-06-01T05:25:07Z,ba927d89-4f5e-3209-c7b2-e8602a89a06c,,QOLS,QOLS,1.0,{score},numeric
2018-06-01T05:25:07Z,ba927d89-4f5e-3209-c7b2-e8602a89a06c,,QOLS,QOLS,1.0,{score},numeric
2019-06-01T05:25:07Z,ba927d89-4f5e-3209-c7b2-e8602a89a06c,,QOLS,QOLS,1.0,{score},numeric
2020-06-01T05:25:07Z,ba927d89-4f5e-3209-c7b2-e8602a89a06c,,QOLS,QOLS,1.0,{score},numeric
2011-06-17T10:07:25Z,2578be14-6ff3-18b6-e86a-732addf9f660,,QALY,QALY,1.0,a,numeric
2012-06-17T10:07:25Z,2578be14-6ff3-18b6-e86a-732addf9f660,,QALY,QALY,2.0,a,numeric
2013-06-17T10:07:25Z,2578be14-6ff3-18b6-e86a-732addf9f660,,QALY,QALY,3.0,a,numeric
2014-06-17T10:07:25Z,2578be14-6ff3-18b6-e86a-732addf9f660,,QALY,QALY,4.0,a,numeric
2015-06-17T10:07:25Z,2578be14-6ff3-18b6-e86a-732addf9f660,,QALY,QALY,5.0,a,numeric
2016-06-17T10:07:25Z,2578be14-6ff3-18b6-e86a-732addf9f660,,QALY,QALY,6.0,a,numeric
2017-06-17T10:07:25Z,2578be14-6ff3-18b6-e86a-732addf9f660,,QALY,QALY,7.0,a,numeric
2018-06-17T10:07:25Z,2578be14-6ff3-18b6-e86a-732addf9f660,,QALY,QALY,8.0,a,numeric
2019-06-17T10:07:25Z,2578be14-6ff3-18b6-e86a-732addf9f660,,QALY,QALY,9.0,a,numeric
2020-06-17T10:07:25Z,2578be14-6ff3-18b6-e86a-732addf9f660,,QALY,QALY,10.0,a,numeric
2011-06-17T10:07:25Z,2578be14-6ff3-18b6-e86a-732addf9f660,,DALY,DALY,0.0,a,numeric
2012-06-17T10:07:25Z,2578be14-6ff3-18b6-e86a-732addf9f660,,DALY,DALY,0.0,a,numeric
2013-06-17T10:07:25Z,2578be14-6ff3-18b6-e86a-732addf9f660,,DALY,DALY,0.0,a,numeric
2014-06-17T10:07:25Z,2578be14-6ff3-18b6-e86a-732addf9f660,,DALY,DALY,0.0,a,numeric
2015-06-17T10:07:25Z,2578be14-6ff3-18b6-e86a-732addf9f660,,DALY,DALY,0.0,a,numeric
2016-06-17T10:07:25Z,2578be14-6ff3-18b6-e86a-732addf9f660,,DALY,DALY,0.0,a,numeric
2017-06-17T10:07:25Z,2578be14-6ff3-18b6-e86a-732addf9f660,,DALY,DALY,0.0,a,numeric
2018-06-17T10:07:25Z,2578be14-6ff3-18b6-e86a-732addf9f660,,DALY,DALY,0.0,a,numeric
2019-06-17T10:07:25Z,2578be14-6ff3-18b6-e86a-732addf9f660,,DALY,DALY,0.0,a,numeric
2020-06-17T10:07:25Z,2578be14-6ff3-18b6-e86a-732addf9f660,,DALY,DALY,0.0,a,numeric
2011-06-17T10:07:25Z,2578be14-6ff3-18b6-e86a-732addf9f660,,QOLS,QOLS,1.0,{score},numeric
2012-06-17T10:07:25Z,2578be14-6ff3-18b6-e86a-732addf9f660,,QOLS,QOLS,1.0,{score},numeric
2013-06-17T10:07:25Z,2578be14-6ff3-18b6-e86a-732addf9f660,,QOLS,QOLS,1.0,{score},numeric
2014-06-17T10:07:25Z,2578be14-6ff3-18b6-e86a-732addf9f660,,QOLS,QOLS,1.0,{score},numeric
2015-06-17T10:07:25Z,2578be14-6ff3-18b6-e86a-732addf9f660,,QOLS,QOLS,1.0,{score},numeric
2016-06-17T10:07:25Z,2578be14-6ff3-18b6-e86a-732addf9f660,,QOLS,QOLS,1.0,{score},numeric
2017-06-17T10:07:25Z,2578be14-6ff3-18b6-e86a-732addf9f660,,QOLS,QOLS,1.0,{score},numeric
2018-06-17T10:07:25Z,2578be14-6ff3-18b6-e86a-732addf9f660,,QOLS,QOLS,1.0,{score},numeric
2019-06-17T10:07:25Z,2578be14-6ff3-18b6-e86a-732addf9f660,,QOLS,QOLS,1.0,{score},numeric
2020-06-17T10:07:25Z,2578be14-6ff3-18b6-e86a-732addf9f660,,QOLS,QOLS,1.0,{score},numeric
2011-04-07T02:29:09Z,5d7435b3-f120-ed26-9abd-4767e0d98203,,QALY,QALY,48.0,a,numeric
2012-04-07T02:29:09Z,5d7435b3-f120-ed26-9abd-4767e0d98203,,QALY,QALY,49.0,a,numeric
2013-04-07T02:29:09Z,5d7435b3-f120-ed26-9abd-4767e0d98203,,QALY,QALY,50.0,a,numeric
2014-04-07T02:29:09Z,5d7435b3-f120-ed26-9abd-4767e0d98203,,QALY,QALY,51.0,a,numeric
2015-04-07T02:29:09Z,5d7435b3-f120-ed26-9abd-4767e0d98203,,QALY,QALY,52.0,a,numeric
2016-04-07T02:29:09Z,5d7435b3-f120-ed26-9abd-4767e0d98203,,QALY,QALY,53.0,a,numeric
2017-04-07T02:29:09Z,5d7435b3-f120-ed26-9abd-4767e0d98203,,QALY,QALY,54.0,a,numeric
2018-04-07T02:29:09Z,5d7435b3-f120-ed26-9abd-4767e0d98203,,QALY,QALY,55.0,a,numeric
2019-04-07T02:29:09Z,5d7435b3-f120-ed26-9abd-4767e0d98203,,QALY,QALY,56.0,a,numeric
2020-04-07T02:29:09Z,5d7435b3-f120-ed26-9abd-4767e0d98203,,QALY,QALY,57.0,a,numeric
2011-04-07T02:29:09Z,5d7435b3-f120-ed26-9abd-4767e0d98203,,DALY,DALY,0.0,a,numeric
2012-04-07T02:29:09Z,5d7435b3-f120-ed26-9abd-4767e0d98203,,DALY,DALY,0.0,a,numeric
2013-04-07T02:29:09Z,5d7435b3-f120-ed26-9abd-4767e0d98203,,DALY,DALY,0.0,a,numeric
2014-04-07T02:29:09Z,5d7435b3-f120-ed26-9abd-4767e0d98203,,DALY,DALY,0.0,a,numeric
2015-04-07T02:29:09Z,5d7435b3-f120-ed26-9abd-4767e0d98203,,DALY,DALY,0.0,a,numeric
2016-04-07T02:29:09Z,5d7435b3-f120-ed26-9abd-4767e0d98203,,DALY,DALY,0.0,a,numeric
2017-04-07T02:29:09Z,5d7435b3-f120-ed26-9abd-4767e0d98203,,DALY,DALY,0.0,a,numeric
2018-04-07T02:29:09Z,5d7435b3-f120-ed26-9abd-4767e0d98203,,DALY,DALY,0.0,a,numeric
2019-04-07T02:29:09Z,5d7435b3-f120-ed26-9abd-4767e0d98203,,DALY,DALY,0.0,a,numeric
2020-04-07T02:29:09Z,5d7435b3-f120-ed26-9abd-4767e0d98203,,DALY,DALY,0.0,a,numeric
2011-04-07T02:29:09Z,5d7435b3-f120-ed26-9abd-4767e0d98203,,QOLS,QOLS,1.0,{score},numeric
2012-04-07T02:29:09Z,5d7435b3-f120-ed26-9abd-4767e0d98203,,QOLS,QOLS,1.0,{score},numeric
2013-04-07T02:29:09Z,5d7435b3-f120-ed26-9abd-4767e0d98203,,QOLS,QOLS,1.0,{score},numeric
2014-04-07T02:29:09Z,5d7435b3-f120-ed26-9abd-4767e0d98203,,QOLS,QOLS,1.0,{score},numeric
2015-04-07T02:29:09Z,5d7435b3-f120-ed26-9abd-4767e0d98203,,QOLS,QOLS,1.0,{score},numeric
2016-04-07T02:29:09Z,5d7435b3-f120-ed26-9abd-4767e0d98203,,QOLS,QOLS,1.0,{score},numeric
2017-04-07T02:29:09Z,5d7435b3-f120-ed26-9abd-4767e0d98203,,QOLS,QOLS,1.0,{score},numeric
2018-04-07T02:29:09Z,5d7435b3-f120-ed26-9abd-4767e0d98203,,QOLS,QOLS,1.0,{score},numeric
2019-04-07T02:29:09Z,5d7435b3-f120-ed26-9abd-4767e0d98203,,QOLS,QOLS,1.0,{score},numeric
2020-04-07T02:29:09Z,5d7435b3-f120-ed26-9abd-4767e0d98203,,QOLS,QOLS,1.0,{score},numeric
2011-07-08T21:05:39Z,7580bcc5-7b8b-5902-1e27-7ce771ba76a8,,QALY,QALY,69.0,a,numeric
2012-07-08T21:05:39Z,7580bcc5-7b8b-5902-1e27-7ce771ba76a8,,QALY,QALY,70.0,a,numeric
2013-07-08T21:05:39Z,7580bcc5-7b8b-5902-1e27-7ce771ba76a8,,QALY,QALY,71.0,a,numeric
2014-07-08T21:05:39Z,7580bcc5-7b8b-5902-1e27-7ce771ba76a8,,QALY,QALY,72.0,a,numeric
2015-07-08T21:05:39Z,7580bcc5-7b8b-5902-1e27-7ce771ba76a8,,QALY,QALY,73.0,a,numeric
2016-07-08T21:05:39Z,7580bcc5-7b8b-5902-1e27-7ce771ba76a8,,QALY,QALY,74.0,a,numeric
2017-07-08T21:05:39Z,7580bcc5-7b8b-5902-1e27-7ce771ba76a8,,QALY,QALY,75.0,a,numeric
2018-07-08T21:05:39Z,7580bcc5-7b8b-5902-1e27-7ce771ba76a8,,QALY,QALY,76.0,a,numeric
2019-07-08T21:05:39Z,7580bcc5-7b8b-5902-1e27-7ce771ba76a8,,QALY,QALY,77.0,a,numeric
2020-07-08T21:05:39Z,7580bcc5-7b8b-5902-1e27-7ce771ba76a8,,QALY,QALY,78.0,a,numeric
2011-07-08T21:05:39Z,7580bcc5-7b8b-5902-1e27-7ce771ba76a8,,DALY,DALY,0.0,a,numeric
2012-07-08T21:05:39Z,7580bcc5-7b8b-5902-1e27-7ce771ba76a8,,DALY,DALY,0.0,a,numeric
2013-07-08T21:05:39Z,7580bcc5-7b8b-5902-1e27-7ce771ba76a8,,DALY,DALY,0.0,a,numeric
2014-07-08T21:05:39Z,7580bcc5-7b8b-5902-1e27-7ce771ba76a8,,DALY,DALY,0.0,a,numeric
2015-07-08T21:05:39Z,7580bcc5-7b8b-5902-1e27-7ce771ba76a8,,DALY,DALY,0.0,a,numeric
2016-07-08T21:05:39Z,7580bcc5-7b8b-5902-1e27-7ce771ba76a8,,DALY,DALY,0.0,a,numeric
2017-07-08T21:05:39Z,7580bcc5-7b8b-5902-1e27-7ce771ba76a8,,DALY,DALY,0.0,a,numeric
2018-07-08T21:05:39Z,7580bcc5-7b8b-5902-1e27-7ce771ba76a8,,DALY,DALY,0.0,a,numeric
2019-07-08T21:05:39Z,7580bcc5-7b8b-5902-1e27-7ce771ba76a8,,DALY,DALY,0.0,a,numeric
2020-07-08T21:05:39Z,7580bcc5-7b8b-5902-1e27-7ce771ba76a8,,DALY,DALY,0.0,a,numeric
2011-07-08T21:05:39Z,7580bcc5-7b8b-5902-1e27-7ce771ba76a8,,QOLS,QOLS,1.0,{score},numeric
2012-07-08T21:05:39Z,7580bcc5-7b8b-5902-1e27-7ce771ba76a8,,QOLS,QOLS,1.0,{score},numeric
2013-07-08T21:05:39Z,7580bcc5-7b8b-5902-1e27-7ce771ba76a8,,QOLS,QOLS,1.0,{score},numeric
2014-07-08T21:05:39Z,7580bcc5-7b8b-5902-1e27-7ce771ba76a8,,QOLS,QOLS,1.0,{score},numeric
2015-07-08T21:05:39Z,7580bcc5-7b8b-5902-1e27-7ce771ba76a8,,QOLS,QOLS,1.0,{score},numeric
2016-07-08T21:05:39Z,7580bcc5-7b8b-5902-1e27-7ce771ba76a8,,QOLS,QOLS,1.0,{score},numeric
2017-07-08T21:05:39Z,7580bcc5-7b8b-5902-1e27-7ce771ba76a8,,QOLS,QOLS,1.0,{score},numeric
2018-07-08T21:05:39Z,7580bcc5-7b8b-5902-1e27-7ce771ba76a8,,QOLS,QOLS,1.0,{score},numeric
2019-07-08T21:05:39Z,7580bcc5-7b8b-5902-1e27-7ce771ba76a8,,QOLS,QOLS,1.0,{score},numeric
2020-07-08T21:05:39Z,7580bcc5-7b8b-5902-1e27-7ce771ba76a8,,QOLS,QOLS,1.0,{score},numeric
2011-06-09T21:37:58Z,cbd58c80-dd70-e3f5-e2df-7c1d47e1000c,,QALY,QALY,37.7,a,numeric
2012-06-09T21:37:58Z,cbd58c80-dd70-e3f5-e2df-7c1d47e1000c,,QALY,QALY,38.5,a,numeric
2013-06-09T21:37:58Z,cbd58c80-dd70-e3f5-e2df-7c1d47e1000c,,QALY,QALY,39.3,a,numeric
2014-06-09T21:37:58Z,cbd58c80-dd70-e3f5-e2df-7c1d47e1000c,,QALY,QALY,40.1,a,numeric
2015-06-09T21:37:58Z,cbd58c80-dd70-e3f5-e2df-7c1d47e1000c,,QALY,QALY,40.9,a,numeric
2016-06-09T21:37:58Z,cbd58c80-dd70-e3f5-e2df-7c1d47e1000c,,QALY,QALY,41.7,a,numeric
2017-06-09T21:37:58Z,cbd58c80-dd70-e3f5-e2df-7c1d47e1000c,,QALY,QALY,42.5,a,numeric
2018-06-09T21:37:58Z,cbd58c80-dd70-e3f5-e2df-7c1d47e1000c,,QALY,QALY,43.4,a,numeric
2019-06-09T21:37:58Z,cbd58c80-dd70-e3f5-e2df-7c1d47e1000c,,QALY,QALY,44.2,a,numeric
2020-06-09T21:37:58Z,cbd58c80-dd70-e3f5-e2df-7c1d47e1000c,,QALY,QALY,45.0,a,numeric
2011-06-09T21:37:58Z,cbd58c80-dd70-e3f5-e2df-7c1d47e1000c,,DALY,DALY,8.3,a,numeric
2012-06-09T21:37:58Z,cbd58c80-dd70-e3f5-e2df-7c1d47e1000c,,DALY,DALY,8.5,a,numeric
2013-06-09T21:37:58Z,cbd58c80-dd70-e3f5-e2df-7c1d47e1000c,,DALY,DALY,8.7,a,numeric
2014-06-09T21:37:58Z,cbd58c80-dd70-e3f5-e2df-7c1d47e1000c,,DALY,DALY,8.9,a,numeric
2015-06-09T21:37:58Z,cbd58c80-dd70-e3f5-e2df-7c1d47e1000c,,DALY,DALY,9.1,a,numeric
2016-06-09T21:37:58Z,cbd58c80-dd70-e3f5-e2df-7c1d47e1000c,,DALY,DALY,9.3,a,numeric
2017-06-09T21:37:58Z,cbd58c80-dd70-e3f5-e2df-7c1d47e1000c,,DALY,DALY,9.5,a,numeric
2018-06-09T21:37:58Z,cbd58c80-dd70-e3f5-e2df-7c1d47e1000c,,DALY,DALY,9.6,a,numeric
2019-06-09T21:37:58Z,cbd58c80-dd70-e3f5-e2df-7c1d47e1000c,,DALY,DALY,9.8,a,numeric
2020-06-09T21:37:58Z,cbd58c80-dd70-e3f5-e2df-7c1d47e1000c,,DALY,DALY,10.0,a,numeric
2011-06-09T21:37:58Z,cbd58c80-dd70-e3f5-e2df-7c1d47e1000c,,QOLS,QOLS,0.8,{score},numeric
2012-06-09T21:37:58Z,cbd58c80-dd70-e3f5-e2df-7c1d47e1000c,,QOLS,QOLS,0.8,{score},numeric
2013-06-09T21:37:58Z,cbd58c80-dd70-e3f5-e2df-7c1d47e1000c,,QOLS,QOLS,0.8,{score},numeric
2014-06-09T21:37:58Z,cbd58c80-dd70-e3f5-e2df-7c1d47e1000c,,QOLS,QOLS,0.8,{score},numeric
2015-06-09T21:37:58Z,cbd58c80-dd70-e3f5-e2df-7c1d47e1000c,,QOLS,QOLS,0.8,{score},numeric
2016-06-09T21:37:58Z,cbd58c80-dd70-e3f5-e2df-7c1d47e1000c,,QOLS,QOLS,0.8,{score},numeric
2017-06-09T21:37:58Z,cbd58c80-dd70-e3f5-e2df-7c1d47e1000c,,QOLS,QOLS,0.8,{score},numeric
2018-06-09T21:37:58Z,cbd58c80-dd70-e3f5-e2df-7c1d47e1000c,,QOLS,QOLS,0.8,{score},numeric
2019-06-09T21:37:58Z,cbd58c80-dd70-e3f5-e2df-7c1d47e1000c,,QOLS,QOLS,0.8,{score},numeric
2020-06-09T21:37:58Z,cbd58c80-dd70-e3f5-e2df-7c1d47e1000c,,QOLS,QOLS,0.8,{score},numeric
