Id,NAME,ADDRESS,CITY,STATE,ZIP,LAT,LON,PHONE,REVENUE,UTILIZATION
49318f80-bd8b-3fc7-a096-ac43088b0c12,COOLEY DICKINSON HOSPITAL INC THE,30 LOCUST STREET,NORTHAMPTON,MA,01060,42.327044,-72.67463000000002,4135822000,129.16,1
db0acede-4abe-3c01-8d03-5c68a190d8c7,SOUTH SHORE HOSPITAL,55 FOGG ROAD,SOUTH WEYMOUTH,MA,02190,42.24158900000001,-71.082651,7813408000,129.16,1
cef6c60b-3b96-3bdc-b7ee-bb81307e9f72,PCP10711,1789 NORTHAMPTON ST,HOLYOKE,MA,01040-1920,42.211656,-72.642448,413-207-2803,2195.7200000000003,17
46eaf6f1-29f0-394b-a6aa-6d6f9219a973,PCP18988,10 PHOENIX ROW,HAVERHILL,MA,01832-5734,42.782945,-71.087436,978-372-0575,5683.039999999996,44
95702d0c-4705-3059-8260-9c75aa7e819c,PCP19512,29 COTTAGE AVE,QUINCY,MA,02169-5263,42.261006,-71.008988,617-731-6170,5941.359999999996,46
10968ba2-75e7-351a-a73a-c37a2a8dfcfc,PCP25544,65 EASTERN AVE,ESSEX,MA,01929-1300,42.64042,-70.77117199999999,978-290-8889,5683.039999999996,44
09091e3c-017b-33b4-bb50-28c0dd74a15d,PCP31553,70 COURT ST,WESTFIELD,MA,01085-3521,42.138838,-72.755911,413-562-10111,3874.7999999999984,30
946ef31f-906c-3102-b9dd-09f0b28e3b38,PCP34185,90 CONZ ST,NORTHAMPTON,MA,01060-3881,42.327044,-72.67463000000001,413-387-5129,7620.439999999994,59
dfb1ef71-cbff-3be9-94c8-0e0e0a70c284,EYE CENTER LLC,61 LINCOLN ST,FRAMINGHAM,MA,01702-8264,42.307905,-71.436196,508-620-0017,4520.599999999998,35
f022c152-0035-385a-bf96-307024125878,PCP44850,1309 BEACON ST,BROOKLINE,MA,02446-5252,42.323853,-71.142003,617-515-4059,1291.6000000000001,10
6d292afa-3f27-3fa6-945e-cdce925a8062,PCP57666,550 BELMONT ST,WATERTOWN,MA,02472-4951,42.369451,-71.177925,617-924-0268,5424.719999999997,42
3736f71b-4b15-3e9b-8578-8256538f0ac1,RCNA1 PLLC,380 R MERRIMACK ST,METHUEN,MA,01844-5883,42.742751,-71.178588,978-975-0700,6457.999999999995,50
1f645c13-be73-3c42-9b77-e1257a5d9d41,PCP88418,272 MAIN ST,STONEHAM,MA,02180-3505,42.474208000000004,-71.097665,,3616.4799999999987,28
99157068-4f0d-3906-8723-d8b7fda349f5,PCP107381,1533 LAKEVIEW AVE,DRACUT,MA,01826-3324,42.679722999999996,-71.30068,,4908.079999999997,38
2081b743-fb07-3f55-a1f0-1d4334fbb37d,PCP116153,100 COPELAND DR,MANSFIELD,MA,02048-1245,42.017302,-71.21641,508-954-2372,5037.239999999997,39
342bbb13-8f8b-3d5e-abc8-571e6c1d5603,PCP148836,367 WORCESTER ST,WELLESLEY,MA,02181-5346,42.305932,-71.282917,,8912.039999999994,69
5a8f2730-6156-364e-9bd6-49a429cf6f6b,L AND M RADIOLOGY  INC.,1 GENERAL ST,LAWRENCE,MA,01841-2961,42.700272999999996,-71.161357,978-946-8103,4908.079999999997,38
b0ed7de1-2ddf-3b6b-9142-e02d91d49c23,HARBOR MEDICAL ASSOCIATES  INC.,135 WEBSTER ST,HANOVER,MA,02339-1200,42.122956,-70.85631,781-331-1999,4003.959999999998,31
fe90cb79-f0ff-3ef1-9dbf-5657cedf8332,NEW HORIZONS MEDICAL   P.C.,214 HOWARD ST,FRAMINGHAM,MA,01702-8311,42.307905,-71.436196,508-872-0700,5812.199999999996,45
6d76ab92-85e0-3615-b72a-0d9fe04e7c9b,PCP219976,200 SILVER ST,AGAWAM,MA,01001-3067,42.064731,-72.653477,,5812.199999999996,45
1c54a268-3318-36f9-af81-4a428e5a16ee,PCP263375,950 CAMBRIDGE ST,CAMBRIDGE,MA,02141-1001,42.376043,-71.11868,,4133.119999999998,32
b03dba4f-892f-365c-bfd1-bfcfa7a98d5d,WESTERN MASS PHYSICIAN ASSOCIATES INC,262 NEW LUDLOW RD,CHICOPEE,MA,01020-4488,42.175668,-72.572257,413-552-3250,5683.039999999996,44
f21bfa6a-689c-393c-95c9-4435858a49c2,SPEECH LANGUAGE PATHOLOGY CENTER,99 LONGWATER CIR,NORWELL,MA,02061-1643,42.164569,-70.818844,781-792-2700,2583.2,20
ca2eaac0-decd-3e6b-9306-da358c0fcbf5,MARATHON PHYSICAL THERAPY AND SPORTS MEDICINE  LLC,2 BELMONT ST,EASTON,MA,02334,42.040515,-71.109329,857-444-7026,6199.679999999996,48
4d9877c9-5eb6-3db0-8bdb-cd2b01a6b668,SOUTHCOAST PHYSICIANS GROUP  INC..,208 MILL RD,FAIRHAVEN,MA,02719-5208,41.633619,-70.871306,508-996-1800,4778.919999999997,37
5d4a38f6-6b92-35b4-9a6e-16304971ce2b,WACHUSETT RADIOLOGY INC,55 HOSPITAL DR,WINCHENDON,MA,01475-1820,42.66816,-72.055644,978-297-2311,6328.839999999996,49
8618df85-fca3-339e-aba6-2000282332aa,STURDY MEMORIAL ASSOCIATES  INC.,63 N MAIN ST,ATTLEBORO,MA,02703-2219,41.931653000000004,-71.294503,508-455-0442,3745.6399999999985,29
