Id,BIRTHDATE,DEATHDATE,SSN,DRIVERS,PASSPORT,PREFIX,FIRST,LAST,SUFFIX,MAIDEN,MARITAL,RACE,ETHNICITY,GENDER,BIRTHPLACE,ADDRESS,CITY,STATE,COUNTY,ZIP,LAT,LON,HEALTHCARE_EXPENSES,HEALTHCARE_COVERAGE
b89898ea-609d-911b-d62b-693fd4ef5af1,1979-08-01,,999-25-5500,S99996932,X83110174X,Mrs.,Leeanne840,Aufderhar910,,Farrell962,M,black,nonhispanic,F,Webster  Massachusetts  US,376 Yost Street,Framingham,Massachusetts,Middlesex County,01702,42.33073060527562,-71.46192383141677,1099450.0,2870.6
7753df12-e612-f099-4b01-8bed528b5d4f,1974-11-14,,999-77-2436,S99926898,X32318542X,Mrs.,Geraldine667,Nitzsche158,,Huel628,M,white,nonhispanic,F,Rehoboth  Massachusetts  US,224 Kuhic Course Unit 71,Dracut,Massachusetts,Middlesex County,,42.656080246475256,-71.277083268909,1224905.0,3203.08
60ff6b03-485f-f626-2c21-f8cd3eb0fbd0,1989-03-08,,999-70-9236,S99962032,X66873081X,Mrs.,Lashon823,Rosenbaum794,,Leannon79,M,white,nonhispanic,F,Amherst  Massachusetts  US,197 Nicolas Branch Suite 66,Belmont,Massachusetts,Middlesex County,02138,42.370152675330814,-71.14749146375027,846175.0,2758.12
231a6b03-e488-aca9-fdd6-6c193c87fe50,1977-01-10,,999-99-8079,S99962429,X20608719X,Mr.,Rocky100,Kertzmann286,,,M,asian,nonhispanic,M,Leominster  Massachusetts  US,991 Collins Loaf Unit 28,Acushnet,Massachusetts,Bristol County,,41.675573661882936,-70.86166104215845,903480.0,2298.92
d729b76d-a0e4-4751-b368-2f2c1299c412,1968-01-30,,999-89-7967,S99984443,X855119X,Mr.,Mckinley734,Dibbert990,,,M,white,nonhispanic,M,Lincoln  Massachusetts  US,288 Blick Tunnel,Cambridge,Massachusetts,Middlesex County,02142,42.36238730211456,-71.14731785048738,1085620.0,2704.72
a6b0b85c-82ee-38da-38b2-878c20f7dfb0,1966-03-27,,999-83-1724,S99931305,X9886238X,Mrs.,Hiroko446,Schoen8,,Bernhard322,M,white,nonhispanic,F,Springfield  Massachusetts  US,746 Moore Ville Apt 36,Chicopee,Massachusetts,Hampden County,,42.18121700351653,-72.59564108125048,1254480.0,3303.04
1bda6ddc-da2e-fd24-5bba-7cb7e55ad5f5,1966-08-19,,999-53-9673,S99976837,X70733839X,Mr.,Carlos172,Guevara385,,,M,white,hispanic,M,Portsmouth  Saint John Parish  DM,1058 Runolfsdottir Mews,Hamilton,Massachusetts,Essex County,,42.62558460609081,-70.80951095040467,1116220.0,2963.04
24db91f3-6907-1a29-3b90-5d0d7373771c,1961-09-14,,999-48-6399,S99986155,X7003071X,Mr.,Linwood526,Reynolds644,,,M,white,nonhispanic,M,Sturbridge  Massachusetts  US,577 Weimann Dale,Winchendon,Massachusetts,Worcester County,,42.68681917431294,-72.07128985333836,1430405.0,3923.8399999999997
46c3fcf1-1157-1db0-2853-fab8eba71d86,1992-10-24,,999-58-2099,S99966964,X30213690X,Mrs.,Evie333,McDermott739,,Zboncak558,M,white,nonhispanic,F,Dover  Massachusetts  US,247 Funk Fort,Rockland,Massachusetts,Plymouth County,,42.14855766976855,-70.86342582074103,86570.0,2683.96
98f55ffd-bd8b-6c43-3ff0-aad6a6ecf4c5,1997-10-04,,999-66-7868,S99953559,X36110182X,Mr.,Young120,Metz686,,,,white,nonhispanic,M,Shrewsbury  Massachusetts  US,527 Ondricka Pathway Suite 6,Attleboro,Massachusetts,Bristol County,02861,41.938140790146704,-71.25751179003363,619135.0,2810.64
92129d8d-97ac-cf92-e9fb-fe0533c39662,1995-06-25,,999-50-3050,S99933868,X16363877X,Mr.,Van763,Predovic534,,,,black,hispanic,M,Mansfield Center  Massachusetts  US,1097 Miller Crossing Unit 43,Westfield,Massachusetts,Hampden County,01086,42.17235828493389,-72.78335136459336,678645.0,2829.7999999999997
4537ab79-f204-3794-22e2-c6bd3f315947,1972-04-12,,999-19-2504,S99999944,X53699456X,Mrs.,Walter473,Bednar518,,Boehm581,M,white,hispanic,F,New Bedford  Massachusetts  US,134 Steuber Bridge,Foxborough,Massachusetts,Norfolk County,,42.0577152252416,-71.19736502877407,1293160.0,3277.24
6dbf05a1-37ae-680f-69b3-18b8056ad8ce,1965-10-20,,999-69-4701,S99981035,X16765016X,Mrs.,Luisa710,Molina998,,Yáñez198,M,white,hispanic,F,Gaudalajara  Jalisco  MX,540 Gutkowski Quay,West Springfield,Massachusetts,Hampden County,01089,42.0785833458477,-72.64493108206851,31491.4,320.79999999999995
b7f80228-621e-dbbd-e40f-b1318913d35a,1965-05-31,,999-91-6110,S99982196,X57668662X,Ms.,Sharleen176,Rice937,,,S,asian,nonhispanic,F,Chicopee  Massachusetts  US,532 Halvorson Run Apt 27,Framingham,Massachusetts,Middlesex County,,42.30722927334454,-71.44225874052337,1273550.0,3362.2
b48284c0-d7c4-647d-d9c7-0a827c11cd2c,1966-12-16,,999-29-6271,S99925367,X58117802X,Mr.,Malcolm243,Konopelski743,,,S,white,nonhispanic,M,Lynn  Massachusetts  US,215 Cole Branch,Haverhill,Massachusetts,Essex County,01835,42.7427317363265,-71.10159552791517,1174350.0,3133.04
56378fa6-045b-df98-d4c3-55b9811df926,2001-05-18,,999-94-3173,S99977571,,Mr.,Chuck784,Schulist381,,,,black,nonhispanic,M,Boston  Massachusetts  US,594 Spinka Gateway,Winchester,Massachusetts,Middlesex County,01890,42.48364581257965,-71.11819639976655,500580.0,2836.48
f99dd349-30b9-e18b-6246-0be3408031bf,2018-04-24,,999-88-8047,,,,Ghislaine112,Parisian75,,,,white,nonhispanic,F,Littleton  Massachusetts  US,999 Schmidt Ferry Unit 13,Boston,Massachusetts,Suffolk County,02125,42.30355066233148,-71.128172020434,23445.8,645.8
8d533eca-e4bb-c02f-af29-2757f8d80bbd,2012-08-05,,999-15-8263,,,,Ashlie138,Nitzsche158,,,,white,nonhispanic,F,Winchendon  Massachusetts  US,829 Boehm Glen Suite 99,Holyoke,Massachusetts,Hampden County,01040,42.17849145847141,-72.62294617677188,195700.0,2195.72
6b7a2ee5-ec16-bce7-710b-4f2099483210,1952-05-23,,999-17-8166,S99997130,X66815759X,Mr.,Santos184,Dicki44,,,M,white,nonhispanic,M,Boston  Massachusetts  US,404 Waters Overpass,Northampton,Massachusetts,Hampshire County,01060,42.30232360656445,-72.67425836318353,1738764.76,5200.44
bc350372-6a42-9faf-2cad-f21e11d7c30b,1960-03-05,,999-15-3715,S99974568,X22524361X,Mrs.,Billy698,Lynch190,,Rippin620,M,white,nonhispanic,F,Chicopee  Massachusetts  US,657 Huel Quay Suite 92,Lawrence,Massachusetts,Essex County,01841,42.72815271013951,-71.16515829906476,185220.0,4238.0
ba927d89-4f5e-3209-c7b2-e8602a89a06c,1974-06-01,,999-67-6351,S99916056,X55846772X,Mr.,Gregg522,Kulas532,,,M,white,nonhispanic,M,Boston  Massachusetts  US,623 Bosco Branch,Lawrence,Massachusetts,Essex County,01843,42.72094903613272,-71.147038612794,956260.0,2348.08
2578be14-6ff3-18b6-e86a-732addf9f660,2009-06-17,,999-38-6556,,,,Linwood526,Koch169,,,,black,nonhispanic,M,Plymouth  Massachusetts  US,636 Lemke Haven Apt 92,Norwell,Massachusetts,Plymouth County,,42.173293311853044,-70.83374143163303,310200.0,2583.2
5d7435b3-f120-ed26-9abd-4767e0d98203,1962-04-06,,999-44-5455,S99928402,X16437928X,Mr.,José3,Pedroza523,,,M,white,hispanic,M,Santiago de los Caballeros  Santiago  DO,950 O'Conner Ranch,Easton,Massachusetts,Bristol County,,42.00286440647069,-71.0973339805505,1345820.0,3679.68
7580bcc5-7b8b-5902-1e27-7ce771ba76a8,1941-07-08,,999-11-7465,S99934373,X59501930X,Mr.,Michal596,Schinner682,,,M,white,nonhispanic,M,Wenham  Massachusetts  US,134 Huel Parade,Needham,Massachusetts,Norfolk County,,42.32972725584766,-71.24949515791796,1609260.0,5402.04
cbd58c80-dd70-e3f5-e2df-7c1d47e1000c,1964-06-09,,999-51-3673,S99923364,X70551319X,Mr.,Benito209,Wuckert783,,,S,black,nonhispanic,M,Dracut  Massachusetts  US,764 Streich Extension,Quincy,Massachusetts,Norfolk County,02171,42.25044396459671,-71.04219262056979,1500611.44,4016.3599999999997
