Id,NAME,ADDRESS,CITY,STATE_HEADQUARTERED,ZIP,PHONE,AMOUNT_COVERED,AMOUNT_UNCOVERED,REVENUE,COVERED_ENCOUNTERS,UNCOVERED_ENCOUNTERS,COVERED_MEDICATIONS,UNCOVERED_MEDICATIONS,COVERED_PROCEDURES,UNCOVERED_PROCEDURES,COVERED_IMMUNIZATIONS,UNCOVERED_IMMUNIZATIONS,UNIQUE_CUSTOMERS,QOLS_AVG,MEMBER_MONTHS
b3221cfc-24fb-339e-823d-bc4136cbc4ed,Dual Eligible,7500 Security Blvd,Baltimore,MD,21244,1-877-267-2323,0.00,0.00,0.00,0,0,0,0,0,0,0,0,0,NaN,0
7caa7254-5050-3b5e-9eae-bd5ea30e809c,Medicare,7500 Security Blvd,Baltimore,MD,21244,1-800-633-4227,2454.04,0.00,55000.00,19,0,0,0,4,0,23,0,2,0.8748831770393648,228
7c4411ce-02f1-39b5-b9ec-dfbea9ad3c1a,Medicaid,7500 Security Blvd,Baltimore,MD,21244,1-877-267-2323,6921.96,3540.00,268250.00,81,0,0,0,0,0,100,0,2,0.9777777777777777,1080
d47b3510-2895-3b70-9897-342d681c769d,Humana,500 West Main St,Louisville,KY,40018,1-844-330-7799,10314.76,10480.00,4049400.00,161,0,0,0,0,0,183,0,4,0.9800995024875622,2412
6e2f1a2d-27bd-3701-8d08-dae202c58632,Blue Cross Blue Shield,Michigan Plaza,Chicago,IL,60007,1-800-262-2583,3133.04,2550.00,1171800.00,44,0,0,0,0,0,48,0,1,0.9818181818181818,660
5059a55e-5d6e-34d1-b6cb-d83d16e57bcf,UnitedHealthcare,9800 Healthcare Lane,Minnetonka,MN,55436,1-888-545-5205,13186.44,7350.00,4085000.00,159,0,0,0,0,0,200,0,5,0.9722222222222222,2160
4d71f845-a6a9-3c39-b242-14d25ef86a8d,Aetna,151 Farmington Ave,Hartford,CT,6156,1-800-872-3862,7709.28,6240.00,3016000.00,108,0,0,0,0,0,100,0,3,0.9841269841269841,1512
047f6ec3-6215-35eb-9608-f9dda363a44c,Cigna Health,900 Cottage Grove Rd,Bloomfield,CT,6002,1-800-997-1654,2836.48,780.00,499800.00,28,0,0,0,0,0,46,0,1,0.95,240
42c4fca7-f8a9-3cd1-982a-dd9751bf3e2a,Anthem,220 Virginia Ave,Indianapolis,IN,46204,1-800-331-1476,29032.84,12815.00,9279600.00,324,2,0,3,17,3,421,0,9,0.9434437133766366,4248
b1c428d6-4f07-31e0-90f0-68ffa6ff8c76,NO_INSURANCE,,,,,,0.00,13193.40,0.00,0,45,0,0,0,0,0,53,2,1.0,684
