PATIENT,START_YEAR,END_YEAR,PAYER,OWNERSHIP
b89898ea-609d-911b-d62b-693fd4ef5af1,1979,1997,42c4fca7-f8a9-3cd1-982a-dd9751bf3e2a,Guardian
60ff6b03-485f-f626-2c21-f8cd3eb0fbd0,1989,2007,42c4fca7-f8a9-3cd1-982a-dd9751bf3e2a,Guardian
7753df12-e612-f099-4b01-8bed528b5d4f,1974,1992,42c4fca7-f8a9-3cd1-982a-dd9751bf3e2a,Guardian
231a6b03-e488-aca9-fdd6-6c193c87fe50,1977,1995,d47b3510-2895-3b70-9897-342d681c769d,Guardian
d729b76d-a0e4-4751-b368-2f2c1299c412,1968,1986,d47b3510-2895-3b70-9897-342d681c769d,Guardian
a6b0b85c-82ee-38da-38b2-878c20f7dfb0,1966,1984,5059a55e-5d6e-34d1-b6cb-d83d16e57bcf,Guardian
1bda6ddc-da2e-fd24-5bba-7cb7e55ad5f5,1966,1984,d47b3510-2895-3b70-9897-342d681c769d,Guardian
24db91f3-6907-1a29-3b90-5d0d7373771c,1961,1979,4d71f845-a6a9-3c39-b242-14d25ef86a8d,Guardian
46c3fcf1-1157-1db0-2853-fab8eba71d86,1992,1992,7c4411ce-02f1-39b5-b9ec-dfbea9ad3c1a,Self
98f55ffd-bd8b-6c43-3ff0-aad6a6ecf4c5,1997,2015,42c4fca7-f8a9-3cd1-982a-dd9751bf3e2a,Guardian
92129d8d-97ac-cf92-e9fb-fe0533c39662,1995,2013,42c4fca7-f8a9-3cd1-982a-dd9751bf3e2a,Guardian
4537ab79-f204-3794-22e2-c6bd3f315947,1972,1990,42c4fca7-f8a9-3cd1-982a-dd9751bf3e2a,Guardian
6dbf05a1-37ae-680f-69b3-18b8056ad8ce,1965,1965,b1c428d6-4f07-31e0-90f0-68ffa6ff8c76,
b7f80228-621e-dbbd-e40f-b1318913d35a,1965,1983,5059a55e-5d6e-34d1-b6cb-d83d16e57bcf,Guardian
b48284c0-d7c4-647d-d9c7-0a827c11cd2c,1966,1984,6e2f1a2d-27bd-3701-8d08-dae202c58632,Guardian
56378fa6-045b-df98-d4c3-55b9811df926,2001,2019,047f6ec3-6215-35eb-9608-f9dda363a44c,Guardian
f99dd349-30b9-e18b-6246-0be3408031bf,2018,2018,b1c428d6-4f07-31e0-90f0-68ffa6ff8c76,
6b7a2ee5-ec16-bce7-710b-4f2099483210,1952,1970,42c4fca7-f8a9-3cd1-982a-dd9751bf3e2a,Guardian
6b7a2ee5-ec16-bce7-710b-4f2099483210,1971,2017,7caa7254-5050-3b5e-9eae-bd5ea30e809c,Self
bc350372-6a42-9faf-2cad-f21e11d7c30b,1960,1960,7c4411ce-02f1-39b5-b9ec-dfbea9ad3c1a,Self
ba927d89-4f5e-3209-c7b2-e8602a89a06c,1974,1992,d47b3510-2895-3b70-9897-342d681c769d,Guardian
5d7435b3-f120-ed26-9abd-4767e0d98203,1962,1980,5059a55e-5d6e-34d1-b6cb-d83d16e57bcf,Guardian
7580bcc5-7b8b-5902-1e27-7ce771ba76a8,1941,1959,4d71f845-a6a9-3c39-b242-14d25ef86a8d,Guardian
7580bcc5-7b8b-5902-1e27-7ce771ba76a8,1960,2006,7caa7254-5050-3b5e-9eae-bd5ea30e809c,Self
cbd58c80-dd70-e3f5-e2df-7c1d47e1000c,1964,1982,42c4fca7-f8a9-3cd1-982a-dd9751bf3e2a,Guardian
