DATE,PATIENT,ENCOUNTER,CODE,DESCRIPTION,BASE_COST,REASONCODE,REASONDESCRIPTION
2011-08-19T21:23:54Z,6b7a2ee5-ec16-bce7-710b-4f2099483210,35c7a28d-a0b1-7487-9f7e-d64cc0af0f90,180325003,Electrical cardioversion,28817.69,49436004,Atrial Fibrillation
2012-08-24T21:23:54Z,6b7a2ee5-ec16-bce7-710b-4f2099483210,bba7ed29-e26a-f59f-3d55-3cfe004a63b7,18286008,Catheter ablation of tissue of heart,7890.56,49436004,Atrial Fibrillation
2013-08-30T21:23:54Z,6b7a2ee5-ec16-bce7-710b-4f2099483210,ac1c977d-97e7-e72d-0c3b-ca8ad5bcc944,180325003,Electrical cardioversion,28708.17,49436004,Atrial Fibrillation
2014-08-29T21:23:54Z,6b7a2ee5-ec16-bce7-710b-4f2099483210,9a004315-5cce-122e-c6f1-b1156e1d1373,40701008,Echocardiography (procedure),932.09,230690007,Stroke
2014-08-29T21:23:54Z,6b7a2ee5-ec16-bce7-710b-4f2099483210,9a004315-5cce-122e-c6f1-b1156e1d1373,433112001,Percutaneous mechanical thrombectomy of portal vein using fluoroscopic guidance,26854.95,230690007,Stroke
2014-09-05T21:23:54Z,6b7a2ee5-ec16-bce7-710b-4f2099483210,9ce34279-4ff3-efcd-885d-b3ed42b426f8,18286008,Catheter ablation of tissue of heart,15893.42,49436004,Atrial Fibrillation
2015-09-11T21:23:54Z,6b7a2ee5-ec16-bce7-710b-4f2099483210,dbb461e7-df7f-d608-161f-816a1704b143,180325003,Electrical cardioversion,19856.15,49436004,Atrial Fibrillation
2016-09-16T21:23:54Z,6b7a2ee5-ec16-bce7-710b-4f2099483210,8f610746-d0ba-ca93-c0fc-55fad0009006,180325003,Electrical cardioversion,32733.88,49436004,Atrial Fibrillation
2017-09-22T21:23:54Z,6b7a2ee5-ec16-bce7-710b-4f2099483210,8542dd56-3c83-1ffc-f00a-3c7eb6aeacf3,180325003,Electrical cardioversion,27251.01,49436004,Atrial Fibrillation
2018-09-28T21:23:54Z,6b7a2ee5-ec16-bce7-710b-4f2099483210,13e07e23-9969-410f-85de-7fd3536c51ca,180325003,Electrical cardioversion,40403.96,49436004,Atrial Fibrillation
2019-10-04T21:23:54Z,6b7a2ee5-ec16-bce7-710b-4f2099483210,12e9d0c4-8843-4e7b-2639-21ab88213892,180325003,Electrical cardioversion,31248.41,49436004,Atrial Fibrillation
2020-10-09T21:23:54Z,6b7a2ee5-ec16-bce7-710b-4f2099483210,c0b00e42-85aa-72b5-6ff0-6aa7076ddc26,180325003,Electrical cardioversion,42351.03,49436004,Atrial Fibrillation
