Id,ORGANIZATION,NAME,GENDER,SPECIALITY,ADDRESS,CITY,STATE,ZIP,LAT,LON,UTILIZATION
387fd700-d085-353d-8d58-a7880ac48869,49318f80-bd8b-3fc7-a096-ac43088b0c12,Óscar156 Pérez790,M,GENERAL PRACTICE,30 LOCUST STREET,NORTHAMPTON,MA,01060,42.327044,-72.67463000000002,1
3ff69e6a-cf8b-34f4-85be-2428b2ff59ed,db0acede-4abe-3c01-8d03-5c68a190d8c7,Amira620 Nienow652,F,GENERAL PRACTICE,55 FOGG ROAD,SOUTH WEYMOUTH,MA,02190,42.24158900000001,-71.082651,1
1135a853-d96e-3813-aade-1962b20845c1,cef6c60b-3b96-3bdc-b7ee-bb81307e9f72,Detra426 Conn188,F,CLINICAL SOCIAL WORKER,1789 NORTHAMPTON ST,HOLYOKE,MA,01040-1920,42.211656,-72.642448,0
52ca4725-fa6f-3fe3-8334-4fce040db827,cef6c60b-3b96-3bdc-b7ee-bb81307e9f72,Thomas756 Conn188,M,GENERAL PRACTICE,1789 NORTHAMPTON ST,HOLYOKE,MA,01040-1920,42.211656,-72.642448,17
cb4e465c-eea0-360a-9a39-dc66b22a81e6,46eaf6f1-29f0-394b-a6aa-6d6f9219a973,Foster87 McCullough561,M,GENERAL PRACTICE,10 PHOENIX ROW,HAVERHILL,MA,01832-5734,42.782945,-71.087436,44
5ec23071-fbd8-3f2e-913b-5ae12ff53d16,95702d0c-4705-3059-8260-9c75aa7e819c,Joleen561 Hilpert278,F,CLINICAL SOCIAL WORKER,29 COTTAGE AVE,QUINCY,MA,02169-5263,42.261006,-71.008988,0
557331eb-744f-37bc-b817-eae83dc44578,95702d0c-4705-3059-8260-9c75aa7e819c,Jacquelyn628 Dicki44,F,CLINICAL SOCIAL WORKER,29 COTTAGE AVE,QUINCY,MA,02169-5263,42.261006,-71.008988,0
0d76cc80-49fb-33e0-8674-eb07eb07bbfe,95702d0c-4705-3059-8260-9c75aa7e819c,Joleen561 Hilpert278,F,GENERAL PRACTICE,29 COTTAGE AVE,QUINCY,MA,02169-5263,42.261006,-71.008988,46
f9999236-b506-3e50-856a-5b148474ddee,10968ba2-75e7-351a-a73a-c37a2a8dfcfc,Blanche121 Wisoky380,F,CLINICAL SOCIAL WORKER,65 EASTERN AVE,ESSEX,MA,01929-1300,42.64042,-70.77117199999999,0
c7dc2724-c4db-32b4-8f22-70b8fcb8221c,10968ba2-75e7-351a-a73a-c37a2a8dfcfc,Zachery872 Schaden604,M,CLINICAL SOCIAL WORKER,65 EASTERN AVE,ESSEX,MA,01929-1300,42.64042,-70.77117199999999,0
04343cd4-23f8-3d9b-9793-72da4da0fc03,10968ba2-75e7-351a-a73a-c37a2a8dfcfc,Blanche121 Wisoky380,F,GENERAL PRACTICE,65 EASTERN AVE,ESSEX,MA,01929-1300,42.64042,-70.77117199999999,44
877596dc-070c-3a7c-9e67-d3cfa42e98f4,09091e3c-017b-33b4-bb50-28c0dd74a15d,Michal596 Waelchi213,M,CHIROPRACTIC,70 COURT ST,WESTFIELD,MA,01085-3521,42.138838,-72.755911,0
208451b4-dd58-3454-ba48-0e649468eb03,09091e3c-017b-33b4-bb50-28c0dd74a15d,Sanjuana985 Williamson769,F,CHIROPRACTIC,70 COURT ST,WESTFIELD,MA,01085-3521,42.138838,-72.755911,0
58cf4423-03de-3305-b320-85cbbdb51822,09091e3c-017b-33b4-bb50-28c0dd74a15d,Shu104 Waelchi213,F,GENERAL PRACTICE,70 COURT ST,WESTFIELD,MA,01085-3521,42.138838,-72.755911,30
fde516f7-14e3-3555-8ffe-0b95a0c87f47,946ef31f-906c-3102-b9dd-09f0b28e3b38,Phil587 Will178,M,GENERAL PRACTICE,90 CONZ ST,NORTHAMPTON,MA,01060-3881,42.327044,-72.67463000000001,59
9d9864de-2076-3707-83d1-2b0053ffade8,dfb1ef71-cbff-3be9-94c8-0e0e0a70c284,Willie882 Eichmann909,M,GENERAL PRACTICE,61 LINCOLN ST,FRAMINGHAM,MA,01702-8264,42.307905,-71.436196,35
796d9c90-3099-3f13-b133-653c3d8bc838,f022c152-0035-385a-bf96-307024125878,Ellamae709 O'Conner199,F,CLINICAL SOCIAL WORKER,1309 BEACON ST,BROOKLINE,MA,02446-5252,42.323853,-71.142003,0
779eab43-1f03-3530-b837-66f1d095e760,f022c152-0035-385a-bf96-307024125878,Demetra94 Koss676,F,CLINICAL SOCIAL WORKER,1309 BEACON ST,BROOKLINE,MA,02446-5252,42.323853,-71.142003,0
a8ac3dac-8443-3db2-9220-7f16b75eff0a,f022c152-0035-385a-bf96-307024125878,Ellamae709 O'Conner199,F,GENERAL PRACTICE,1309 BEACON ST,BROOKLINE,MA,02446-5252,42.323853,-71.142003,10
0cc94b26-7f33-374c-a273-2657d7bb1135,6d292afa-3f27-3fa6-945e-cdce925a8062,Thresa531 McCullough561,F,CLINICAL PSYCHOLOGIST,550 BELMONT ST,WATERTOWN,MA,02472-4951,42.369451,-71.177925,0
793f6388-bc6c-3a79-b6cb-40848082b6ae,6d292afa-3f27-3fa6-945e-cdce925a8062,Ruben688 Jacobs452,M,CLINICAL PSYCHOLOGIST,550 BELMONT ST,WATERTOWN,MA,02472-4951,42.369451,-71.177925,0
7b555802-9593-3f88-8bcd-e92fcafd27e4,6d292afa-3f27-3fa6-945e-cdce925a8062,Thresa531 McCullough561,F,GENERAL PRACTICE,550 BELMONT ST,WATERTOWN,MA,02472-4951,42.369451,-71.177925,42
99c3c9fc-d7e2-3533-b018-0c537d169b54,3736f71b-4b15-3e9b-8578-8256538f0ac1,Ramón841 Serrano248,M,NURSE PRACTITIONER,380 R MERRIMACK ST,METHUEN,MA,01844-5883,42.742751,-71.178588,0
c2dcb954-f938-3fb4-ab44-34d10755c26a,3736f71b-4b15-3e9b-8578-8256538f0ac1,Ramón841 Serrano248,M,NEUROLOGY,380 R MERRIMACK ST,METHUEN,MA,01844-5883,42.742751,-71.178588,0
9afe0f89-70ad-3084-a357-a291827ac7f8,3736f71b-4b15-3e9b-8578-8256538f0ac1,Gene733 Lindgren255,M,GENERAL PRACTICE,380 R MERRIMACK ST,METHUEN,MA,01844-5883,42.742751,-71.178588,50
24e152a5-d936-3d31-82a6-3a56cdcd5e3a,3736f71b-4b15-3e9b-8578-8256538f0ac1,Lucile200 Lindgren255,F,INTERNAL MEDICINE,380 R MERRIMACK ST,METHUEN,MA,01844-5883,42.742751,-71.178588,0
d15de4c0-2b39-3f53-a54b-75297ee1b9b8,3736f71b-4b15-3e9b-8578-8256538f0ac1,Marcelino726 Herzog843,M,INTERNAL MEDICINE,380 R MERRIMACK ST,METHUEN,MA,01844-5883,42.742751,-71.178588,0
8167385b-e61f-332b-be7b-0c7e357be803,1f645c13-be73-3c42-9b77-e1257a5d9d41,Santo387 Muller251,M,CLINICAL SOCIAL WORKER,272 MAIN ST,STONEHAM,MA,02180-3505,42.474208000000004,-71.097665,0
08f7ec62-80c8-391b-884f-c3bdb81f0422,1f645c13-be73-3c42-9b77-e1257a5d9d41,Brock407 Kihn564,M,CLINICAL SOCIAL WORKER,272 MAIN ST,STONEHAM,MA,02180-3505,42.474208000000004,-71.097665,0
3cf6417b-ba68-33c0-bf6a-127786e6a2a3,1f645c13-be73-3c42-9b77-e1257a5d9d41,Kum811 Muller251,F,GENERAL PRACTICE,272 MAIN ST,STONEHAM,MA,02180-3505,42.474208000000004,-71.097665,28
bae30ae1-5399-3aef-96c3-f68147b83962,99157068-4f0d-3906-8723-d8b7fda349f5,Jose871 DuBuque211,F,CHIROPRACTIC,1533 LAKEVIEW AVE,DRACUT,MA,01826-3324,42.679722999999996,-71.30068,0
af7867e0-d793-304d-919e-b92a5b1d5bae,99157068-4f0d-3906-8723-d8b7fda349f5,Jaleesa813 Bailey598,F,CHIROPRACTIC,1533 LAKEVIEW AVE,DRACUT,MA,01826-3324,42.679722999999996,-71.30068,0
e56afa4a-7a6b-3d62-8e22-2744949854d2,99157068-4f0d-3906-8723-d8b7fda349f5,Jose871 DuBuque211,F,GENERAL PRACTICE,1533 LAKEVIEW AVE,DRACUT,MA,01826-3324,42.679722999999996,-71.30068,38
bd77f0b3-e959-3cdf-ab23-6e36783592fe,2081b743-fb07-3f55-a1f0-1d4334fbb37d,Nora0 Connelly992,F,GENERAL PRACTICE,100 COPELAND DR,MANSFIELD,MA,02048-1245,42.017302,-71.21641,39
0322dd59-7ef2-3d14-a0c2-ddf35dd07367,342bbb13-8f8b-3d5e-abc8-571e6c1d5603,Stefan297 Yundt842,M,PSYCHIATRY,367 WORCESTER ST,WELLESLEY,MA,02181-5346,42.305932,-71.282917,0
28b34e55-d376-3ed2-90c7-3b1c5213ea96,342bbb13-8f8b-3d5e-abc8-571e6c1d5603,Meryl421 Yundt842,F,GENERAL PRACTICE,367 WORCESTER ST,WELLESLEY,MA,02181-5346,42.305932,-71.282917,69
ae5b9db8-c447-36f9-841e-58f3cc4d4972,5a8f2730-6156-364e-9bd6-49a429cf6f6b,Wilbur107 Boehm581,M,GENERAL PRACTICE,1 GENERAL ST,LAWRENCE,MA,01841-2961,42.700272999999996,-71.161357,38
7def05d1-fe5c-36ec-885b-1606eb180204,b0ed7de1-2ddf-3b6b-9142-e02d91d49c23,Jeramy610 Harber290,M,NURSE PRACTITIONER,135 WEBSTER ST,HANOVER,MA,02339-1200,42.122956,-70.85631,0
57da3706-5f5a-3a41-9a99-666c774d161a,b0ed7de1-2ddf-3b6b-9142-e02d91d49c23,Vita624 Harber290,F,OBSTETRICS/GYNECOLOGY,135 WEBSTER ST,HANOVER,MA,02339-1200,42.122956,-70.85631,0
fc8c2ede-c609-3154-a51a-796ef2475c62,b0ed7de1-2ddf-3b6b-9142-e02d91d49c23,Tiesha180 Hilll811,F,OBSTETRICS/GYNECOLOGY,135 WEBSTER ST,HANOVER,MA,02339-1200,42.122956,-70.85631,0
098ef8d4-9e84-39f2-8653-110db5fc6049,b0ed7de1-2ddf-3b6b-9142-e02d91d49c23,Lita714 Pagac496,F,OBSTETRICS/GYNECOLOGY,135 WEBSTER ST,HANOVER,MA,02339-1200,42.122956,-70.85631,0
3b74fcfd-e088-3a7a-a140-f4fc251f3c54,b0ed7de1-2ddf-3b6b-9142-e02d91d49c23,Kristofer887 Kunze215,M,OBSTETRICS/GYNECOLOGY,135 WEBSTER ST,HANOVER,MA,02339-1200,42.122956,-70.85631,0
efdac7b9-b2c7-372c-8875-185e49e5779e,b0ed7de1-2ddf-3b6b-9142-e02d91d49c23,Rhett759 Schuster709,M,OBSTETRICS/GYNECOLOGY,135 WEBSTER ST,HANOVER,MA,02339-1200,42.122956,-70.85631,0
a5b562c2-4016-3a2f-8bb6-6757ceb8ca98,b0ed7de1-2ddf-3b6b-9142-e02d91d49c23,Jeramy610 Harber290,M,CERTIFIED NURSE MIDWIFE,135 WEBSTER ST,HANOVER,MA,02339-1200,42.122956,-70.85631,0
be2a4882-0020-3c99-996a-6862b6e473bc,b0ed7de1-2ddf-3b6b-9142-e02d91d49c23,Jeramy610 Harber290,M,GENERAL PRACTICE,135 WEBSTER ST,HANOVER,MA,02339-1200,42.122956,-70.85631,31
239552dd-52a8-3a8a-8b0e-955d99759c8b,b0ed7de1-2ddf-3b6b-9142-e02d91d49c23,Vita624 Harber290,F,INTERNAL MEDICINE,135 WEBSTER ST,HANOVER,MA,02339-1200,42.122956,-70.85631,0
5989d40f-6ee5-3c2e-bee1-a8e5767323b0,fe90cb79-f0ff-3ef1-9dbf-5657cedf8332,Elisha578 Stiedemann542,F,PEDIATRIC MEDICINE,214 HOWARD ST,FRAMINGHAM,MA,01702-8311,42.307905,-71.436196,0
3bc04939-cf9b-316e-8f57-f6e5b0c6e508,fe90cb79-f0ff-3ef1-9dbf-5657cedf8332,Eloisa55 Rojo930,F,PEDIATRIC MEDICINE,214 HOWARD ST,FRAMINGHAM,MA,01702-8311,42.307905,-71.436196,0
ddbe6130-4e10-383f-bd43-e62ea84d3495,fe90cb79-f0ff-3ef1-9dbf-5657cedf8332,Elisha578 Stiedemann542,F,PHYSICAL MEDICINE AND REHABILITATION,214 HOWARD ST,FRAMINGHAM,MA,01702-8311,42.307905,-71.436196,0
d2940803-50e0-369c-921f-adfb5262cfe0,fe90cb79-f0ff-3ef1-9dbf-5657cedf8332,Delora619 Tremblay80,F,PHYSICAL MEDICINE AND REHABILITATION,214 HOWARD ST,FRAMINGHAM,MA,01702-8311,42.307905,-71.436196,0
aa906808-1722-3bdf-8f44-556c6d63d14d,fe90cb79-f0ff-3ef1-9dbf-5657cedf8332,Royal919 Stiedemann542,M,PSYCHIATRY,214 HOWARD ST,FRAMINGHAM,MA,01702-8311,42.307905,-71.436196,0
cc78d018-fb04-3c23-90ac-4d024b623dc6,fe90cb79-f0ff-3ef1-9dbf-5657cedf8332,Blake449 Tremblay80,M,PSYCHIATRY,214 HOWARD ST,FRAMINGHAM,MA,01702-8311,42.307905,-71.436196,0
b4d52697-ba5d-395a-887a-77c3e27838e3,fe90cb79-f0ff-3ef1-9dbf-5657cedf8332,Royal919 Stiedemann542,M,CLINICAL SOCIAL WORKER,214 HOWARD ST,FRAMINGHAM,MA,01702-8311,42.307905,-71.436196,0
83fceb1e-c91a-3fb1-944a-2ea62e4bf370,fe90cb79-f0ff-3ef1-9dbf-5657cedf8332,Blake449 Tremblay80,M,CLINICAL SOCIAL WORKER,214 HOWARD ST,FRAMINGHAM,MA,01702-8311,42.307905,-71.436196,0
b3872e23-f8e4-3610-a3fa-c82857994ae1,fe90cb79-f0ff-3ef1-9dbf-5657cedf8332,Maria750 DuBuque211,M,CLINICAL SOCIAL WORKER,214 HOWARD ST,FRAMINGHAM,MA,01702-8311,42.307905,-71.436196,0
724491cd-3978-344a-8e97-d4988fb3abab,fe90cb79-f0ff-3ef1-9dbf-5657cedf8332,Thanh759 Bailey598,M,CLINICAL SOCIAL WORKER,214 HOWARD ST,FRAMINGHAM,MA,01702-8311,42.307905,-71.436196,0
b57cc2f4-4dd1-349a-9df1-cc01227ccb70,fe90cb79-f0ff-3ef1-9dbf-5657cedf8332,Bernadine674 Heidenreich818,F,CLINICAL SOCIAL WORKER,214 HOWARD ST,FRAMINGHAM,MA,01702-8311,42.307905,-71.436196,0
3c4bed73-7059-3339-8ed8-270685affc41,fe90cb79-f0ff-3ef1-9dbf-5657cedf8332,Elisha578 Stiedemann542,F,PREVENTATIVE MEDICINE,214 HOWARD ST,FRAMINGHAM,MA,01702-8311,42.307905,-71.436196,0
a033d2bf-d77e-31bf-9eb4-fabba11ffb67,fe90cb79-f0ff-3ef1-9dbf-5657cedf8332,Elisha578 Stiedemann542,F,PHYSICIAN ASSISTANT,214 HOWARD ST,FRAMINGHAM,MA,01702-8311,42.307905,-71.436196,0
c57a3ae2-aa53-3748-978f-3f852a7862d1,fe90cb79-f0ff-3ef1-9dbf-5657cedf8332,Royal919 Stiedemann542,M,FAMILY PRACTICE,214 HOWARD ST,FRAMINGHAM,MA,01702-8311,42.307905,-71.436196,0
5482acca-a2c7-326d-a646-eed5b93556a4,fe90cb79-f0ff-3ef1-9dbf-5657cedf8332,Mario764 Rojo930,M,FAMILY PRACTICE,214 HOWARD ST,FRAMINGHAM,MA,01702-8311,42.307905,-71.436196,0
82b634cc-dd8a-3b54-a55c-19b64fb4525e,fe90cb79-f0ff-3ef1-9dbf-5657cedf8332,Stacee229 DuBuque211,F,FAMILY PRACTICE,214 HOWARD ST,FRAMINGHAM,MA,01702-8311,42.307905,-71.436196,0
b1ac74b3-7643-3d53-b775-37813a8cfdbd,fe90cb79-f0ff-3ef1-9dbf-5657cedf8332,Elisha578 Stiedemann542,F,GENERAL PRACTICE,214 HOWARD ST,FRAMINGHAM,MA,01702-8311,42.307905,-71.436196,45
bea85f32-97c9-3be1-a32c-e345294ea55e,fe90cb79-f0ff-3ef1-9dbf-5657cedf8332,Elisha578 Stiedemann542,F,INTERNAL MEDICINE,214 HOWARD ST,FRAMINGHAM,MA,01702-8311,42.307905,-71.436196,0
89a47f3b-8f92-3016-875d-7382838bda1c,fe90cb79-f0ff-3ef1-9dbf-5657cedf8332,Delora619 Tremblay80,F,INTERNAL MEDICINE,214 HOWARD ST,FRAMINGHAM,MA,01702-8311,42.307905,-71.436196,0
1cc0bd87-8755-34c2-ab6c-705f9e58bbc5,fe90cb79-f0ff-3ef1-9dbf-5657cedf8332,Stacee229 DuBuque211,F,INTERNAL MEDICINE,214 HOWARD ST,FRAMINGHAM,MA,01702-8311,42.307905,-71.436196,0
5bcc7455-e43e-328d-a452-cfff5093b9dc,fe90cb79-f0ff-3ef1-9dbf-5657cedf8332,Royal919 Stiedemann542,M,HOSPITALIST,214 HOWARD ST,FRAMINGHAM,MA,01702-8311,42.307905,-71.436196,0
f57e3864-9906-3836-beb5-40f4775bf39e,6d76ab92-85e0-3615-b72a-0d9fe04e7c9b,Brant303 Gulgowski816,M,GENERAL PRACTICE,200 SILVER ST,AGAWAM,MA,01001-3067,42.064731,-72.653477,45
6a834288-37b0-3677-adfe-f09c098d4fb5,1c54a268-3318-36f9-af81-4a428e5a16ee,Giselle809 Gaylord332,F,GENERAL PRACTICE,950 CAMBRIDGE ST,CAMBRIDGE,MA,02141-1001,42.376043,-71.11868,32
d498e1bf-9b38-3419-afd6-dd1577986792,b03dba4f-892f-365c-bfd1-bfcfa7a98d5d,Clint766 Hudson301,M,NURSE PRACTITIONER,262 NEW LUDLOW RD,CHICOPEE,MA,01020-4488,42.175668,-72.572257,0
7a0d396d-2012-3e3e-936a-d5d49cf4374f,b03dba4f-892f-365c-bfd1-bfcfa7a98d5d,Michal596 Ebert178,F,NURSE PRACTITIONER,262 NEW LUDLOW RD,CHICOPEE,MA,01020-4488,42.175668,-72.572257,0
17049609-3338-3cb3-be4d-1ff53af9d394,b03dba4f-892f-365c-bfd1-bfcfa7a98d5d,Sanjuana985 Roob72,F,NURSE PRACTITIONER,262 NEW LUDLOW RD,CHICOPEE,MA,01020-4488,42.175668,-72.572257,0
862e1621-ee8a-3c88-80b3-734102ffb0fd,b03dba4f-892f-365c-bfd1-bfcfa7a98d5d,Clint766 Hudson301,M,CERTIFIED NURSE MIDWIFE,262 NEW LUDLOW RD,CHICOPEE,MA,01020-4488,42.175668,-72.572257,0
45ef7c25-ca65-3c91-a665-10e0a379b799,b03dba4f-892f-365c-bfd1-bfcfa7a98d5d,Michal596 Ebert178,F,CERTIFIED NURSE MIDWIFE,262 NEW LUDLOW RD,CHICOPEE,MA,01020-4488,42.175668,-72.572257,0
bbb2ce4e-95c2-3db0-98c8-ca7ef115611d,b03dba4f-892f-365c-bfd1-bfcfa7a98d5d,Noelle559 Hudson301,F,GENERAL PRACTICE,262 NEW LUDLOW RD,CHICOPEE,MA,01020-4488,42.175668,-72.572257,44
6ae4bd8c-4396-3227-9e1e-cd0911e477b0,b03dba4f-892f-365c-bfd1-bfcfa7a98d5d,Clint766 Hudson301,M,INTERNAL MEDICINE,262 NEW LUDLOW RD,CHICOPEE,MA,01020-4488,42.175668,-72.572257,0
2bc2ff71-fa27-3382-b802-754cd9197d68,b03dba4f-892f-365c-bfd1-bfcfa7a98d5d,Michal596 Ebert178,F,INTERNAL MEDICINE,262 NEW LUDLOW RD,CHICOPEE,MA,01020-4488,42.175668,-72.572257,0
e6e6750d-fefc-3d9a-a509-51e8bc1fcc3a,b03dba4f-892f-365c-bfd1-bfcfa7a98d5d,Mary779 Roob72,M,INTERNAL MEDICINE,262 NEW LUDLOW RD,CHICOPEE,MA,01020-4488,42.175668,-72.572257,0
08e8cfb5-5995-3eb3-9e85-d51cc7374797,b03dba4f-892f-365c-bfd1-bfcfa7a98d5d,Tod265 Marquardt819,M,INTERNAL MEDICINE,262 NEW LUDLOW RD,CHICOPEE,MA,01020-4488,42.175668,-72.572257,0
00c160b7-d712-3032-a98e-2e8435dc8414,b03dba4f-892f-365c-bfd1-bfcfa7a98d5d,Jame231 Tillman293,M,INTERNAL MEDICINE,262 NEW LUDLOW RD,CHICOPEE,MA,01020-4488,42.175668,-72.572257,0
46e55353-0c9b-3cd4-9277-6b0180fd6809,f21bfa6a-689c-393c-95c9-4435858a49c2,Tracee120 Fay398,F,GENERAL PRACTICE,99 LONGWATER CIR,NORWELL,MA,02061-1643,42.164569,-70.818844,20
2e71a495-341c-3f53-a735-43283d6a2ca0,ca2eaac0-decd-3e6b-9306-da358c0fcbf5,Manuel446 Rivero165,M,PHYSICAL THERAPY,2 BELMONT ST,EASTON,MA,02334,42.040515,-71.109329,0
da0cff4c-cd70-3dce-b482-dcc820b631c7,ca2eaac0-decd-3e6b-9306-da358c0fcbf5,Maurice742 Wolff180,M,PHYSICAL THERAPY,2 BELMONT ST,EASTON,MA,02334,42.040515,-71.109329,0
91efa397-57ce-350f-b0d8-3f40b2cab9dc,ca2eaac0-decd-3e6b-9306-da358c0fcbf5,Celsa248 Cronin387,F,GENERAL PRACTICE,2 BELMONT ST,EASTON,MA,02334,42.040515,-71.109329,48
7f54fb2e-c076-3e30-b703-d08bd8e24ff1,4d9877c9-5eb6-3db0-8bdb-cd2b01a6b668,Travis723 Goodwin327,M,GENERAL PRACTICE,208 MILL RD,FAIRHAVEN,MA,02719-5208,41.633619,-70.871306,37
b98b58ef-a260-39e2-a5d6-096ae2b7564a,5d4a38f6-6b92-35b4-9a6e-16304971ce2b,Neoma676 Baumbach677,F,GENERAL PRACTICE,55 HOSPITAL DR,WINCHENDON,MA,01475-1820,42.66816,-72.055644,49
93d4fec1-f912-392d-858d-ffbe6b18da3a,8618df85-fca3-339e-aba6-2000282332aa,Marybelle759 Schultz619,F,PHYSICAL THERAPY,63 N MAIN ST,ATTLEBORO,MA,02703-2219,41.931653000000004,-71.294503,0
e03157e6-1877-3b97-99c9-e0dd4f467693,8618df85-fca3-339e-aba6-2000282332aa,Marybelle759 Schultz619,F,GENERAL PRACTICE,63 N MAIN ST,ATTLEBORO,MA,02703-2219,41.931653000000004,-71.294503,29
