START,STOP,PATIENT,ENCOUNTER,CODE,DESCRIPTION
1994-02-23,,26c7c0aa-a7e1-b8e5-77c0-e88725bc3ccc,22a332eb-566f-aa93-9217-d6f3b3d88eca,230690007,Stroke
2005-11-22,,463a971c-9c36-0805-03de-fd25bda9ba29,d5a7dd4e-7c01-fc59-e55d-f1a9c04ddc63,128613002,Seizure disorder
2005-11-22,,463a971c-9c36-0805-03de-fd25bda9ba29,d5a7dd4e-7c01-fc59-e55d-f1a9c04ddc63,703151001,History of single seizure (situation)
2005-11-22,,463a971c-9c36-0805-03de-fd25bda9ba29,d5a7dd4e-7c01-fc59-e55d-f1a9c04ddc63,84757009,Epilepsy
2020-04-08,,26c7c0aa-a7e1-b8e5-77c0-e88725bc3ccc,c7f8c218-c276-de03-9499-ba92ce94fb74,49436004,Atrial Fibrillation
2014-11-12,,b568a622-b4c7-933a-4627-cf970d781744,10c2e91d-1398-a92d-bdea-2d03b272ec78,230690007,Stroke
1981-09-15,,650dd202-b11b-74c5-94b0-5d534eae4070,c040fcd8-03a8-e1ad-fe2d-0d42d166d523,230690007,Stroke
2009-12-07,,d1ac1548-f197-1316-bcdf-ebb4387a412e,c466ddd4-b9cf-526c-3ba0-432b902625c6,230690007,Stroke
2012-10-16,,39194611-a65a-342d-adc4-093d5b567f2b,430994c2-1d97-b74c-3bcf-9678a774ba6e,53741008,Coronary Heart Disease
2019-08-06,,39194611-a65a-342d-adc4-093d5b567f2b,3cacd5bb-07a0-863a-2187-33c6220d5953,22298006,Myocardial Infarction
2019-08-06,,39194611-a65a-342d-adc4-093d5b567f2b,3cacd5bb-07a0-863a-2187-33c6220d5953,399211009,History of myocardial infarction (situation)
1941-08-11,,8fb7fe28-0877-fb66-6075-770518e3fa76,a22aad01-5a70-f9db-93f8-cdc9040071cf,53741008,Coronary Heart Disease
1946-10-28,,8fb7fe28-0877-fb66-6075-770518e3fa76,f04393e0-a803-0905-0dfc-9f10d12af9da,410429000,Cardiac Arrest
1946-10-28,,8fb7fe28-0877-fb66-6075-770518e3fa76,f04393e0-a803-0905-0dfc-9f10d12af9da,429007001,History of cardiac arrest (situation)
2012-03-31,,102edfd0-f579-9959-d980-3de5c6786313,d0baa977-8911-c0fb-bd9e-6ee068e18c65,410429000,Cardiac Arrest
2012-03-31,,102edfd0-f579-9959-d980-3de5c6786313,d0baa977-8911-c0fb-bd9e-6ee068e18c65,429007001,History of cardiac arrest (situation)
2015-01-03,,776e69ab-4011-3ec1-9376-224fc62751d8,b6b0ebb2-3304-1e1d-bdb5-34e2f45c080b,410429000,Cardiac Arrest
2015-01-03,,776e69ab-4011-3ec1-9376-224fc62751d8,b6b0ebb2-3304-1e1d-bdb5-34e2f45c080b,429007001,History of cardiac arrest (situation)
1952-10-27,,9b9d1a1d-8cee-2ec4-22b3-d6005a85892b,98f804a8-6937-4297-95f3-c516c11cca56,230690007,Stroke
1979-03-07,,9042e127-782b-764a-23d8-ff23c9e76308,4f6efe3f-8e79-d542-82e3-a464cba36882,53741008,Coronary Heart Disease
2007-09-05,,9042e127-782b-764a-23d8-ff23c9e76308,ed68955d-2fe1-3fac-80bd-89628538e894,22298006,Myocardial Infarction
2007-09-05,,9042e127-782b-764a-23d8-ff23c9e76308,ed68955d-2fe1-3fac-80bd-89628538e894,399211009,History of myocardial infarction (situation)
