START,STOP,PATIENT,ENCOUNTER,CODE,DESCRIPTION,UDI
2019-08-06T23:45:55Z,,39194611-a65a-342d-adc4-093d5b567f2b,3cacd5bb-07a0-863a-2187-33c6220d5953,705643001,Coronary artery stent (physical object),(01)85770829632334(11)190716(17)440730(10)884669(21)9066202779978465639
1946-10-28T10:27:17Z,,8fb7fe28-0877-fb66-6075-770518e3fa76,f04393e0-a803-0905-0dfc-9f10d12af9da,72506001,Implantable defibrillator  device (physical object),(01)48132696177757(11)461007(17)711022(10)19178109(21)188884020504
2012-04-01T04:05:58Z,,102edfd0-f579-9959-d980-3de5c6786313,d0baa977-8911-c0fb-bd9e-6ee068e18c65,72506001,Implantable defibrillator  device (physical object),(01)80005482898305(11)120310(17)370325(10)706915157371565720(21)4674234381407795244
2015-01-03T08:36:32Z,,776e69ab-4011-3ec1-9376-224fc62751d8,b6b0ebb2-3304-1e1d-bdb5-34e2f45c080b,72506001,Implantable defibrillator  device (physical object),(01)89504333779075(11)141213(17)391228(10)57705612788(21)6184892
2007-09-05T17:41:02Z,,9042e127-782b-764a-23d8-ff23c9e76308,ed68955d-2fe1-3fac-80bd-89628538e894,705643001,Coronary artery stent (physical object),(01)68270769980374(11)070815(17)320829(10)909390331(21)44541
