START,STOP,PATIENT,PAYER,ENCOUNTER,CODE,DESCRIPTION,BASE_COST,PAYER_COVERAGE,DISPENSES,TOTALCOST,REASONCODE,REASONDESCRIPTION
2005-11-22T16:16:15Z,,463a971c-9c36-0805-03de-fd25bda9ba29,5059a55e-5d6e-34d1-b6cb-d83d16e57bcf,d5a7dd4e-7c01-fc59-e55d-f1a9c04ddc63,204892,clonazePAM 0.25 MG Oral Tablet,250.57,0.00,185,46355.45,,
2020-04-08T15:22:44Z,,26c7c0aa-a7e1-b8e5-77c0-e88725bc3ccc,7caa7254-5050-3b5e-9eae-bd5ea30e809c,c7f8c218-c276-de03-9499-ba92ce94fb74,855332,Warfarin Sodium 5 MG Oral Tablet,50.18,0.00,10,501.80,,
2020-04-08T15:22:44Z,,26c7c0aa-a7e1-b8e5-77c0-e88725bc3ccc,7caa7254-5050-3b5e-9eae-bd5ea30e809c,c7f8c218-c276-de03-9499-ba92ce94fb74,897718,Verapamil Hydrochloride 40 MG,207.63,0.00,10,2076.30,,
2020-04-08T15:22:44Z,,26c7c0aa-a7e1-b8e5-77c0-e88725bc3ccc,7caa7254-5050-3b5e-9eae-bd5ea30e809c,c7f8c218-c276-de03-9499-ba92ce94fb74,197604,Digoxin 0.125 MG Oral Tablet,124.49,0.00,10,1244.90,,
2014-11-12T06:42:20Z,2014-11-12T06:57:20Z,b568a622-b4c7-933a-4627-cf970d781744,5059a55e-5d6e-34d1-b6cb-d83d16e57bcf,10c2e91d-1398-a92d-bdea-2d03b272ec78,309362,Clopidogrel 75 MG Oral Tablet,72.09,0.00,1,72.09,,
2014-11-12T06:42:20Z,2014-11-12T06:57:20Z,b568a622-b4c7-933a-4627-cf970d781744,5059a55e-5d6e-34d1-b6cb-d83d16e57bcf,10c2e91d-1398-a92d-bdea-2d03b272ec78,1804799,Alteplase 100 MG Injection,6602.87,0.00,1,6602.87,,
2012-10-16T23:45:55Z,2019-08-07T00:00:55Z,39194611-a65a-342d-adc4-093d5b567f2b,5059a55e-5d6e-34d1-b6cb-d83d16e57bcf,430994c2-1d97-b74c-3bcf-9678a774ba6e,309362,Clopidogrel 75 MG Oral Tablet,72.12,0.00,82,5913.84,,
2012-10-16T23:45:55Z,,39194611-a65a-342d-adc4-093d5b567f2b,5059a55e-5d6e-34d1-b6cb-d83d16e57bcf,430994c2-1d97-b74c-3bcf-9678a774ba6e,312961,Simvastatin 20 MG Oral Tablet,28.53,0.00,83,2367.99,,
2012-10-16T23:45:55Z,,39194611-a65a-342d-adc4-093d5b567f2b,5059a55e-5d6e-34d1-b6cb-d83d16e57bcf,430994c2-1d97-b74c-3bcf-9678a774ba6e,197361,Amlodipine 5 MG Oral Tablet,41.97,0.00,83,3483.51,,
2012-10-16T23:45:55Z,2019-08-07T00:00:55Z,39194611-a65a-342d-adc4-093d5b567f2b,5059a55e-5d6e-34d1-b6cb-d83d16e57bcf,430994c2-1d97-b74c-3bcf-9678a774ba6e,705129,Nitroglycerin 0.4 MG/ACTUAT Mucosal Spray,86.35,0.00,82,7080.70,,
2019-08-06T23:45:55Z,2019-08-07T00:00:55Z,39194611-a65a-342d-adc4-093d5b567f2b,5059a55e-5d6e-34d1-b6cb-d83d16e57bcf,3cacd5bb-07a0-863a-2187-33c6220d5953,259255,Atorvastatin 80 MG Oral Tablet,98.75,0.00,1,98.75,,
2019-08-06T23:45:55Z,2019-08-07T00:00:55Z,39194611-a65a-342d-adc4-093d5b567f2b,5059a55e-5d6e-34d1-b6cb-d83d16e57bcf,3cacd5bb-07a0-863a-2187-33c6220d5953,833036,Captopril 25 MG Oral Tablet,121.18,0.00,1,121.18,,
1941-08-11T10:27:17Z,,8fb7fe28-0877-fb66-6075-770518e3fa76,4d71f845-a6a9-3c39-b242-14d25ef86a8d,a22aad01-5a70-f9db-93f8-cdc9040071cf,705129,Nitroglycerin 0.4 MG/ACTUAT Mucosal Spray,93.25,0.00,63,5874.75,,
1946-10-28T10:27:17Z,1946-10-28T10:42:17Z,8fb7fe28-0877-fb66-6075-770518e3fa76,4d71f845-a6a9-3c39-b242-14d25ef86a8d,f04393e0-a803-0905-0dfc-9f10d12af9da,1660014,1 ML Epinephrine 1 MG/ML Injection,2.56,0.00,1,2.56,,
1946-10-28T10:27:17Z,1946-10-28T10:42:17Z,8fb7fe28-0877-fb66-6075-770518e3fa76,4d71f845-a6a9-3c39-b242-14d25ef86a8d,f04393e0-a803-0905-0dfc-9f10d12af9da,1190795,Atropine Sulfate 1 MG/ML Injectable Solution,23.16,0.00,1,23.16,,
2012-04-01T04:05:58Z,2012-04-01T04:20:58Z,102edfd0-f579-9959-d980-3de5c6786313,5059a55e-5d6e-34d1-b6cb-d83d16e57bcf,d0baa977-8911-c0fb-bd9e-6ee068e18c65,1660014,1 ML Epinephrine 1 MG/ML Injection,3.09,0.00,1,3.09,,
2012-04-01T04:05:58Z,2012-04-01T04:20:58Z,102edfd0-f579-9959-d980-3de5c6786313,5059a55e-5d6e-34d1-b6cb-d83d16e57bcf,d0baa977-8911-c0fb-bd9e-6ee068e18c65,834357,3 ML Amiodarone hydrocholoride 50 MG/ML Prefilled Syringe,76.58,0.00,1,76.58,,
2012-04-01T04:05:58Z,2012-04-01T04:20:58Z,102edfd0-f579-9959-d980-3de5c6786313,5059a55e-5d6e-34d1-b6cb-d83d16e57bcf,d0baa977-8911-c0fb-bd9e-6ee068e18c65,1190795,Atropine Sulfate 1 MG/ML Injectable Solution,17.61,0.00,1,17.61,,
2015-01-03T08:36:32Z,2015-01-03T08:51:32Z,776e69ab-4011-3ec1-9376-224fc62751d8,d47b3510-2895-3b70-9897-342d681c769d,b6b0ebb2-3304-1e1d-bdb5-34e2f45c080b,1660014,1 ML Epinephrine 1 MG/ML Injection,5.16,0.00,1,5.16,,
2015-01-03T08:36:32Z,2015-01-03T08:51:32Z,776e69ab-4011-3ec1-9376-224fc62751d8,d47b3510-2895-3b70-9897-342d681c769d,b6b0ebb2-3304-1e1d-bdb5-34e2f45c080b,834357,3 ML Amiodarone hydrocholoride 50 MG/ML Prefilled Syringe,71.85,0.00,1,71.85,,
2015-01-03T08:36:32Z,2015-01-03T08:51:32Z,776e69ab-4011-3ec1-9376-224fc62751d8,d47b3510-2895-3b70-9897-342d681c769d,b6b0ebb2-3304-1e1d-bdb5-34e2f45c080b,1190795,Atropine Sulfate 1 MG/ML Injectable Solution,16.82,0.00,1,16.82,,
2013-04-29T10:27:17Z,2013-04-29T10:42:17Z,9b9d1a1d-8cee-2ec4-22b3-d6005a85892b,7caa7254-5050-3b5e-9eae-bd5ea30e809c,127c4427-ee53-1c04-1147-4bcc2c02dc2f,309362,Clopidogrel 75 MG Oral Tablet,70.81,30.81,1,70.81,,
2013-04-29T10:27:17Z,2013-04-29T10:42:17Z,9b9d1a1d-8cee-2ec4-22b3-d6005a85892b,7caa7254-5050-3b5e-9eae-bd5ea30e809c,127c4427-ee53-1c04-1147-4bcc2c02dc2f,1804799,Alteplase 100 MG Injection,6340.41,6300.41,1,6340.41,,
1979-03-07T17:41:02Z,2007-09-05T17:56:02Z,9042e127-782b-764a-23d8-ff23c9e76308,4d71f845-a6a9-3c39-b242-14d25ef86a8d,4f6efe3f-8e79-d542-82e3-a464cba36882,705129,Nitroglycerin 0.4 MG/ACTUAT Mucosal Spray,141.06,0.00,346,48806.76,,
1991-05-15T17:41:02Z,,9042e127-782b-764a-23d8-ff23c9e76308,4d71f845-a6a9-3c39-b242-14d25ef86a8d,6e28d30a-28b1-db8c-5098-8f25aaf77129,312961,Simvastatin 20 MG Oral Tablet,26.54,0.00,362,9607.48,,
1994-06-01T17:41:02Z,,9042e127-782b-764a-23d8-ff23c9e76308,4d71f845-a6a9-3c39-b242-14d25ef86a8d,595e2a8a-ccc1-5644-e7ed-ad85dae59147,197361,Amlodipine 5 MG Oral Tablet,64.44,0.00,325,20943.00,,
1997-06-18T17:41:02Z,2007-09-05T17:56:02Z,9042e127-782b-764a-23d8-ff23c9e76308,4d71f845-a6a9-3c39-b242-14d25ef86a8d,9f6a2c54-dfaf-ec9b-2a21-7c3cfcf2d857,309362,Clopidogrel 75 MG Oral Tablet,73.78,0.00,124,9148.72,,
2008-08-20T17:41:02Z,,9042e127-782b-764a-23d8-ff23c9e76308,4d71f845-a6a9-3c39-b242-14d25ef86a8d,142524cd-563c-b8bf-1d8a-5f674b4838e2,309362,Clopidogrel 75 MG Oral Tablet,116.62,0.00,152,17726.24,,
2008-08-20T17:41:02Z,,9042e127-782b-764a-23d8-ff23c9e76308,4d71f845-a6a9-3c39-b242-14d25ef86a8d,142524cd-563c-b8bf-1d8a-5f674b4838e2,705129,Nitroglycerin 0.4 MG/ACTUAT Mucosal Spray,60.21,0.00,152,9151.92,,
