Id,BIRTHDATE,DEATHDATE,SSN,DRIVERS,PASSPORT,PREFIX,FIRST,LAST,SUFFIX,MAIDEN,MARITAL,RACE,ETHNICITY,GENDER,BIRTHPLACE,ADDRESS,CITY,STATE,COUNTY,ZIP,LAT,LON,HEALTHCARE_EXPENSES,HEALTHCARE_COVERAGE
8811125b-c7c1-8aa5-0478-ac750a779eb3,1984-02-15,,999-93-9768,S99970446,X34230843X,Mrs.,Sherry479,Lebsack687,,Ziemann98,M,white,hispanic,F,Carlisle  Massachusetts  US,326 Rogahn Manor,Woburn,Massachusetts,Middlesex County,,42.472312043418135,-71.10890605081535,4262.28,0.0
dfa0fb78-c548-bc93-bd52-61d09842cb9f,1971-04-30,,999-91-3049,S99993578,X32199848X,Mr.,Lawerence6,Collier206,,,M,white,nonhispanic,M,Belmont  Massachusetts  US,293 Ortiz Burg Apt 13,Springfield,Massachusetts,Hampden County,01118,42.14752019447339,-72.5934364569859,1019240.0,2397.24
92f0892e-bf90-c931-98b2-d1e3f993f791,2005-01-31,,999-37-3881,S99949312,,,Freeman822,Krajcik437,,,,white,hispanic,M,Malden  Massachusetts  US,928 Kuphal Common Unit 91,Westfield,Massachusetts,Hampden County,01086,42.13880040772094,-72.75264368727417,328500.0,2699.84
2c481f7b-5f23-6391-777c-2a6db8a12f24,2005-11-19,,999-46-3240,,,,William805,Goodwin327,,,,white,nonhispanic,M,Berlin  Berlin  DE,741 Luettgen Crossroad Unit 68,Harwich,Massachusetts,Barnstable County,,41.668960229514305,-70.04453772618325,331275.0,3024.8399999999997
204b5f7a-3717-7b9c-42f9-06b16212002c,1954-08-28,,999-78-9046,S99987666,X17320989X,Mrs.,Brian582,Skiles927,,Sauer652,M,white,nonhispanic,F,Malden  Massachusetts  US,331 Cummerata Flat Unit 36,Sturbridge,Massachusetts,Worcester County,01507,42.180699353808635,-71.9941982879343,1489370.0,4362.96
fa199c1a-9136-43d5-0a1e-d05ef0589729,2002-08-10,,999-41-4415,S99959253,,Ms.,Sirena316,Gerlach374,,,,white,nonhispanic,F,Teaticket  Massachusetts  US,181 Keebler Rest,Boston,Massachusetts,Suffolk County,02163,42.31293067801614,-71.12312062049533,3487.3199999999997,0.0
d5e1a661-468a-e867-46b2-a6bf72aa0599,2016-02-11,,999-86-3542,,,,Bryan958,Reynolds644,,,,white,nonhispanic,M,Woburn  Massachusetts  US,598 Herman Path,Cambridge,Massachusetts,Middlesex County,,42.37939710186028,-71.09002127320106,103700.0,1808.24
b8283f0c-8900-152d-e740-7649c59cb473,2012-03-17,,999-46-5657,,,,Lucie638,Blick895,,,,asian,nonhispanic,F,Plymouth  Massachusetts  US,131 Weissnat Trafficway,Framingham,Massachusetts,Middlesex County,01702,42.24744293036163,-71.48544471886086,237600.0,2195.72
9dccfffd-fb10-2492-b1a8-b9c7cce0aa40,2004-07-11,,999-54-8556,S99955194,,,Glenn0,Kuhn96,,,,white,nonhispanic,M,Shirley  Massachusetts  US,288 Carroll Mews Apt 1,Everett,Massachusetts,Middlesex County,,42.39601823292969,-71.06723181140958,400520.0,2709.0
b020a7f5-44ac-e821-0710-4c7e8ebbd30d,1993-12-03,,999-15-7012,S99914153,X48284128X,Mrs.,Kenyatta61,Upton904,,Greenfelder433,M,white,nonhispanic,F,Lowell  Massachusetts  US,396 Hegmann Trafficway Suite 10,Brookline,Massachusetts,Norfolk County,02467,42.3489774116154,-71.1197946740884,590100.0,2374.7999999999997
26b7029a-d272-a0d7-0a8d-35736f6b9dda,1978-02-03,,999-40-3153,S99944760,X69512163X,Mrs.,Mamie949,Yundt842,,Walsh511,M,white,nonhispanic,F,Holyoke  Massachusetts  US,966 Feeney Course,Groton,Massachusetts,Middlesex County,01450,42.63770636371124,-71.54612762015557,1087500.0,2849.7599999999998
5f99f937-83df-cb0b-ad01-179510d12019,1994-10-25,,999-12-2366,S99924269,X33338514X,Ms.,Alverta45,Doyle959,,,,white,nonhispanic,F,Acton  Massachusetts  US,626 Ernser Bay Apt 10,Dedham,Massachusetts,Norfolk County,02026,42.26916616263433,-71.16929913756468,633300.0,2574.7999999999997
aa3c2341-3fe0-e638-cb25-26a0890753b4,2013-04-01,,999-63-5583,,,,Malik994,McClure239,,,,white,nonhispanic,M,Northampton  Massachusetts  US,626 Graham Walk,Medford,Massachusetts,Middlesex County,02155,42.38220879747115,-71.09859385506728,161500.0,2066.56
1d574520-aa9b-9c38-1785-b6018acd21b6,1962-05-11,,999-25-7178,S99940214,X3123842X,Mrs.,Laticia649,King743,JD,Hauck852,M,white,nonhispanic,F,Waltham  Massachusetts  US,287 Boyle Rest Unit 68,Rutland,Massachusetts,Worcester County,,42.42157760233204,-71.95827314738709,1343920.0,3679.68
ea84b1a6-88d9-d2b2-25a7-1808af0398b6,2010-05-27,,999-52-1790,,,,Dee580,Feest103,,,,white,nonhispanic,M,Paris  Ile-de-France  FR,371 Paucek Track Apt 97,Boston,Massachusetts,Suffolk County,02109,42.381899217375384,-71.05297647913531,283800.0,2454.04
ff6231dd-050a-0de2-c73d-bd5a2c2a56ea,2016-01-27,,999-61-9288,,,,Arlinda565,Bashirian201,,,,black,nonhispanic,F,Boston  Massachusetts  US,1098 Waelchi Route,Boston,Massachusetts,Suffolk County,02467,42.33485394167311,-71.01275558611182,134200.0,1808.24
d37c2150-4e2e-b628-dd0a-5010a441f3ab,1976-01-27,,999-13-8370,S99920395,X56295506X,Ms.,Rosana394,Feil794,,,S,white,nonhispanic,F,New Bedford  Massachusetts  US,403 Lueilwitz Corner Unit 11,Brockton,Massachusetts,Plymouth County,,42.09005910984705,-71.01746056812715,922180.0,2298.92
3f26950a-a44b-acee-bcb4-626ca381638a,1946-04-29,,999-74-9390,S99982395,X21754184X,Mrs.,Crystle668,Nienow652,,Hayes766,M,white,nonhispanic,F,Dracut  Massachusetts  US,1008 Prosacco Meadow Apt 5,Abington,Massachusetts,Plymouth County,02351,42.114545043714166,-70.97364901107386,1514930.0,4836.24
26c7c0aa-a7e1-b8e5-77c0-e88725bc3ccc,1935-09-25,,999-15-9322,S99921630,X68256088X,Mr.,Augustine565,Gerlach374,,,M,white,nonhispanic,M,Sutton  Massachusetts  US,521 Baumbach Vale Suite 18,Groton,Massachusetts,Middlesex County,01450,42.651116132517785,-71.52646972487595,1631499.01,5912.0
463a971c-9c36-0805-03de-fd25bda9ba29,1953-12-05,,999-62-5996,S99974118,X67129920X,Mr.,Cody889,Jacobson885,,,S,white,nonhispanic,M,Fiskdale  Massachusetts  US,438 Hegmann Mews,South Hadley,Massachusetts,Hampshire County,,42.28256502745599,-72.53698283027701,1493716.69,4470.44
b056af17-0217-e001-eb79-74d5bc5eb7a1,1987-05-21,,999-86-9043,S99982737,X60933680X,Mrs.,Mckenzie208,Thiel172,,McCullough561,M,asian,nonhispanic,F,Barnstable  Massachusetts  US,799 Grady Lock Apt 60,Malden,Massachusetts,Middlesex County,02148,42.453792913378095,-71.12833158147176,4133.12,0.0
16fc146c-4e7f-759a-3181-77948f12dd3d,1990-03-24,,999-31-6221,S99988238,X5754051X,Mrs.,Myrle831,Braun514,,Mueller846,M,white,nonhispanic,F,Taunton  Massachusetts  US,696 Willms Track,Middleborough Center,Massachusetts,Plymouth County,,41.85302990203445,-70.89622909171221,708480.0,2323.96
bbb0dff2-52d4-9a6a-d728-5330c6cf6efd,1960-09-22,,999-12-1550,S99970944,X76290508X,Mrs.,Melvin857,Nitzsche158,,Bins636,M,white,nonhispanic,F,Harwich Port  Massachusetts  US,642 Littel Mews Apt 53,Lawrence,Massachusetts,Essex County,01843,42.68620080717659,-71.19731845293848,1599235.0,4423.0
005e056f-dc10-50f1-4825-5e07855d6253,1989-10-24,,999-35-8170,S99911755,X49445649X,Mr.,Tracy345,Cummerata161,,,M,white,nonhispanic,M,Westborough  Massachusetts  US,1031 Welch Branch,Warwick,Massachusetts,Franklin County,,42.69722717590307,-72.33292484616773,755625.0,2508.12
442abbbd-5772-abcb-f863-0fd01498713f,1962-11-25,,999-62-6672,S99939864,X81659033X,Mrs.,Cheri871,Brakus656,,Carter549,M,black,nonhispanic,F,Westfield  Massachusetts  US,528 Paucek Meadow,Greenfield,Massachusetts,Franklin County,01301,42.66446856813453,-72.59749344420035,1330620.0,3679.68
dee7624c-be05-b5d5-2a8e-c99c04693963,1980-06-26,,999-64-2925,S99971714,X81264614X,Mr.,Amos720,Macejkovic424,,,M,white,nonhispanic,M,Andover  Massachusetts  US,621 Fisher Bay Unit 66,Springfield,Massachusetts,Hampden County,01020,42.064466405999624,-72.59031443722641,4520.599999999999,0.0
00f0b43f-d0a4-5c2a-0dbe-c297536f3858,2010-04-13,,999-85-8961,,,,Armando772,Mitchell808,,,,white,nonhispanic,M,Boston  Massachusetts  US,1043 Halvorson Wynd,Goshen,Massachusetts,Hampshire County,,42.40335748342151,-72.80103394701702,248900.0,2454.04
2d0730b4-5db5-4fa7-2ec6-b571d6fc1efc,2001-02-17,,999-14-8744,S99917787,,Ms.,Wava789,Sawayn19,,,,white,nonhispanic,F,Melrose  Massachusetts  US,317 Swaniawski Approach Unit 97,Tyngsborough,Massachusetts,Middlesex County,,42.63157296418867,-71.47863389568175,506880.0,2836.48
b66f50f6-30b1-90e9-8a27-9ab98a3b4ca3,1976-08-26,,999-33-6419,S99976975,X82158828X,Mr.,Damien170,Feest103,,,M,white,hispanic,M,Cambridge  Massachusetts  US,391 Trantow Trace,Waltham,Massachusetts,Middlesex County,02451,42.395581284725395,-71.16515538955888,135360.0,2918.9199999999996
a6ca5397-cce6-910f-9792-f1b29c9f37f4,1936-07-13,,999-40-6089,S99983115,X81120704X,Mr.,Alonso270,Parisian75,,,M,white,nonhispanic,M,Wilmington  Massachusetts  US,1076 Murphy Plaza Suite 41,Chicopee,Massachusetts,Hampden County,,42.1432603239736,-72.5641402253254,65924.64,2383.2
b568a622-b4c7-933a-4627-cf970d781744,1961-12-20,2014-11-12,999-52-6835,S99941718,X80748210X,Mrs.,Beverley336,Brakus656,,Douglas31,M,white,nonhispanic,F,Rehoboth  Massachusetts  US,658 Metz Walk,Waltham,Massachusetts,Middlesex County,02452,42.36273239908808,-71.18804688075625,1217664.96,2963.8799999999997
f024bacd-ed4b-c3cf-dfd1-bd1b141f2be9,2018-10-16,,999-37-9039,,,,Mike230,Wiegand701,,,,black,nonhispanic,M,Boston  Massachusetts  US,486 Lemke Rue,Boston,Massachusetts,Suffolk County,02121,42.2767129094986,-71.11498973702865,49300.0,1162.44
1130d940-f50d-25e6-05fc-25508ab21056,1961-08-19,,999-23-6652,S99961380,X21630025X,Ms.,Dana512,Bins636,,,S,white,nonhispanic,F,Wilbraham  Massachusetts  US,961 Cremin Village,Orleans,Massachusetts,Barnstable County,,41.76064925811534,-69.98873390504481,1218460.0,3368.8399999999997
2c4fda17-4ab7-26b9-5551-9dba5a0df12b,1994-08-18,,999-30-6057,S99920288,X48464440X,Ms.,Gillian484,Treutel973,,,,white,nonhispanic,F,Raynham  Massachusetts  US,643 Feeney Drive,Harwich,Massachusetts,Barnstable County,,41.695729266011135,-70.0843595845301,543900.0,2274.7999999999997
748381db-801f-cf8a-4847-17d648d15a93,1997-11-30,,999-72-4972,S99922774,X80977720X,Ms.,Leona665,Feeney44,,,,white,nonhispanic,F,Novosibirsk  Novosibirsk Oblast  RU,1068 Kessler Union,Gloucester,Massachusetts,Essex County,01930,42.66107520571888,-70.65612071469269,614735.0,2810.64
8274863b-8bd6-e036-403f-68a0a2c9c351,2002-09-21,,999-62-1114,S99921849,,Mr.,Grant908,Quigley282,,,,white,nonhispanic,M,Boston  Massachusetts  US,181 Bayer Neck,Natick,Massachusetts,Middlesex County,,42.294083331974356,-71.34612024773132,466860.0,2827.3199999999997
6f6923e9-4b34-4776-b405-500733afc69a,1989-12-30,,999-55-4211,S99994905,X64935391X,Mrs.,Pilar644,Kreiger457,,Schoen8,M,white,nonhispanic,F,Westford  Massachusetts  US,930 Ledner Heights Apt 73,Wellesley,Massachusetts,Norfolk County,,42.31461644402912,-71.2840142219887,637720.0,2083.96
e680788f-d169-bad0-7155-aa9eea3196c4,1993-04-06,,999-47-2995,S99998544,X84451268X,Ms.,Bonny428,Tremblay80,,,S,white,nonhispanic,F,Chelsea  Massachusetts  US,827 Sanford Mall,Worcester,Massachusetts,Worcester County,01604,42.300754649464196,-71.85192112762014,704760.0,2614.7999999999997
99a97a63-23a6-3aa5-85cb-37b1a4c44d42,1959-06-05,,999-52-1360,S99949108,X4432494X,Mrs.,Dawne25,Maggio310,,Bode78,M,white,nonhispanic,F,Quincy  Massachusetts  US,1018 Hackett Byway,Barnstable,Massachusetts,Barnstable County,02673,41.60835599686088,-70.45628154409445,187530.0,4307.16
67a8b2aa-96f1-0379-bf9a-db30326a4272,1978-12-10,,999-19-2737,S99985053,X16041645X,Mr.,Marco578,Jacobson885,,,S,white,nonhispanic,M,South Hadley  Massachusetts  US,949 Zemlak Meadow,Danvers,Massachusetts,Essex County,01923,42.581324348645985,-71.0147211991042,1117050.0,2999.7599999999998
b2efd50a-14f9-9917-6bb1-f138da2d3294,1968-12-28,,999-87-2112,S99965578,X63660930X,Mr.,Zachery872,Sipes176,,,M,white,hispanic,M,Middleborough  Massachusetts  US,944 Raynor Corner,Haverhill,Massachusetts,Essex County,,42.719381859918236,-71.09712442403854,1379015.0,3609.72
432846d0-2d54-7cb9-1c70-5c2c3ffa1955,1961-12-20,,999-70-4719,S99941087,X63751684X,Mrs.,Lang846,Frami345,,Kunde533,M,white,nonhispanic,F,South Dennis  Massachusetts  US,997 Cormier Passage Unit 55,Waltham,Massachusetts,Middlesex County,02453,42.433371975448615,-71.24640157962624,1566180.0,4348.84
c2479f33-ba5e-a7ca-8803-1c58b89c4008,1988-07-15,,999-21-9361,S99995980,X47228129X,Mrs.,Ileen763,Bergstrom287,,Kuhic920,M,white,nonhispanic,F,Somerville  Massachusetts  US,244 Murphy Highlands,Fall River,Massachusetts,Bristol County,,41.67547898113529,-71.20039813846864,99560.0,2573.12
934f2272-c1ff-19c0-1377-4652aeaa6720,1996-01-30,,999-43-9982,S99929191,X5530463X,Mr.,Craig656,Keeling57,,,,white,nonhispanic,M,Easton  Massachusetts  US,754 Hyatt Gateway,Billerica,Massachusetts,Middlesex County,,42.60400722852568,-71.22108016120212,633180.0,2665.64
650dd202-b11b-74c5-94b0-5d534eae4070,1952-07-15,,999-67-4538,S99930596,X15405011X,Ms.,Kamilah729,Wyman904,,,S,white,nonhispanic,F,Danvers  Massachusetts  US,779 Mayert Junction Unit 33,Wakefield,Massachusetts,Middlesex County,01880,42.46585693421346,-71.07728220669242,1575610.0,4760.44
d5975081-7bdf-915e-dce7-492b14203248,2015-04-05,,999-70-7125,,,,Emilia403,Campos61,,,,black,hispanic,F,Guatemala City  Guatemala  GT,476 Reinger Lock Suite 42,Cambridge,Massachusetts,Middlesex County,02140,42.39119202779129,-71.12058868409603,156200.0,1808.24
98ca51df-6e43-409b-91fa-b2f6d6deb948,2003-12-29,,999-16-3337,S99944689,,,Tad831,Rogahn59,,,,white,nonhispanic,M,Boston  Massachusetts  US,906 Leannon Frontage road Apt 36,Attleboro,Massachusetts,Bristol County,,41.84274822186222,-71.34382827115707,392030.0,2599.0
5ecbac0f-02ec-55ab-d2c8-f06bc6f90c6e,1952-10-18,,999-39-8808,S99912122,X80519064X,Mrs.,Louisa875,Thiel172,,Moore224,M,black,nonhispanic,F,Fitchburg  Massachusetts  US,1075 Dickens Rue,Walpole,Massachusetts,Norfolk County,,42.14518125182591,-71.24491030440402,16974.64,516.64
d1ac1548-f197-1316-bcdf-ebb4387a412e,1959-09-28,,999-61-6880,S99964207,X89747261X,Mr.,Tomas436,Brakus656,,,M,white,nonhispanic,M,Warsaw  Masovian  PL,349 Ratke Extension,Brockton,Massachusetts,Plymouth County,,42.10844790300885,-71.00407195438837,1409891.85,3986.3199999999997
3375229d-6511-9cea-0b3f-eb79ed1b30b4,2003-09-18,,999-14-6391,S99964340,,,Dionne995,Volkman526,,,,white,nonhispanic,F,Dudley  Massachusetts  US,219 Kassulke Ville,Oxford,Massachusetts,Worcester County,01540,42.07490307980829,-71.85142169909709,378675.0,2683.16
aa782da2-d0ac-e967-09e9-f2c3d1b1f383,1991-06-08,,999-26-6418,S99923565,X18677198X,Mr.,Will178,Hermann103,,,M,white,nonhispanic,M,Fall River  Massachusetts  US,131 Stracke Spur,Medford,Massachusetts,Middlesex County,02145,42.401188743172895,-71.09204647368023,715495.0,2508.96
86354f60-09b7-0661-db8e-ae638b5cd5df,1999-06-16,,999-14-1136,S99930283,X77162657X,Ms.,Guillermina633,Feil794,,,,black,hispanic,F,Franklin  Massachusetts  US,210 West Knoll Apt 86,Chelsea,Massachusetts,Suffolk County,02150,42.41551347653624,-71.05713471979044,549000.0,2716.48
cf7b6d37-1876-a868-c887-c735953cb99a,2012-10-04,,999-58-1963,,,,Val761,Kutch271,,,,white,nonhispanic,M,Haverhill  Massachusetts  US,214 Ortiz Village Apt 23,New Bedford,Massachusetts,Bristol County,02740,41.621098102505144,-71.03332968595463,222200.0,2195.72
3f78ef9d-3167-f282-aa99-9768f1350812,1967-07-31,,999-95-6021,S99991420,X36691979X,Mrs.,Rosaria177,Tremblay80,,King743,M,white,hispanic,F,Amherst Center  Massachusetts  US,258 Spencer Parade,Swansea,Massachusetts,Bristol County,,41.75073787197528,-71.19034561712637,1288210.0,3343.8799999999997
cfcb4fc2-cb74-c98c-7f4d-fa8c64445548,2012-02-15,,999-14-9563,,,,Jacqulyn231,Senger904,,,,white,nonhispanic,F,West Boylston  Massachusetts  US,732 Gulgowski Bypass Apt 35,New Bedford,Massachusetts,Bristol County,02747,41.64718136169906,-70.9406139611215,196200.0,2195.72
1d0ae4f7-ee6d-e5c3-b828-3702c811946f,2008-02-14,,999-52-1113,,,,Rodger755,Miller503,,,,white,nonhispanic,M,Danvers  Massachusetts  US,354 Reichel Forge Suite 65,Cohasset,Massachusetts,Norfolk County,,42.22397109994975,-70.74966006660378,345400.0,2712.3599999999997
4c933384-43d5-a200-1d3c-65553b271929,1969-04-12,,999-36-1259,S99933701,X1069999X,Mrs.,Shella455,Graham902,,Donnelly343,M,white,nonhispanic,F,Springfield  Massachusetts  US,603 Wolff Trailer,Sudbury,Massachusetts,Middlesex County,,42.346020269311744,-71.40829490344015,1061740.0,2655.56
8123e215-06c3-0777-9c53-f435ae0aabad,2017-12-13,,999-40-9454,,,,Delilah659,Bauch723,,,,white,nonhispanic,F,Ware  Massachusetts  US,449 Welch Approach,Andover,Massachusetts,Essex County,01810,42.69710977400508,-71.12892792280651,70200.0,1420.76
2adfc903-3ce2-e9c1-a1d9-2d9c24bce554,2000-06-23,,999-91-5775,S99952193,X47214425X,Ms.,Jenny686,Ortiz186,,,,white,nonhispanic,F,Tyngsborough  Massachusetts  US,514 Ruecker Mission Apt 8,Rehoboth,Massachusetts,Bristol County,,41.85850553358686,-71.26036675922158,3616.48,0.0
39194611-a65a-342d-adc4-093d5b567f2b,1981-08-04,2019-08-06,999-35-7619,S99951699,X13154584X,Mr.,Tory770,Fritsch593,,,M,white,nonhispanic,M,Milford  Massachusetts  US,720 Schultz Branch,Seekonk,Massachusetts,Bristol County,,41.83455831082464,-71.28892715238379,870778.4,2937.24
318f9b97-4b03-1dca-c0a8-7d6dd7da047a,1968-01-15,,999-52-1743,S99955261,X66212036X,Mr.,Wilbert25,Beier427,,,S,white,nonhispanic,M,Boston  Massachusetts  US,624 Gaylord Brook,Raynham,Massachusetts,Bristol County,,41.96893182946343,-70.99643292859669,1214580.0,3173.8799999999997
93d7f77c-cb0b-8a22-2b0d-f833f26c0aca,2004-05-12,,999-32-4166,S99994156,,,Noreen211,Price929,,,,white,nonhispanic,F,South Hadley  Massachusetts  US,1011 Predovic Byway,Billerica,Massachusetts,Middlesex County,,42.533073721876846,-71.21135234391241,344040.0,2589.0
96aa5da7-3497-cc6c-4da3-5f9a3ba1e784,1981-08-04,,999-17-1224,S99915605,X37749694X,Mr.,Brady998,Von197,,,S,white,nonhispanic,M,Billerica  Massachusetts  US,468 Prohaska Fort Unit 14,Seekonk,Massachusetts,Bristol County,,41.844466107897496,-71.28565789526363,999240.0,2651.4399999999996
5c768eef-cfe0-3e76-9fd0-0ebcf30dccd9,1980-10-21,,999-81-8265,S99956847,X75814107X,Mr.,Wally311,Quigley282,,,S,white,nonhispanic,M,Revere  Massachusetts  US,646 Ortiz Route Suite 25,Westford,Massachusetts,Middlesex County,,42.62709209749673,-71.42427552120256,1020240.0,2780.6
1ad045a3-eb47-9c28-1451-ca5968818fb7,1989-07-24,,999-22-3710,S99939225,X24895442X,Ms.,Rosaria177,Nienow652,,,S,white,nonhispanic,F,Attleboro  Massachusetts  US,598 Nolan Center,Ayer,Massachusetts,Middlesex County,01432,42.54837721899304,-71.58970951567898,761625.0,2508.12
121bb0b6-bbb4-b080-4d60-d211839060a2,1970-01-16,,999-49-4591,S99986161,X37734203X,Mrs.,Lovella383,Jaskolski867,,D'Amore443,M,white,nonhispanic,F,Taunton  Massachusetts  US,293 Hilpert Heights Apt 85,Southampton,Massachusetts,Hampshire County,,42.26915861302487,-72.70267728825692,1046440.0,2655.56
d7ec976f-aaee-0c17-1dce-cb365eedd467,1956-03-02,,999-66-9479,S99937591,X3780620X,Mr.,Randall756,McLaughlin530,,,M,white,hispanic,M,East Longmeadow  Massachusetts  US,584 Steuber Harbor Apt 71,Lowell,Massachusetts,Middlesex County,,42.63109289658128,-71.32418543520383,1484730.0,4244.639999999999
d7ac1c3c-5fda-bc67-0bd7-d1ae662eb13a,1951-09-05,,999-76-2063,S99923372,X89283824X,Mrs.,Jacquetta148,White193,,Ledner144,M,white,nonhispanic,F,Belmont  Massachusetts  US,1017 Langosh Trailer,Lowell,Massachusetts,Middlesex County,01852,42.68720207858273,-71.35367292527162,1576360.0,4760.44
75dfcaac-587b-328a-b512-5e58e11ebe74,1955-06-29,,999-75-4220,S99964725,X50035932X,Mr.,Lindsay928,Koelpin146,,,M,white,nonhispanic,M,Franklin  Massachusetts  US,782 Predovic Frontage road,Tewksbury,Massachusetts,Middlesex County,,42.59498655220064,-71.27311519307854,1331200.0,3903.7999999999997
d3b9e5b9-29ee-08fe-87ea-793c60aa35b9,2004-10-30,,999-16-3846,S99939670,,,Kristopher775,Blanda868,,,,white,nonhispanic,M,North Attleborough  Massachusetts  US,609 Schumm Landing Unit 84,Cambridge,Massachusetts,Middlesex County,,42.38764044429844,-71.11606820063925,353250.0,2779.0
bbade20e-361a-23ac-c470-d2c84a7113d7,1978-01-14,,999-17-4000,S99989181,X18857867X,Mrs.,Temika453,Raynor401,MD,Brekke496,M,white,hispanic,F,Worcester  Massachusetts  US,149 Stamm Junction,Lawrence,Massachusetts,Essex County,01840,42.70936994597933,-71.18074620228958,4649.76,0.0
12d06cf7-2a0d-2a0b-d09d-9d92e9c7265b,1991-05-01,,999-99-1069,S99961378,X81558519X,Ms.,Meda165,Hilll811,,,S,white,nonhispanic,F,Richmond  Massachusetts  US,801 Schuster Fort Apt 57,Rowley,Massachusetts,Essex County,,42.6729639285707,-70.89858380291592,753180.0,2623.96
60e7a040-8111-080e-ce26-ace708446c6a,1969-12-08,,999-59-5413,S99970914,X15047782X,Mrs.,Winnifred2,Kemmer137,,Hintz995,M,white,nonhispanic,F,Leominster  Massachusetts  US,322 Lehner Underpass,Belmont,Massachusetts,Middlesex County,02138,42.3842580698361,-71.1519909708705,1293480.0,3315.56
8210d891-3369-dac3-2f90-c4b94ac03558,1968-05-11,,999-75-1282,S99992090,X8282351X,Mr.,Michel472,Collier206,,,M,white,nonhispanic,M,Ludlow  Massachusetts  US,958 Parisian Fork Suite 45,Natick,Massachusetts,Middlesex County,,42.33333007088066,-71.378196865317,1143750.0,2874.72
9c036302-12a5-22b3-a2cb-b0cb5f52e914,2004-01-06,,999-69-8537,S99911672,,,Jenine75,Kovacek682,,,,white,nonhispanic,F,Weymouth  Massachusetts  US,849 Altenwerth Plaza Unit 7,Arlington,Massachusetts,Middlesex County,02476,42.39722820586657,-71.19289293723769,392030.0,2599.0
c9e48566-9957-0742-f90f-aef4c3d4b45f,1991-08-10,,999-53-1764,S99916472,X54813234X,Mrs.,Raven88,Armstrong51,,Hilpert278,M,asian,nonhispanic,F,Macau  Macao Special Administrative Region of the People's Republic of China  CN,342 Lesch Vale Apt 35,Quincy,Massachusetts,Norfolk County,02171,42.24060382801842,-71.00737036812241,676110.0,2393.96
a5b12ccd-979c-6f89-dd6c-acfe50481eb5,1967-05-29,,999-60-7843,S99960818,X69506146X,Mr.,Buford910,Christiansen251,,,M,black,nonhispanic,M,Hanson  Massachusetts  US,363 Jerde Camp Apt 80,Weymouth,Massachusetts,Norfolk County,02188,42.19882704037334,-70.91930120690799,1356540.0,3513.8799999999997
8fb7fe28-0877-fb66-6075-770518e3fa76,1910-05-30,1946-10-28,999-77-3218,S99930152,X30793758X,Mr.,Jeffry142,Leannon79,,,M,white,nonhispanic,M,Bellingham  Massachusetts  US,763 Bartell Mall,Beverly,Massachusetts,Essex County,01915,42.57529383138772,-70.91683281263789,878495.72,2438.08
f96e8047-f690-99a4-ce17-97b1764201ef,2012-07-09,,999-61-2773,,,,Everett935,Runolfsdottir785,,,,black,hispanic,M,Barnstable  Massachusetts  US,583 Wisozk Rue,Boston,Massachusetts,Suffolk County,02113,42.37084873600957,-71.01347838564935,187200.0,2195.72
2114c80f-4ab6-2717-3520-62213931c44e,1984-12-05,,999-39-8756,S99971754,X69438789X,Mrs.,Noelle559,Haley279,,Jaskolski867,M,white,nonhispanic,F,Faro  Algarve  PT,1043 Nikolaus Ville Apt 80,Southwick,Massachusetts,Hampden County,,42.087833706331764,-72.7487108727858,828460.0,2302.2799999999997
a9e3f731-442a-2786-0655-daf11520083f,2018-06-03,,999-81-7674,,,,Hunter736,Kub800,,,,white,nonhispanic,M,West Chatham  Massachusetts  US,203 Larkin Trafficway,Taunton,Massachusetts,Bristol County,02718,41.86127375463717,-71.01292746648205,59400.0,1291.6
43a2ce98-7d56-0a9c-906e-eea9401211a2,1958-11-22,,999-94-8377,S99999515,X70752538X,Mrs.,Kourtney511,Hessel84,,Carter549,M,white,nonhispanic,F,Westfield  Massachusetts  US,471 Schumm Mews Suite 39,Amesbury,Massachusetts,Essex County,,42.878248480059966,-70.9062921755054,1423860.0,4056.3199999999997
4043dea1-b611-3d8d-4d2f-6904ef17baf7,1954-09-03,,999-20-5820,S99953382,X58294063X,Ms.,Bianca274,Eichmann909,,,S,white,nonhispanic,F,Marblehead  Massachusetts  US,983 Schuster Promenade,Auburn,Massachusetts,Worcester County,,42.199786351372566,-71.82270391426447,11474.64,258.32
7372f72d-02bc-8b43-df78-e912b51419ad,1977-02-25,,999-28-9343,S99951238,X74336271X,Mrs.,Cleta89,Schmitt836,,Okuneva707,M,white,nonhispanic,F,Montague  Massachusetts  US,236 Toy Rest Unit 93,North Andover,Massachusetts,Essex County,,42.69643036398583,-71.14057302935352,900080.0,2169.7599999999998
23737aa3-02d5-40ad-0290-c42727b1ff5a,1963-09-14,,999-56-3563,S99964934,X43176854X,Mr.,Trent525,Mayer370,,,M,white,nonhispanic,M,Rochester  Massachusetts  US,804 Herzog Rest,Hull,Massachusetts,Plymouth County,02045,42.270634830328554,-70.92864748185276,1519980.0,4090.52
47a46429-d1ca-78dc-ff61-41ce5c1e2ab0,2009-05-20,,999-28-1921,,,,Luanna919,Beer512,,,,asian,nonhispanic,F,Amherst  Massachusetts  US,467 Gutkowski Vista Suite 63,Newburyport,Massachusetts,Essex County,01951,42.773332159321114,-70.8100257917608,241400.0,2583.2
102edfd0-f579-9959-d980-3de5c6786313,1982-07-10,,999-63-2573,S99946554,X31752380X,Mr.,Jonathon205,Wilderman619,,,M,white,nonhispanic,M,Boston  Massachusetts  US,463 Bartoletti Stravenue Apt 81,Rochester,Massachusetts,Plymouth County,,41.767718314777085,-70.85097694860904,883797.28,2420.6
741ebf3a-b975-cdce-5b64-4a8f20267965,1979-01-11,,999-47-2299,S99934526,X36305581X,Mr.,Daniel959,Kohler843,,,M,white,nonhispanic,M,Amherst  Massachusetts  US,735 Weber Trafficway,Gloucester,Massachusetts,Essex County,,42.63340301367446,-70.73520565789676,26454.8,294.96
d19fec1b-9efb-d75b-7109-aacc61360d33,1961-04-02,,999-38-5129,S99966908,X68625932X,Mr.,Shelby741,Feil794,,,M,white,nonhispanic,M,Burlington  Massachusetts  US,224 Watsica Heights Suite 72,Brockton,Massachusetts,Plymouth County,,42.12500499940069,-71.01776020223886,161773.28,3555.56
b1b60536-0b61-3681-aeea-312c4b30c28b,1985-09-04,,999-42-5175,S99968524,X86926756X,Mr.,Felipe97,Figueroa648,,,M,white,hispanic,M,Bayamon  Puerto Rico  PR,916 Bogan Annex Suite 30,Malden,Massachusetts,Middlesex County,02155,42.399184413228895,-71.02091628309788,4262.28,0.0
1e8643b8-278c-3734-bfaa-5271c5b52a9d,1980-05-28,,999-85-1670,S99994487,X48813515X,Mr.,Houston994,Quitzon246,,,M,white,nonhispanic,M,Lawrence  Massachusetts  US,833 Keebler Arcade Unit 56,Plainville,Massachusetts,Norfolk County,,41.9694096171952,-71.3605297709567,124050.0,2720.6
776e69ab-4011-3ec1-9376-224fc62751d8,1955-11-12,,999-77-2431,S99959534,X6038849X,Mr.,Lionel365,Windler79,,,M,white,nonhispanic,M,Manchester-by-the-Sea  Massachusetts  US,489 Schroeder Gateway,Dracut,Massachusetts,Middlesex County,,42.699720599758216,-71.32855436069293,1331743.83,3903.7999999999997
e6c7f767-88c6-7adb-92eb-253212bfa1c6,1940-03-26,,999-86-9174,S99942000,X86160104X,Mrs.,Lavone763,Graham902,,Renner328,M,white,nonhispanic,F,Dedham  Massachusetts  US,453 Labadie Esplanade,Worcester,Massachusetts,Worcester County,01607,42.28539645802128,-71.81319931881086,1455840.0,4951.2
580de7b8-c979-1cbc-32b8-bb2fcd1830e6,1999-03-30,,999-43-8883,S99971913,X11900567X,Ms.,Caitlyn56,Krajcik437,,,,white,nonhispanic,F,Gardner  Massachusetts  US,417 Jast Plaza,Hingham,Massachusetts,Plymouth County,02043,42.2259035115545,-70.89117416540203,3616.48,0.0
82181702-7a4c-e417-0a4f-aa27617fe432,1922-12-06,,999-72-5789,S99911602,X7177700X,Mr.,Garry927,Howell947,,,S,white,nonhispanic,M,Sharon  Massachusetts  US,1024 Murray Throughway Apt 14,Natick,Massachusetts,Middlesex County,,42.28175244676689,-71.32425557810818,1665730.0,7006.92
9b9d1a1d-8cee-2ec4-22b3-d6005a85892b,1910-05-30,,999-36-5109,S99996478,X63771477X,Mr.,Clemente531,Lindgren255,,,M,white,nonhispanic,M,Worcester  Massachusetts  US,970 Roob Course Suite 20,Beverly,Massachusetts,Essex County,01915,42.60221342390993,-70.84547101636738,1702185.0,14650.539999999999
3f5a5787-ea43-c183-05d6-a482a153580d,2011-08-16,,999-55-1944,,,,Debi992,Mraz590,,,,white,nonhispanic,F,Clarksburg  Massachusetts  US,152 Cassin Station Unit 76,Swansea,Massachusetts,Bristol County,,41.76501594932367,-71.21437633271397,218500.0,2324.88
c5f0870c-7825-771d-212e-66baa1c02d95,2008-08-22,,999-58-5377,,,,Rick943,Schinner682,,,,white,nonhispanic,M,West Springfield  Massachusetts  US,638 Turner Neck,Lynn,Massachusetts,Essex County,01901,42.514161973067424,-70.89066927022039,286900.0,2712.3599999999997
82ae7c0d-5635-63da-a5b1-1e906a83f957,1984-02-20,,999-10-3715,S99950273,X64168154X,Mr.,Emil691,Schneider199,PhD,,M,white,nonhispanic,M,Boston  Massachusetts  US,784 Schultz Burg,Natick,Massachusetts,Middlesex County,,42.33418412858933,-71.38902006622394,891820.0,2442.2799999999997
0290c47a-4a27-b7ce-3f3a-71d5b8c02ebd,2012-04-22,,999-16-3838,,,,Janell58,Daugherty69,,,,white,nonhispanic,F,Novosibirsk  Novosibirsk Oblast  RU,1009 Lesch Station Apt 74,Shelburne Falls,Massachusetts,Franklin County,01370,42.59587782112512,-72.75840477101528,224700.0,2195.72
f6080762-f50b-7450-8ac7-4f1504187c1e,2015-09-02,,999-21-9125,,,,Le457,Schowalter414,,,,white,nonhispanic,F,Acton  Massachusetts  US,227 Goodwin Gate Apt 41,Boston,Massachusetts,Suffolk County,02128,42.387845419101446,-71.0475363518841,112200.0,1808.24
4f99a241-f19e-6e71-6496-5d2e5fdda41a,1967-05-27,,999-12-2443,S99961135,X51293467X,Mr.,Lazaro919,Ortiz186,,,M,white,nonhispanic,M,Brockton  Massachusetts  US,889 Reilly Dam Unit 29,Concord,Massachusetts,Middlesex County,,42.456761051236654,-71.38979434834026,1227880.0,3173.8799999999997
9042e127-782b-764a-23d8-ff23c9e76308,1961-01-11,,999-20-7860,S99975379,X24897136X,Mr.,Ramiro608,Kub800,,,M,white,nonhispanic,M,Duxbury  Massachusetts  US,638 Harvey Trail Suite 28,Leominster,Massachusetts,Worcester County,01420,42.52966860898118,-71.71667372692662,1447959.27,5402.04
