PATIENT,START_YEAR,END_YEAR,PAYER,OWNERSHIP
8811125b-c7c1-8aa5-0478-ac750a779eb3,1984,1984,b1c428d6-4f07-31e0-90f0-68ffa6ff8c76,
dfa0fb78-c548-bc93-bd52-61d09842cb9f,1971,1989,d47b3510-2895-3b70-9897-342d681c769d,Guardian
204b5f7a-3717-7b9c-42f9-06b16212002c,1954,1972,5059a55e-5d6e-34d1-b6cb-d83d16e57bcf,Guardian
204b5f7a-3717-7b9c-42f9-06b16212002c,1973,2019,7caa7254-5050-3b5e-9eae-bd5ea30e809c,Self
fa199c1a-9136-43d5-0a1e-d05ef0589729,2002,2002,b1c428d6-4f07-31e0-90f0-68ffa6ff8c76,
b020a7f5-44ac-e821-0710-4c7e8ebbd30d,1993,2011,6e2f1a2d-27bd-3701-8d08-dae202c58632,Guardian
26b7029a-d272-a0d7-0a8d-35736f6b9dda,1978,1996,047f6ec3-6215-35eb-9608-f9dda363a44c,Guardian
5f99f937-83df-cb0b-ad01-179510d12019,1994,2012,4d71f845-a6a9-3c39-b242-14d25ef86a8d,Guardian
1d574520-aa9b-9c38-1785-b6018acd21b6,1962,1980,5059a55e-5d6e-34d1-b6cb-d83d16e57bcf,Guardian
d37c2150-4e2e-b628-dd0a-5010a441f3ab,1976,1994,d47b3510-2895-3b70-9897-342d681c769d,Guardian
3f26950a-a44b-acee-bcb4-626ca381638a,1946,1964,5059a55e-5d6e-34d1-b6cb-d83d16e57bcf,Guardian
3f26950a-a44b-acee-bcb4-626ca381638a,1965,2011,7caa7254-5050-3b5e-9eae-bd5ea30e809c,Self
26c7c0aa-a7e1-b8e5-77c0-e88725bc3ccc,1935,1953,4d71f845-a6a9-3c39-b242-14d25ef86a8d,Guardian
463a971c-9c36-0805-03de-fd25bda9ba29,1953,1971,5059a55e-5d6e-34d1-b6cb-d83d16e57bcf,Guardian
26c7c0aa-a7e1-b8e5-77c0-e88725bc3ccc,1954,2000,7caa7254-5050-3b5e-9eae-bd5ea30e809c,Self
463a971c-9c36-0805-03de-fd25bda9ba29,1972,2018,7caa7254-5050-3b5e-9eae-bd5ea30e809c,Self
16fc146c-4e7f-759a-3181-77948f12dd3d,1990,2008,5059a55e-5d6e-34d1-b6cb-d83d16e57bcf,Guardian
b056af17-0217-e001-eb79-74d5bc5eb7a1,1987,1987,b1c428d6-4f07-31e0-90f0-68ffa6ff8c76,
bbb0dff2-52d4-9a6a-d728-5330c6cf6efd,1960,1978,42c4fca7-f8a9-3cd1-982a-dd9751bf3e2a,Guardian
005e056f-dc10-50f1-4825-5e07855d6253,1989,2007,4d71f845-a6a9-3c39-b242-14d25ef86a8d,Guardian
442abbbd-5772-abcb-f863-0fd01498713f,1962,1980,5059a55e-5d6e-34d1-b6cb-d83d16e57bcf,Guardian
dee7624c-be05-b5d5-2a8e-c99c04693963,1980,1980,b1c428d6-4f07-31e0-90f0-68ffa6ff8c76,
2d0730b4-5db5-4fa7-2ec6-b571d6fc1efc,2001,2019,047f6ec3-6215-35eb-9608-f9dda363a44c,Guardian
b66f50f6-30b1-90e9-8a27-9ab98a3b4ca3,1976,1976,7c4411ce-02f1-39b5-b9ec-dfbea9ad3c1a,Self
a6ca5397-cce6-910f-9792-f1b29c9f37f4,1936,1936,b1c428d6-4f07-31e0-90f0-68ffa6ff8c76,
a6ca5397-cce6-910f-9792-f1b29c9f37f4,1937,2001,7caa7254-5050-3b5e-9eae-bd5ea30e809c,
b568a622-b4c7-933a-4627-cf970d781744,1961,1979,5059a55e-5d6e-34d1-b6cb-d83d16e57bcf,Guardian
1130d940-f50d-25e6-05fc-25508ab21056,1961,1979,d47b3510-2895-3b70-9897-342d681c769d,Guardian
2c4fda17-4ab7-26b9-5551-9dba5a0df12b,1994,2012,d47b3510-2895-3b70-9897-342d681c769d,Guardian
748381db-801f-cf8a-4847-17d648d15a93,1997,2015,42c4fca7-f8a9-3cd1-982a-dd9751bf3e2a,Guardian
8274863b-8bd6-e036-403f-68a0a2c9c351,2002,2020,047f6ec3-6215-35eb-9608-f9dda363a44c,Guardian
6f6923e9-4b34-4776-b405-500733afc69a,1989,2007,d47b3510-2895-3b70-9897-342d681c769d,Guardian
e680788f-d169-bad0-7155-aa9eea3196c4,1993,2011,047f6ec3-6215-35eb-9608-f9dda363a44c,Guardian
99a97a63-23a6-3aa5-85cb-37b1a4c44d42,1959,1959,7c4411ce-02f1-39b5-b9ec-dfbea9ad3c1a,Self
67a8b2aa-96f1-0379-bf9a-db30326a4272,1978,1996,42c4fca7-f8a9-3cd1-982a-dd9751bf3e2a,Guardian
b2efd50a-14f9-9917-6bb1-f138da2d3294,1968,1986,42c4fca7-f8a9-3cd1-982a-dd9751bf3e2a,Guardian
432846d0-2d54-7cb9-1c70-5c2c3ffa1955,1961,1979,42c4fca7-f8a9-3cd1-982a-dd9751bf3e2a,Guardian
c2479f33-ba5e-a7ca-8803-1c58b89c4008,1988,1988,7c4411ce-02f1-39b5-b9ec-dfbea9ad3c1a,Self
934f2272-c1ff-19c0-1377-4652aeaa6720,1996,2014,047f6ec3-6215-35eb-9608-f9dda363a44c,Guardian
650dd202-b11b-74c5-94b0-5d534eae4070,1952,1970,4d71f845-a6a9-3c39-b242-14d25ef86a8d,Guardian
650dd202-b11b-74c5-94b0-5d534eae4070,1971,2017,7caa7254-5050-3b5e-9eae-bd5ea30e809c,Self
d1ac1548-f197-1316-bcdf-ebb4387a412e,1959,1977,5059a55e-5d6e-34d1-b6cb-d83d16e57bcf,Guardian
5ecbac0f-02ec-55ab-d2c8-f06bc6f90c6e,1952,1952,b1c428d6-4f07-31e0-90f0-68ffa6ff8c76,
5ecbac0f-02ec-55ab-d2c8-f06bc6f90c6e,1953,2017,7caa7254-5050-3b5e-9eae-bd5ea30e809c,
aa782da2-d0ac-e967-09e9-f2c3d1b1f383,1991,2009,4d71f845-a6a9-3c39-b242-14d25ef86a8d,Guardian
86354f60-09b7-0661-db8e-ae638b5cd5df,1999,2017,047f6ec3-6215-35eb-9608-f9dda363a44c,Guardian
3f78ef9d-3167-f282-aa99-9768f1350812,1967,1985,4d71f845-a6a9-3c39-b242-14d25ef86a8d,Guardian
4c933384-43d5-a200-1d3c-65553b271929,1969,1987,d47b3510-2895-3b70-9897-342d681c769d,Guardian
2adfc903-3ce2-e9c1-a1d9-2d9c24bce554,2000,2000,b1c428d6-4f07-31e0-90f0-68ffa6ff8c76,
318f9b97-4b03-1dca-c0a8-7d6dd7da047a,1968,1986,5059a55e-5d6e-34d1-b6cb-d83d16e57bcf,Guardian
39194611-a65a-342d-adc4-093d5b567f2b,1981,1999,5059a55e-5d6e-34d1-b6cb-d83d16e57bcf,Guardian
39194611-a65a-342d-adc4-093d5b567f2b,2000,2019,5059a55e-5d6e-34d1-b6cb-d83d16e57bcf,Self
96aa5da7-3497-cc6c-4da3-5f9a3ba1e784,1981,1999,047f6ec3-6215-35eb-9608-f9dda363a44c,Guardian
5c768eef-cfe0-3e76-9fd0-0ebcf30dccd9,1980,1998,047f6ec3-6215-35eb-9608-f9dda363a44c,Guardian
1ad045a3-eb47-9c28-1451-ca5968818fb7,1989,2007,4d71f845-a6a9-3c39-b242-14d25ef86a8d,Guardian
121bb0b6-bbb4-b080-4d60-d211839060a2,1970,1988,d47b3510-2895-3b70-9897-342d681c769d,Guardian
d7ec976f-aaee-0c17-1dce-cb365eedd467,1956,1974,5059a55e-5d6e-34d1-b6cb-d83d16e57bcf,Guardian
d7ac1c3c-5fda-bc67-0bd7-d1ae662eb13a,1951,1969,4d71f845-a6a9-3c39-b242-14d25ef86a8d,Guardian
d7ac1c3c-5fda-bc67-0bd7-d1ae662eb13a,1970,2016,7caa7254-5050-3b5e-9eae-bd5ea30e809c,Self
75dfcaac-587b-328a-b512-5e58e11ebe74,1955,1973,d47b3510-2895-3b70-9897-342d681c769d,Guardian
75dfcaac-587b-328a-b512-5e58e11ebe74,1974,2020,7caa7254-5050-3b5e-9eae-bd5ea30e809c,Self
bbade20e-361a-23ac-c470-d2c84a7113d7,1978,1978,b1c428d6-4f07-31e0-90f0-68ffa6ff8c76,
12d06cf7-2a0d-2a0b-d09d-9d92e9c7265b,1991,2009,047f6ec3-6215-35eb-9608-f9dda363a44c,Guardian
60e7a040-8111-080e-ce26-ace708446c6a,1969,1987,047f6ec3-6215-35eb-9608-f9dda363a44c,Guardian
8210d891-3369-dac3-2f90-c4b94ac03558,1968,1986,6e2f1a2d-27bd-3701-8d08-dae202c58632,Guardian
c9e48566-9957-0742-f90f-aef4c3d4b45f,1991,2009,5059a55e-5d6e-34d1-b6cb-d83d16e57bcf,Guardian
a5b12ccd-979c-6f89-dd6c-acfe50481eb5,1967,1985,047f6ec3-6215-35eb-9608-f9dda363a44c,Guardian
8fb7fe28-0877-fb66-6075-770518e3fa76,1910,1928,4d71f845-a6a9-3c39-b242-14d25ef86a8d,Guardian
8fb7fe28-0877-fb66-6075-770518e3fa76,1929,1946,4d71f845-a6a9-3c39-b242-14d25ef86a8d,Self
2114c80f-4ab6-2717-3520-62213931c44e,1984,2002,5059a55e-5d6e-34d1-b6cb-d83d16e57bcf,Guardian
43a2ce98-7d56-0a9c-906e-eea9401211a2,1958,1976,5059a55e-5d6e-34d1-b6cb-d83d16e57bcf,Guardian
4043dea1-b611-3d8d-4d2f-6904ef17baf7,1954,1954,b1c428d6-4f07-31e0-90f0-68ffa6ff8c76,
4043dea1-b611-3d8d-4d2f-6904ef17baf7,1955,2019,7caa7254-5050-3b5e-9eae-bd5ea30e809c,
7372f72d-02bc-8b43-df78-e912b51419ad,1977,1995,d47b3510-2895-3b70-9897-342d681c769d,Guardian
23737aa3-02d5-40ad-0290-c42727b1ff5a,1963,1981,42c4fca7-f8a9-3cd1-982a-dd9751bf3e2a,Guardian
102edfd0-f579-9959-d980-3de5c6786313,1982,2000,5059a55e-5d6e-34d1-b6cb-d83d16e57bcf,Guardian
741ebf3a-b975-cdce-5b64-4a8f20267965,1979,1979,b1c428d6-4f07-31e0-90f0-68ffa6ff8c76,
d19fec1b-9efb-d75b-7109-aacc61360d33,1961,1961,b1c428d6-4f07-31e0-90f0-68ffa6ff8c76,
b1b60536-0b61-3681-aeea-312c4b30c28b,1985,1985,b1c428d6-4f07-31e0-90f0-68ffa6ff8c76,
1e8643b8-278c-3734-bfaa-5271c5b52a9d,1980,1980,7c4411ce-02f1-39b5-b9ec-dfbea9ad3c1a,Self
776e69ab-4011-3ec1-9376-224fc62751d8,1955,1973,d47b3510-2895-3b70-9897-342d681c769d,Guardian
776e69ab-4011-3ec1-9376-224fc62751d8,1974,2020,7caa7254-5050-3b5e-9eae-bd5ea30e809c,Self
e6c7f767-88c6-7adb-92eb-253212bfa1c6,1940,1958,6e2f1a2d-27bd-3701-8d08-dae202c58632,Guardian
e6c7f767-88c6-7adb-92eb-253212bfa1c6,1959,2005,7caa7254-5050-3b5e-9eae-bd5ea30e809c,Self
580de7b8-c979-1cbc-32b8-bb2fcd1830e6,1999,1999,b1c428d6-4f07-31e0-90f0-68ffa6ff8c76,
82181702-7a4c-e417-0a4f-aa27617fe432,1922,1940,4d71f845-a6a9-3c39-b242-14d25ef86a8d,Guardian
82181702-7a4c-e417-0a4f-aa27617fe432,1941,1987,7caa7254-5050-3b5e-9eae-bd5ea30e809c,Self
9b9d1a1d-8cee-2ec4-22b3-d6005a85892b,1910,1928,4d71f845-a6a9-3c39-b242-14d25ef86a8d,Guardian
9b9d1a1d-8cee-2ec4-22b3-d6005a85892b,1929,1975,7caa7254-5050-3b5e-9eae-bd5ea30e809c,Self
82ae7c0d-5635-63da-a5b1-1e906a83f957,1984,2002,4d71f845-a6a9-3c39-b242-14d25ef86a8d,Guardian
4f99a241-f19e-6e71-6496-5d2e5fdda41a,1967,1985,5059a55e-5d6e-34d1-b6cb-d83d16e57bcf,Guardian
9042e127-782b-764a-23d8-ff23c9e76308,1961,1979,4d71f845-a6a9-3c39-b242-14d25ef86a8d,Guardian
