DATE,PATIENT,ENCOUNTER,CODE,DESCRIPTION,BASE_COST,REASONCODE,REASONDESCRIPTION
2020-04-08T15:22:44Z,26c7c0aa-a7e1-b8e5-77c0-e88725bc3ccc,c7f8c218-c276-de03-9499-ba92ce94fb74,18286008,Catheter ablation of tissue of heart,11930.21,49436004,Atrial Fibrillation
2014-11-12T06:42:20Z,b568a622-b4c7-933a-4627-cf970d781744,10c2e91d-1398-a92d-bdea-2d03b272ec78,40701008,Echocardiography (procedure),1753.16,230690007,Stroke
2014-11-12T06:42:20Z,b568a622-b4c7-933a-4627-cf970d781744,10c2e91d-1398-a92d-bdea-2d03b272ec78,433112001,Percutaneous mechanical thrombectomy of portal vein using fluoroscopic guidance,20042.78,230690007,Stroke
2019-08-06T23:45:55Z,39194611-a65a-342d-adc4-093d5b567f2b,3cacd5bb-07a0-863a-2187-33c6220d5953,40701008,Echocardiography (procedure),831.28,22298006,Myocardial Infarction
2019-08-06T23:45:55Z,39194611-a65a-342d-adc4-093d5b567f2b,3cacd5bb-07a0-863a-2187-33c6220d5953,415070008,Percutaneous coronary intervention,32679.24,22298006,Myocardial Infarction
2019-08-06T23:45:55Z,39194611-a65a-342d-adc4-093d5b567f2b,3cacd5bb-07a0-863a-2187-33c6220d5953,232717009,Coronary artery bypass grafting,46360.07,22298006,Myocardial Infarction
1946-10-28T10:27:17Z,8fb7fe28-0877-fb66-6075-770518e3fa76,f04393e0-a803-0905-0dfc-9f10d12af9da,40701008,Echocardiography (procedure),1057.24,410429000,Cardiac Arrest
1946-10-28T10:27:17Z,8fb7fe28-0877-fb66-6075-770518e3fa76,f04393e0-a803-0905-0dfc-9f10d12af9da,447365002,Insertion of biventricular implantable cardioverter defibrillator,24570.51,410429000,Cardiac Arrest
1946-10-28T10:27:17Z,8fb7fe28-0877-fb66-6075-770518e3fa76,f04393e0-a803-0905-0dfc-9f10d12af9da,18286008,Catheter ablation of tissue of heart,12578.53,410429000,Cardiac Arrest
2012-04-01T04:05:58Z,102edfd0-f579-9959-d980-3de5c6786313,d0baa977-8911-c0fb-bd9e-6ee068e18c65,40701008,Echocardiography (procedure),1417.48,410429000,Cardiac Arrest
2012-04-01T04:05:58Z,102edfd0-f579-9959-d980-3de5c6786313,d0baa977-8911-c0fb-bd9e-6ee068e18c65,447365002,Insertion of biventricular implantable cardioverter defibrillator,36274.32,410429000,Cardiac Arrest
2012-04-01T04:05:58Z,102edfd0-f579-9959-d980-3de5c6786313,d0baa977-8911-c0fb-bd9e-6ee068e18c65,18286008,Catheter ablation of tissue of heart,12166.17,410429000,Cardiac Arrest
2015-01-03T08:36:32Z,776e69ab-4011-3ec1-9376-224fc62751d8,b6b0ebb2-3304-1e1d-bdb5-34e2f45c080b,40701008,Echocardiography (procedure),749.96,410429000,Cardiac Arrest
2015-01-03T08:36:32Z,776e69ab-4011-3ec1-9376-224fc62751d8,b6b0ebb2-3304-1e1d-bdb5-34e2f45c080b,447365002,Insertion of biventricular implantable cardioverter defibrillator,34726.64,410429000,Cardiac Arrest
2015-01-03T08:36:32Z,776e69ab-4011-3ec1-9376-224fc62751d8,b6b0ebb2-3304-1e1d-bdb5-34e2f45c080b,18286008,Catheter ablation of tissue of heart,11653.44,410429000,Cardiac Arrest
2013-04-29T10:27:17Z,9b9d1a1d-8cee-2ec4-22b3-d6005a85892b,127c4427-ee53-1c04-1147-4bcc2c02dc2f,40701008,Echocardiography (procedure),796.04,230690007,Stroke
2013-04-29T10:27:17Z,9b9d1a1d-8cee-2ec4-22b3-d6005a85892b,127c4427-ee53-1c04-1147-4bcc2c02dc2f,433112001,Percutaneous mechanical thrombectomy of portal vein using fluoroscopic guidance,27041.14,230690007,Stroke
