Id,ORGANIZATION,NAME,GENDER,SPECIALITY,ADDRESS,CITY,STATE,ZIP,LAT,LON,UTILIZATION
75c69d02-d59b-3a30-b226-08a2026da096,ef58ea08-d883-3957-8300-150554edc8fb,Rosette746 Bruen238,F,GENERAL PRACTICE,60 HOSPITAL ROAD,LEOMINSTER,MA,01453,42.520838,-71.770876,1
c699363c-8215-3bab-b9dd-2ec44a2ae6ce,5e765f2b-e908-3888-9fc7-df2cb87beb58,Chauncey770 Steuber698,M,GENERAL PRACTICE,211 PARK STREET,ATTLEBORO,MA,02703,41.931653,-71.294503,1
0aca21ca-6d9e-378d-bd9c-5997ea2b58a8,ef6ab57c-ed94-3dbe-9861-812d515918b3,Terrell212 Fadel536,F,GENERAL PRACTICE,88 LEWIS BAY ROAD,HYANNIS,MA,02601,41.748854,-70.74053599999998,1
41707035-47be-35eb-bf98-af9a698f6322,5d4b9df1-93ae-3bc9-b680-03249990e558,Patricia625 Kilback373,F,GENERAL PRACTICE,575 BEECH STREET,HOLYOKE,MA,01040,42.211656,-72.642448,3
8592a768-9e8b-3db7-a391-ac7a82a2c6b0,37c0de84-bcaf-3624-82bf-a89b2ac441b8,Dinah304 Schaefer657,F,GENERAL PRACTICE,85 HERRICK STREET,BEVERLY,MA,01915,42.556659,-70.84496,4
c9cfab4c-8991-3281-a1e6-d9f0766b4b66,d692e283-0833-3201-8e55-4f868a9c0736,Berry486 Borer986,M,GENERAL PRACTICE,585 LEBANON STREET,MELROSE,MA,02176,42.455723,-71.05901899999998,1
0cc881f6-d6d0-35b3-b9ad-674251287f5c,ac8356a5-78f8-3a63-8a1e-59e832fd54e7,Grady603 Green467,M,GENERAL PRACTICE,200 GROTON ROAD,AYER,MA,01432,42.562221,-71.58484399999998,1
dc64fab8-9e97-3138-8f20-5c8b56928427,3d10019f-c88e-3de5-9916-6107b9c0263d,Darrick836 Franecki195,M,GENERAL PRACTICE,2014 WASHINGTON STREET,NEWTON,MA,02462,42.331876,-71.208402,1
9181844d-b0ad-33f3-a727-9bbdf469c764,226098a2-6a40-3588-b5bb-db56c3a30a04,Elayne206 Renner328,F,GENERAL PRACTICE,235 NORTH PEARL STREET,BROCKTON,MA,02301,42.082543,-71.024638,1
89f1899a-8dc1-3614-a097-206ddb1735a5,de1376c4-8f27-37ed-85da-6986458442f2,Ruthe70 Champlin946,F,CLINICAL PSYCHOLOGIST,28 GREEN ST,NEWBURY,MA,01951-1721,42.770406,-70.872417,0
186527cd-80e4-3198-90e2-23b3c884fc65,de1376c4-8f27-37ed-85da-6986458442f2,Ruthe70 Champlin946,F,CLINICAL SOCIAL WORKER,28 GREEN ST,NEWBURY,MA,01951-1721,42.770406,-70.872417,0
70371a10-a6e1-3f5e-8d48-b1588dbffb2f,de1376c4-8f27-37ed-85da-6986458442f2,Billy698 Champlin946,M,GENERAL PRACTICE,28 GREEN ST,NEWBURY,MA,01951-1721,42.770406,-70.872417,20
eea809e5-82f6-3161-a75e-09dcb2ca4a5f,de1376c4-8f27-37ed-85da-6986458442f2,Billy698 Champlin946,M,CLINICAL NURSE SPECIALIST,28 GREEN ST,NEWBURY,MA,01951-1721,42.770406,-70.872417,0
7f1aaab2-a208-3805-b522-793e14e883aa,de1376c4-8f27-37ed-85da-6986458442f2,Rocio28 Guerra754,F,CLINICAL NURSE SPECIALIST,28 GREEN ST,NEWBURY,MA,01951-1721,42.770406,-70.872417,0
ba0759fd-5ed9-3b2e-b5fd-4ad35a77e4fb,c71b657c-58b7-33bf-8637-c0e102faf337,Darwin703 Graham902,M,GENERAL PRACTICE,182 MAIN ST,WATERTOWN,MA,02472-4409,42.369451,-71.177925,41
3686bd13-bfe5-3854-baa2-874d36d76520,8cc53527-a986-359d-9c23-ad6325458765,Lai148 Prohaska837,F,CHIROPRACTIC,194 REAR MAIN ST,AMESBURY,MA,01913-3609,42.851284,-70.955837,0
ac400d91-6b80-34d2-9370-5b53bb9e91f2,8cc53527-a986-359d-9c23-ad6325458765,Yong583 Prohaska837,M,GENERAL PRACTICE,194 REAR MAIN ST,AMESBURY,MA,01913-3609,42.851284,-70.955837,52
ddab050a-dcd1-3fbd-906e-9516b59d1456,4388668b-7730-35e0-af95-b996397c4c8a,Bill567 Sanford861,M,CLINICAL SOCIAL WORKER,321 BOSTON POST RD,SUDBURY,MA,01776,42.383367,-71.42107,0
805dfecd-82a0-3a2d-ba73-11745a54ccdd,4388668b-7730-35e0-af95-b996397c4c8a,Timoteo39 Sarabia507,M,GENERAL PRACTICE,321 BOSTON POST RD,SUDBURY,MA,01776,42.383367,-71.42107,41
b87e6b1f-4c0b-369b-a29a-8ecee294ee7a,d303f885-b64a-3c2c-b13f-36a97c2522bf,Janice500 Little434,F,CLINICAL SOCIAL WORKER,12 HEMLOCK PARK DR,GROTON,MA,01450-1450,42.61176,-71.565269,0
3405eba4-3554-37bb-957e-ba29d2edb43f,d303f885-b64a-3c2c-b13f-36a97c2522bf,Terence292 Hettinger594,M,CLINICAL SOCIAL WORKER,12 HEMLOCK PARK DR,GROTON,MA,01450-1450,42.61176,-71.565269,0
b105213f-89d6-358e-809d-b19ebfd55fc4,d303f885-b64a-3c2c-b13f-36a97c2522bf,Clara183 Ayala238,F,GENERAL PRACTICE,12 HEMLOCK PARK DR,GROTON,MA,01450-1450,42.61176,-71.565269,36
4a4ed976-2fb2-388b-bb98-e29e7d8fa751,36f3b4f2-9e17-3b2b-b080-eab3c7fda7fb,Emmitt44 Terry864,M,CLINICAL SOCIAL WORKER,53 CHESTNUT ST,SOUTH DARTMOUTH,MA,02748-3524,41.661303,-70.937913,0
2713efdb-1269-3fc0-94b7-fe3cd9f13434,36f3b4f2-9e17-3b2b-b080-eab3c7fda7fb,Emmitt44 Terry864,M,GENERAL PRACTICE,53 CHESTNUT ST,SOUTH DARTMOUTH,MA,02748-3524,41.661303,-70.937913,17
6f01a158-e3ef-3126-8569-fe85dc523b75,b77848aa-a063-3b6f-84c6-be1a49c1f645,Marlon619 Jenkins714,M,CLINICAL SOCIAL WORKER,85 EASTERN AVE,GLOUCESTER,MA,01930-1869,42.62885,-70.685875,0
d029cec3-ac8f-3404-8cb3-8308bda1c8af,b77848aa-a063-3b6f-84c6-be1a49c1f645,Sueann178 Fay398,F,CLINICAL SOCIAL WORKER,85 EASTERN AVE,GLOUCESTER,MA,01930-1869,42.62885,-70.685875,0
8b879815-9fe5-34aa-b3a7-6b81e79c5928,b77848aa-a063-3b6f-84c6-be1a49c1f645,Marlon619 Jenkins714,M,GENERAL PRACTICE,85 EASTERN AVE,GLOUCESTER,MA,01930-1869,42.62885,-70.685875,29
e1169ae4-3832-3845-b8f4-56da39f1c09b,01f7cae1-5b79-3c7c-89b0-4b6bb7285d93,Sixta311 Ankunding277,F,CLINICAL SOCIAL WORKER,5 ELM ST,DANVERS,MA,01923-2859,42.574174,-70.95051600000001,0
29355044-f812-305a-8124-eb9765829a98,01f7cae1-5b79-3c7c-89b0-4b6bb7285d93,Darell496 Simonis280,M,CLINICAL SOCIAL WORKER,5 ELM ST,DANVERS,MA,01923-2859,42.574174,-70.95051600000001,0
99d2d1fd-411a-3be6-8186-200d7f69f25a,01f7cae1-5b79-3c7c-89b0-4b6bb7285d93,Vernell410 Crona259,F,CLINICAL SOCIAL WORKER,5 ELM ST,DANVERS,MA,01923-2859,42.574174,-70.95051600000001,0
8b29464f-3f9a-32b0-acd0-f3f66699c40c,01f7cae1-5b79-3c7c-89b0-4b6bb7285d93,Monroe732 Wolf938,M,CLINICAL SOCIAL WORKER,5 ELM ST,DANVERS,MA,01923-2859,42.574174,-70.95051600000001,0
1e7f20c5-1a5e-34cf-a696-0fee14cf0f9b,01f7cae1-5b79-3c7c-89b0-4b6bb7285d93,Sixta311 Ankunding277,F,GENERAL PRACTICE,5 ELM ST,DANVERS,MA,01923-2859,42.574174,-70.95051600000001,38
946b8088-1172-32bf-8aef-32e6eef1795d,7a78e136-f3f9-336c-a1d3-61123212530b,Reda120 Zieme486,F,CLINICAL SOCIAL WORKER,131 W MAIN ST,ORANGE,MA,01364-1160,42.605437,-72.292074,0
04d622a9-d439-3f72-bcba-721cfa6d4681,7a78e136-f3f9-336c-a1d3-61123212530b,Wilburn655 Barton704,M,CLINICAL SOCIAL WORKER,131 W MAIN ST,ORANGE,MA,01364-1160,42.605437,-72.292074,0
b7e54e7f-7389-36b5-aaee-991e98ec4100,7a78e136-f3f9-336c-a1d3-61123212530b,Newton741 Zieme486,M,GENERAL PRACTICE,131 W MAIN ST,ORANGE,MA,01364-1160,42.605437,-72.292074,32
445007c3-a17f-3730-bcb7-084dd23c1bb8,0dd68644-66ef-33de-8802-9447848e4a7d,Miles206 Kuphal363,M,OPTOMETRY,288 LITTLETON RD,WESTFORD,MA,01886-3522,42.585541,-71.44025,0
7e4a3c3f-faf1-36e5-9348-d9b4877000a9,0dd68644-66ef-33de-8802-9447848e4a7d,Madeleine482 Leuschke194,F,OPTOMETRY,288 LITTLETON RD,WESTFORD,MA,01886-3522,42.585541,-71.44025,0
afc32a99-d110-37a5-a11a-1170255b840f,0dd68644-66ef-33de-8802-9447848e4a7d,Claude750 Stoltenberg489,M,OPTOMETRY,288 LITTLETON RD,WESTFORD,MA,01886-3522,42.585541,-71.44025,0
7c338eec-f678-3614-9d92-7f8d44654837,0dd68644-66ef-33de-8802-9447848e4a7d,Hector463 Parisian75,M,OPTOMETRY,288 LITTLETON RD,WESTFORD,MA,01886-3522,42.585541,-71.44025,0
9bbe2082-3ac0-3772-8429-bed7900685d5,0dd68644-66ef-33de-8802-9447848e4a7d,Miles206 Kuphal363,M,CHIROPRACTIC,288 LITTLETON RD,WESTFORD,MA,01886-3522,42.585541,-71.44025,0
1ac30da2-1518-3eb2-bf20-b2ca71e3bf98,0dd68644-66ef-33de-8802-9447848e4a7d,Madeleine482 Leuschke194,F,CHIROPRACTIC,288 LITTLETON RD,WESTFORD,MA,01886-3522,42.585541,-71.44025,0
cbb71e7a-76df-3c07-82b3-668279dd4f2d,0dd68644-66ef-33de-8802-9447848e4a7d,Rebbeca432 Kuphal363,F,GENERAL PRACTICE,288 LITTLETON RD,WESTFORD,MA,01886-3522,42.585541,-71.44025,28
7d931cbb-a09a-3027-a410-9dd56dedc3fc,62ed2870-abb8-3835-b924-a33b48f6ebdb,Danika134 Johns824,F,GENERAL PRACTICE,116 PLEASANT ST,EASTHAMPTON,MA,01027-2756,42.265435,-72.670813,41
bf5ad396-b8f6-3eed-9ff0-d4119b138715,473293d9-b54a-384c-9146-05416f9bdac4,Dorthey25 Hane680,F,GENERAL PRACTICE,173 MOUNT AUBURN ST,WATERTOWN,MA,02472-4005,42.369451,-71.177925,43
ff0d29e1-6197-3b16-8245-d9eb60328867,ac674642-9d8d-397d-a025-c9781499190f,Pamela954 Kovacek682,F,CHIROPRACTIC,31 COCHITUATE RD,WAYLAND,MA,01778-1804,42.360427,-71.361099,0
ce0b592b-63ee-3813-956e-1b573781fe78,ac674642-9d8d-397d-a025-c9781499190f,Pamela954 Kovacek682,F,GENERAL PRACTICE,31 COCHITUATE RD,WAYLAND,MA,01778-1804,42.360427,-71.361099,33
1b8daf37-5c04-37cd-a50b-2fb260d6f93f,ddd42f0a-b514-3a66-a44b-91a110fa5e07,Alberto639 Quintana711,M,CLINICAL PSYCHOLOGIST,25 MARKET ST,SWANSEA,MA,02777-3998,41.758163,-71.21418100000001,0
f8ae77d5-3e46-352a-a5f0-bce81111b0e1,ddd42f0a-b514-3a66-a44b-91a110fa5e07,Otelia900 Predovic534,F,CLINICAL PSYCHOLOGIST,25 MARKET ST,SWANSEA,MA,02777-3998,41.758163,-71.21418100000001,0
224d8c8f-a6c2-391a-92a0-17ffaaa44bcc,ddd42f0a-b514-3a66-a44b-91a110fa5e07,Rina274 Thiel172,F,CLINICAL SOCIAL WORKER,25 MARKET ST,SWANSEA,MA,02777-3998,41.758163,-71.21418100000001,0
a33ad92b-8538-3c6f-a88f-6956a40bd3ea,ddd42f0a-b514-3a66-a44b-91a110fa5e07,Otelia900 Predovic534,F,CLINICAL SOCIAL WORKER,25 MARKET ST,SWANSEA,MA,02777-3998,41.758163,-71.21418100000001,0
72225985-b790-37ee-a090-d0212a87ea93,ddd42f0a-b514-3a66-a44b-91a110fa5e07,Essie785 Bode78,F,CLINICAL SOCIAL WORKER,25 MARKET ST,SWANSEA,MA,02777-3998,41.758163,-71.21418100000001,0
41428b6f-1b88-3268-9e43-eaed3b2e7041,ddd42f0a-b514-3a66-a44b-91a110fa5e07,Dora90 Tromp100,F,CLINICAL SOCIAL WORKER,25 MARKET ST,SWANSEA,MA,02777-3998,41.758163,-71.21418100000001,0
fec9a0ac-6d33-3399-adbd-803663fa9b45,ddd42f0a-b514-3a66-a44b-91a110fa5e07,Mateo562 Morales679,M,CLINICAL SOCIAL WORKER,25 MARKET ST,SWANSEA,MA,02777-3998,41.758163,-71.21418100000001,0
96390b2b-b46b-3c41-96d0-d20229c9bcc0,ddd42f0a-b514-3a66-a44b-91a110fa5e07,Alphonse92 Gislason620,M,CLINICAL SOCIAL WORKER,25 MARKET ST,SWANSEA,MA,02777-3998,41.758163,-71.21418100000001,0
1b6d85a3-fa2f-39bd-ae55-1a13dc8399e3,ddd42f0a-b514-3a66-a44b-91a110fa5e07,Rina274 Thiel172,F,GENERAL PRACTICE,25 MARKET ST,SWANSEA,MA,02777-3998,41.758163,-71.21418100000001,18
fd41e715-cdc7-3990-8c39-31bf18fd6dce,b29dcadb-a680-3068-a051-4700656fcaea,Margarite168 Hahn503,F,CLINICAL SOCIAL WORKER,22 CRYSTAL ST,MELROSE,MA,02176-2706,42.455723,-71.05901899999999,0
f5911362-6bf6-3d72-bb70-64631cd6e50c,b29dcadb-a680-3068-a051-4700656fcaea,Margarite168 Hahn503,F,GENERAL PRACTICE,22 CRYSTAL ST,MELROSE,MA,02176-2706,42.455723,-71.05901899999999,58
a9c0d02a-0ac3-39c1-bd8c-b0a2ffe66b74,db8c94d9-ebc6-36ca-9d82-f35084c4ae7a,Lucile200 Schowalter414,F,GENERAL PRACTICE,11 CAPE DR,MASHPEE,MA,02649-3046,41.617622999999995,-70.492713,51
682e360d-0018-3548-8d8b-7c1dc3c8c548,6283a0f2-98cd-30e3-a92d-620a208e254c,Warner493 Medhurst46,M,PSYCHIATRY,307 CONCORD AVE,CAMBRIDGE,MA,02138-1207,42.376043,-71.11868,0
34f1978c-c1a2-3ac4-9b07-81afaa88f8bc,6283a0f2-98cd-30e3-a92d-620a208e254c,Elenora790 Medhurst46,F,GENERAL PRACTICE,307 CONCORD AVE,CAMBRIDGE,MA,02138-1207,42.376043,-71.11868,25
235356ae-6e78-30a0-bb8d-dc27ec2e7a19,bb13540a-76b8-364d-8d56-25108796456f,Sherlene302 Bode78,F,PSYCHIATRY,44 BURLINGTON MALL RD,BURLINGTON,MA,01803-4530,42.503227,-71.201713,0
d65d264b-027d-3de5-943c-c3c933f7fbee,bb13540a-76b8-364d-8d56-25108796456f,Wally311 Treutel973,M,PSYCHIATRY,44 BURLINGTON MALL RD,BURLINGTON,MA,01803-4530,42.503227,-71.201713,0
700a891c-1ff9-38bd-81f5-439486024d5d,bb13540a-76b8-364d-8d56-25108796456f,Sherlene302 Bode78,F,GENERAL PRACTICE,44 BURLINGTON MALL RD,BURLINGTON,MA,01803-4530,42.503227,-71.201713,25
012347f1-9163-3866-973e-86cd3c6739a5,1b552434-492f-3bca-8d80-6ba3e1ae9793,Alberta625 Feeney44,F,NURSE PRACTITIONER,70 WASHINGTON ST,SALEM,MA,01970-3520,42.499248,-70.898204,0
c908e688-ce4b-3e2b-8ab6-5c3617694955,1b552434-492f-3bca-8d80-6ba3e1ae9793,Shayna64 Bechtelar572,F,NURSE PRACTITIONER,70 WASHINGTON ST,SALEM,MA,01970-3520,42.499248,-70.898204,0
2ad63f98-5c6e-3962-b13b-563410ca4964,1b552434-492f-3bca-8d80-6ba3e1ae9793,Alberta625 Feeney44,F,CLINICAL PSYCHOLOGIST,70 WASHINGTON ST,SALEM,MA,01970-3520,42.499248,-70.898204,0
3d992cac-1f1f-3200-89fa-945f2af1d19d,1b552434-492f-3bca-8d80-6ba3e1ae9793,Débora815 Vallejo39,F,CLINICAL PSYCHOLOGIST,70 WASHINGTON ST,SALEM,MA,01970-3520,42.499248,-70.898204,0
db0ea084-9f3e-3cdf-94fb-6c31ece566a5,1b552434-492f-3bca-8d80-6ba3e1ae9793,Britt177 Block661,M,CLINICAL PSYCHOLOGIST,70 WASHINGTON ST,SALEM,MA,01970-3520,42.499248,-70.898204,0
fd4d5067-21ac-3263-afab-ef7ac2a41e0c,1b552434-492f-3bca-8d80-6ba3e1ae9793,Huong243 Tremblay80,F,CLINICAL PSYCHOLOGIST,70 WASHINGTON ST,SALEM,MA,01970-3520,42.499248,-70.898204,0
48529072-93bc-396c-8543-d7837800f681,1b552434-492f-3bca-8d80-6ba3e1ae9793,Kylie930 Ernser583,F,CLINICAL PSYCHOLOGIST,70 WASHINGTON ST,SALEM,MA,01970-3520,42.499248,-70.898204,0
712b43d1-dd1b-3ef1-be2f-4646288a1241,1b552434-492f-3bca-8d80-6ba3e1ae9793,Sang383 Bauch723,M,CLINICAL PSYCHOLOGIST,70 WASHINGTON ST,SALEM,MA,01970-3520,42.499248,-70.898204,0
1fad511b-80c6-32a2-a5b0-f11fb3b91441,1b552434-492f-3bca-8d80-6ba3e1ae9793,Alberta625 Feeney44,F,CLINICAL SOCIAL WORKER,70 WASHINGTON ST,SALEM,MA,01970-3520,42.499248,-70.898204,0
1e6fb079-325a-3374-bfc9-ce785533c65d,1b552434-492f-3bca-8d80-6ba3e1ae9793,Shayna64 Bechtelar572,F,CLINICAL SOCIAL WORKER,70 WASHINGTON ST,SALEM,MA,01970-3520,42.499248,-70.898204,0
1af47909-160a-3f0c-b7a0-ae1ded2603a6,1b552434-492f-3bca-8d80-6ba3e1ae9793,Horacio317 Feeney44,M,GENERAL PRACTICE,70 WASHINGTON ST,SALEM,MA,01970-3520,42.499248,-70.898204,21
4e4e9c12-4630-308e-9329-0b12190e305b,3347bc32-cba9-368f-9bf6-3d0f3389874c,Gene733 Jast432,F,CLINICAL SOCIAL WORKER,67 HATHERLY RD,SCITUATE,MA,02066-3455,42.205062,-70.74297800000001,0
fde46edb-3795-3ea0-a674-7966378e260f,3347bc32-cba9-368f-9bf6-3d0f3389874c,Gene733 Jast432,F,GENERAL PRACTICE,67 HATHERLY RD,SCITUATE,MA,02066-3455,42.205062,-70.74297800000001,21
e48f5311-e095-3832-b3a6-d6c562274c02,f7e2dff6-41b5-381a-a073-a4e7224fdc8d,Maddie576 Stroman228,F,CLINICAL SOCIAL WORKER,47 COLUMBUS AVE,SOMERVILLE,MA,02143-2018,42.390445,-71.101033,0
d830dd0f-ad88-3726-a87b-eaaa064423aa,f7e2dff6-41b5-381a-a073-a4e7224fdc8d,Rosario163 Rico947,F,GENERAL PRACTICE,47 COLUMBUS AVE,SOMERVILLE,MA,02143-2018,42.390445,-71.101033,14
814cddb8-80d0-348c-bffe-924afac65d8c,6002ae67-ed4e-36a4-9e76-5eefc37255cb,Mariano761 Donnelly343,M,CHIROPRACTIC,755 GRATTAN ST,CHICOPEE,MA,01020-1238,42.175668,-72.572257,0
fac12376-32f8-3647-9e9f-2f80f3d8b2ce,6002ae67-ed4e-36a4-9e76-5eefc37255cb,Jacquelynn434 Feeney44,F,CHIROPRACTIC,755 GRATTAN ST,CHICOPEE,MA,01020-1238,42.175668,-72.572257,0
9954823d-5ea0-3cd4-b7df-c4da774c0719,6002ae67-ed4e-36a4-9e76-5eefc37255cb,Angelo118 Littel644,F,CHIROPRACTIC,755 GRATTAN ST,CHICOPEE,MA,01020-1238,42.175668,-72.572257,0
82bddf7f-7b22-3fbb-b152-d3a4b0ea4160,6002ae67-ed4e-36a4-9e76-5eefc37255cb,Mariano761 Donnelly343,M,GENERAL PRACTICE,755 GRATTAN ST,CHICOPEE,MA,01020-1238,42.175668,-72.572257,74
b24af6ed-4397-3a50-8b35-d8605f0573ec,efe0e364-b8bb-346e-9a4f-57033b6524ba,Augustine565 Bechtelar572,M,GENERAL PRACTICE,1200 CONVERSE ST,LONGMEADOW,MA,01106-2074,42.047565000000006,-72.57113000000001,35
5a30b08f-fadf-3052-9b5f-7ad804f92804,76c097a5-448a-33f9-ad85-580f4d3dc2f0,Lionel365 Miller503,M,CLINICAL SOCIAL WORKER,29 E ST,HINGHAM,MA,02043-1903,42.224319,-70.880673,0
2f075b14-8aeb-3a20-b32b-35301c75e19f,76c097a5-448a-33f9-ad85-580f4d3dc2f0,Santana368 Miller503,F,GENERAL PRACTICE,29 E ST,HINGHAM,MA,02043-1903,42.224319,-70.880673,28
af79929b-86d3-3226-84fc-0242373866bc,807b4435-90e3-3a54-8d79-53faf57f6fa0,Antonia30 Casárez469,F,CLINICAL SOCIAL WORKER,97 MIDWOOD DR,SWANSEA,MA,02777-3512,41.758163,-71.21418100000001,0
b70c9e82-4bea-3e22-af60-654361fa3454,807b4435-90e3-3a54-8d79-53faf57f6fa0,Soila394 Rogahn59,F,GENERAL PRACTICE,97 MIDWOOD DR,SWANSEA,MA,02777-3512,41.758163,-71.21418100000001,43
59bfba4e-a415-3559-bc4d-45138cdccbd0,46ef6016-71fa-355f-91da-f6482657a00d,Louie190 Kunze215,M,OPTOMETRY,75 MAIN ST,STONEHAM,MA,02180-3305,42.474208000000004,-71.097665,0
3bc903d2-ac48-3db1-8e45-0b88a636ac92,46ef6016-71fa-355f-91da-f6482657a00d,Carla633 Haley279,F,OPTOMETRY,75 MAIN ST,STONEHAM,MA,02180-3305,42.474208000000004,-71.097665,0
f7d6330f-2d68-3ef1-921f-53a834796a0d,46ef6016-71fa-355f-91da-f6482657a00d,Louie190 Kunze215,M,GENERAL PRACTICE,75 MAIN ST,STONEHAM,MA,02180-3305,42.474208000000004,-71.097665,33
26fbf19c-f991-318c-ae2a-4d15ce9aad91,df64390b-9fc2-32fd-8821-2cbfcdb3e705,Classie132 Witting912,F,GENERAL PRACTICE,747 MAIN ST,CONCORD,MA,01742-3302,42.462911,-71.364496,43
c969b309-9d2e-39e9-8cad-9a5ccb1dead1,c0388410-92ac-3f24-9bf7-8015960436e3,Linh535 Bergnaum523,F,OPTOMETRY,598 COUNTY ST,SOMERSET,MA,02726-4204,41.738479,-71.165065,0
6e7aba53-dd48-3023-aad3-ed34b3889b4e,c0388410-92ac-3f24-9bf7-8015960436e3,Larhonda769 Thompson596,F,OPTOMETRY,598 COUNTY ST,SOMERSET,MA,02726-4204,41.738479,-71.165065,0
78f144f5-35ac-3c90-8c15-8ab453da6839,c0388410-92ac-3f24-9bf7-8015960436e3,Linh535 Bergnaum523,F,GENERAL PRACTICE,598 COUNTY ST,SOMERSET,MA,02726-4204,41.738479,-71.165065,32
35633cc2-587a-3c46-8c47-3e097baf530c,5eeacb40-eaaa-3a42-b208-0b257414c2a0,Bronwyn77 Tromp100,F,FAMILY PRACTICE,191 LOWER ST,SHELBURNE FLS,MA,01370-9402,42.609509,-72.74698000000002,0
99ae3332-89db-3479-8d22-942f761bca83,5eeacb40-eaaa-3a42-b208-0b257414c2a0,Bronwyn77 Tromp100,F,GENERAL PRACTICE,191 LOWER ST,SHELBURNE FLS,MA,01370-9402,42.609509,-72.74698000000002,17
bb948b50-606c-31de-983c-b9dcd9862a49,aaf9b793-71b4-346d-baea-62b744d94494,Ayanna800 Kreiger457,F,CLINICAL PSYCHOLOGIST,537 ROUTE 28,HARWICH PORT,MA,02646-1894,41.670154,-70.06519399999999,0
32379b5b-646a-3de5-926b-dfc7151be31b,aaf9b793-71b4-346d-baea-62b744d94494,Alvina833 Grimes165,F,CLINICAL PSYCHOLOGIST,537 ROUTE 28,HARWICH PORT,MA,02646-1894,41.670154,-70.06519399999999,0
3c9c45fb-f18f-3a00-ab00-cef1c5c2230c,aaf9b793-71b4-346d-baea-62b744d94494,Stanford577 Kreiger457,M,GENERAL PRACTICE,537 ROUTE 28,HARWICH PORT,MA,02646-1894,41.670154,-70.06519399999999,24
8dae3d72-22fc-31fb-934f-c75ac70a8ebf,9a594642-e408-38b9-b53c-648fa6129a78,Ja391 Willms744,F,CHIROPRACTIC,1599 ORLEANS RD,HARWICH,MA,02645-2147,41.696512,-70.070113,0
f08bb18b-fe3d-37db-9fe3-c5452eece33f,9a594642-e408-38b9-b53c-648fa6129a78,Ben667 Willms744,M,CLINICAL SOCIAL WORKER,1599 ORLEANS RD,HARWICH,MA,02645-2147,41.696512,-70.070113,0
2e67e319-a030-3b06-a135-ef19853ffba9,9a594642-e408-38b9-b53c-648fa6129a78,Ben667 Willms744,M,GENERAL PRACTICE,1599 ORLEANS RD,HARWICH,MA,02645-2147,41.696512,-70.070113,30
e2a5ddc3-0efc-335e-89ac-f1dae03f3626,a04b0d38-3327-3763-8998-3c05ba9c4d47,Chiquita638 Batz141,F,CLINICAL PSYCHOLOGIST,572 BOSTON RD,BILLERICA,MA,01821-3761,42.559673,-71.260947,0
2656b964-7ed1-3dbd-b9cc-0c59fac6417f,a04b0d38-3327-3763-8998-3c05ba9c4d47,Bennie663 Stiedemann542,M,CLINICAL PSYCHOLOGIST,572 BOSTON RD,BILLERICA,MA,01821-3761,42.559673,-71.260947,0
0d233fd1-f3ff-3e93-a600-468bbbdd7755,a04b0d38-3327-3763-8998-3c05ba9c4d47,Chiquita638 Batz141,F,GENERAL PRACTICE,572 BOSTON RD,BILLERICA,MA,01821-3761,42.559673,-71.260947,55
7748936e-ebc8-3623-9157-ea783e68a41a,e613f5a1-7588-3efe-8701-fa9baf3241ff,Natalia964 Ballesteros368,F,CLINICAL PSYCHOLOGIST,338 TREMONT ST,REHOBOTH,MA,02769-2034,41.846878000000004,-71.24486999999999,0
a73e49c9-666a-34b2-a138-e6832cb959c8,e613f5a1-7588-3efe-8701-fa9baf3241ff,Jewel43 White193,M,GENERAL PRACTICE,338 TREMONT ST,REHOBOTH,MA,02769-2034,41.846878000000004,-71.24486999999999,28
022c5d5a-42c6-3658-8739-85db12b1c2d8,8e770c9c-68de-3d43-b935-1eb373c8c602,Rod343 Kreiger457,M,CLINICAL PSYCHOLOGIST,9 REMINGTON ST,CAMBRIDGE,MA,02138-5202,42.376043,-71.11868,0
d8ed7329-218c-3135-9fa3-78653a301c4b,8e770c9c-68de-3d43-b935-1eb373c8c602,Rod343 Kreiger457,M,GENERAL PRACTICE,9 REMINGTON ST,CAMBRIDGE,MA,02138-5202,42.376043,-71.11868,14
21094108-eb8b-3178-8c3b-7445a8b8d1ac,35d3ab8f-7885-31f7-9d3b-b9cf0f8cfb27,Velia837 Haag279,F,GENERAL PRACTICE,1600 PROVIDENCE HWY,WALPOLE,MA,02081-2553,42.146285999999996,-71.255604,58
549b6754-c0a2-3aa6-a0d3-14b22ecc5d08,0194f531-e7d6-34a6-9fa2-6c46b51bca15,Bruna504 Harber290,F,CLINICAL PSYCHOLOGIST,28 YORK TER,BROOKLINE,MA,02446-2322,42.323853,-71.142003,0
8bb18b27-b604-3996-b411-a936e7dbc9f0,0194f531-e7d6-34a6-9fa2-6c46b51bca15,Bruna504 Harber290,F,GENERAL PRACTICE,28 YORK TER,BROOKLINE,MA,02446-2322,42.323853,-71.142003,27
55767767-fe00-3b82-a13f-a811659b0b9a,47a48a73-79df-32e6-8596-dfd44f2279e9,Dante562 O'Kon634,M,CHIROPRACTIC,481 BEDFORD ST,BRIDGEWATER,MA,02324-3152,41.972376000000004,-70.978773,0
bd11ce06-d0e2-3b16-837e-5c0a7a2ec8f2,47a48a73-79df-32e6-8596-dfd44f2279e9,Dante562 O'Kon634,M,GENERAL PRACTICE,481 BEDFORD ST,BRIDGEWATER,MA,02324-3152,41.972376000000004,-70.978773,43
21f88374-5aef-3b31-b48b-c163b34d6adc,86410dd4-11b2-33d4-b13b-2eef40106246,Hobert364 Hettinger594,M,OPTOMETRY,466 TRAPELO RD,BELMONT,MA,02478-1421,42.395317,-71.180284,0
6a903eac-0b49-3f5b-8d2b-ed1fff574678,86410dd4-11b2-33d4-b13b-2eef40106246,Hobert364 Hettinger594,M,GENERAL PRACTICE,466 TRAPELO RD,BELMONT,MA,02478-1421,42.395317,-71.180284,25
35abee7f-0040-3f92-a993-33dcd359ebd5,122f0348-0144-39ca-a07c-e753c7a6dba2,Elouise806 Torphy630,F,GENERAL PRACTICE,1563 FALL RIVER AVE,SEEKONK,MA,02771-3736,41.839797999999995,-71.31804699999999,64
2e5c1532-1281-388e-937e-3e3cc9aa7a90,502dd65a-e826-3bca-89bb-448b81ddbc15,Zenaida56 Eichmann909,F,GENERAL PRACTICE,39 PLYMOUTH ST,HOLBROOK,MA,02343-1510,42.140346,-70.997861,49
a387e4ee-ccac-3cbd-8faa-5cfa8241c29a,502dd65a-e826-3bca-89bb-448b81ddbc15,Emilio417 Garay400,M,INTERNAL MEDICINE,39 PLYMOUTH ST,HOLBROOK,MA,02343-1510,42.140346,-70.997861,0
da61a4a3-07ce-30d5-a5c4-aa545457918e,502dd65a-e826-3bca-89bb-448b81ddbc15,Sara501 Espino352,F,INTERNAL MEDICINE,39 PLYMOUTH ST,HOLBROOK,MA,02343-1510,42.140346,-70.997861,0
c8f34974-0d4e-3237-992b-c5e4580f2f22,4471b385-a75d-35a1-838a-30a0909de267,Cecily421 Graham902,F,CLINICAL PSYCHOLOGIST,136 GARDNER ST,HAMILTON,MA,01936,42.626222999999996,-70.85723,0
7f54c1c5-15bc-3716-a90f-3ebb01b5007c,4471b385-a75d-35a1-838a-30a0909de267,Riley817 Graham902,M,GENERAL PRACTICE,136 GARDNER ST,HAMILTON,MA,01936,42.626222999999996,-70.85723,99
e53e6f40-ac07-38ff-b62f-0be9d81ced3c,ac69a419-e1e3-3db7-966e-608ad8e4dc4b,Saturnina961 Schowalter414,F,OPHTHALMOLOGY,67 BELMONT ST,WORCESTER,MA,01605-2608,42.269478,-71.807783,0
a0e9cd8f-069e-3684-9f30-febf7f7f1c68,ac69a419-e1e3-3db7-966e-608ad8e4dc4b,Regenia619 Murazik203,F,OPHTHALMOLOGY,67 BELMONT ST,WORCESTER,MA,01605-2608,42.269478,-71.807783,0
05ed00ac-5c6d-3c5a-b910-50c3c177eaa8,ac69a419-e1e3-3db7-966e-608ad8e4dc4b,Nolan344 Wehner319,M,OPHTHALMOLOGY,67 BELMONT ST,WORCESTER,MA,01605-2608,42.269478,-71.807783,0
315adba1-0532-3e2a-a234-18fb3d8b732e,ac69a419-e1e3-3db7-966e-608ad8e4dc4b,Ima629 Roob72,F,OPHTHALMOLOGY,67 BELMONT ST,WORCESTER,MA,01605-2608,42.269478,-71.807783,0
1d4feed6-9476-30ad-835e-c893739d1ff8,ac69a419-e1e3-3db7-966e-608ad8e4dc4b,Marilee479 Gutkowski940,F,OPHTHALMOLOGY,67 BELMONT ST,WORCESTER,MA,01605-2608,42.269478,-71.807783,0
cd845aa5-57ca-3437-bb34-8360dbda66ca,ac69a419-e1e3-3db7-966e-608ad8e4dc4b,Karrie350 Carter549,F,OPHTHALMOLOGY,67 BELMONT ST,WORCESTER,MA,01605-2608,42.269478,-71.807783,0
9eda0539-3a36-38e1-9890-cb412d7e8bb6,ac69a419-e1e3-3db7-966e-608ad8e4dc4b,Philip822 Keeling57,M,OPHTHALMOLOGY,67 BELMONT ST,WORCESTER,MA,01605-2608,42.269478,-71.807783,0
f090bd7a-c946-38cd-8790-c874ebc9cab6,ac69a419-e1e3-3db7-966e-608ad8e4dc4b,Aurea194 Franecki195,F,OPHTHALMOLOGY,67 BELMONT ST,WORCESTER,MA,01605-2608,42.269478,-71.807783,0
e98c6ccf-d91c-3e8f-8118-a6b7a39790b7,ac69a419-e1e3-3db7-966e-608ad8e4dc4b,Theo630 Schowalter414,M,GENERAL PRACTICE,67 BELMONT ST,WORCESTER,MA,01605-2608,42.269478,-71.807783,30
f3ace9ff-292d-34ca-9dd7-d10ff3ad9b93,13b706a8-7da8-312e-8347-0fea469d1a63,Wanetta360 Farrell962,F,NURSE PRACTITIONER,204 MAIN ST,ORLEANS,MA,02653-3428,41.76935,-69.969034,0
92f0000f-67c7-3706-a955-11cf06912bae,13b706a8-7da8-312e-8347-0fea469d1a63,Rufina863 Beahan375,F,NURSE PRACTITIONER,204 MAIN ST,ORLEANS,MA,02653-3428,41.76935,-69.969034,0
a9e14a8f-aabf-3689-bd35-4a82d19b44e9,13b706a8-7da8-312e-8347-0fea469d1a63,Wanetta360 Farrell962,F,PHYSICIAN ASSISTANT,204 MAIN ST,ORLEANS,MA,02653-3428,41.76935,-69.969034,0
03af1039-be42-34b9-9b2e-41f23a0e661c,13b706a8-7da8-312e-8347-0fea469d1a63,Reid278 Farrell962,M,FAMILY PRACTICE,204 MAIN ST,ORLEANS,MA,02653-3428,41.76935,-69.969034,0
cfe7baac-eb1c-3e98-858c-d786ed883e89,13b706a8-7da8-312e-8347-0fea469d1a63,Elroy493 Beahan375,M,FAMILY PRACTICE,204 MAIN ST,ORLEANS,MA,02653-3428,41.76935,-69.969034,0
b8ac7dbd-57e5-3c24-8b44-59c0f50d4151,13b706a8-7da8-312e-8347-0fea469d1a63,Wanetta360 Farrell962,F,GENERAL PRACTICE,204 MAIN ST,ORLEANS,MA,02653-3428,41.76935,-69.969034,49
0a784dc2-f19c-3649-bc8e-c65348418dce,227059b2-fe7b-306a-beda-3b7ca2754b06,Viviana350 Rolfson709,F,PODIATRY,5 SPRING ST,CHICOPEE,MA,01013-2610,42.175668,-72.572257,0
c3e9cad7-0034-32a1-8255-d10aeaba9d61,227059b2-fe7b-306a-beda-3b7ca2754b06,Viviana350 Rolfson709,F,GENERAL PRACTICE,5 SPRING ST,CHICOPEE,MA,01013-2610,42.175668,-72.572257,39
2e3a138e-ee9f-3663-82a9-79efdb12125c,8f3630c5-8c64-3f18-9518-e4dda457d2c4,Eloy929 Batz141,M,GENERAL PRACTICE,873 TURNPIKE ST,NORTH ANDOVER,MA,01845-6152,42.673909,-71.091334,42
d6da928b-0c14-32f5-b739-5083ea33c8e5,c78fd2bf-1131-389d-a75a-c5d3f7b1b8ef,Valery629 Padberg411,F,NURSE PRACTITIONER,596 BROADWAY,EVERETT,MA,02149-3743,42.405938,-71.054649,0
a6148b4a-69b1-3259-8038-8d7ab4816781,c78fd2bf-1131-389d-a75a-c5d3f7b1b8ef,Valery629 Padberg411,F,FAMILY PRACTICE,596 BROADWAY,EVERETT,MA,02149-3743,42.405938,-71.054649,0
1b8f81c7-0381-38b2-8493-77ced96890e9,c78fd2bf-1131-389d-a75a-c5d3f7b1b8ef,Antonia30 Padberg411,M,GENERAL PRACTICE,596 BROADWAY,EVERETT,MA,02149-3743,42.405938,-71.054649,28
0db29248-9b77-3f5e-a9e9-f50119525a29,040a0487-3bd7-3dcf-bb33-7f11abff16d4,Lonnie913 Johnson679,M,PSYCHIATRY,20 EASTBROOK RD,DEDHAM,MA,02026-2088,42.246871999999996,-71.179462,0
e26fbaac-5c48-3381-8456-35d9d938098f,040a0487-3bd7-3dcf-bb33-7f11abff16d4,Davina555 Feest103,F,PSYCHIATRY,20 EASTBROOK RD,DEDHAM,MA,02026-2088,42.246871999999996,-71.179462,0
129eace3-826f-37b9-ab4c-088e9ea37a12,040a0487-3bd7-3dcf-bb33-7f11abff16d4,Herschel574 Little434,M,PSYCHIATRY,20 EASTBROOK RD,DEDHAM,MA,02026-2088,42.246871999999996,-71.179462,0
2e08489f-5453-3ff0-bd3e-7ca529845dde,040a0487-3bd7-3dcf-bb33-7f11abff16d4,Samella245 Hettinger594,F,PSYCHIATRY,20 EASTBROOK RD,DEDHAM,MA,02026-2088,42.246871999999996,-71.179462,0
a01fc2b4-3650-3cb7-ad0c-5dcf5f37c434,040a0487-3bd7-3dcf-bb33-7f11abff16d4,Ebony669 Johnson679,F,CLINICAL SOCIAL WORKER,20 EASTBROOK RD,DEDHAM,MA,02026-2088,42.246871999999996,-71.179462,0
1bd2bcad-2ae0-3432-a0cd-b6fccab39f17,040a0487-3bd7-3dcf-bb33-7f11abff16d4,Sherman440 Feest103,M,CLINICAL SOCIAL WORKER,20 EASTBROOK RD,DEDHAM,MA,02026-2088,42.246871999999996,-71.179462,0
de336b15-f78f-31a9-930c-a2d0ea67c3b5,040a0487-3bd7-3dcf-bb33-7f11abff16d4,Shirleen968 Little434,F,CLINICAL SOCIAL WORKER,20 EASTBROOK RD,DEDHAM,MA,02026-2088,42.246871999999996,-71.179462,0
4c1a0175-9d80-368b-a025-37e4d60302da,040a0487-3bd7-3dcf-bb33-7f11abff16d4,Minh326 Hettinger594,M,CLINICAL SOCIAL WORKER,20 EASTBROOK RD,DEDHAM,MA,02026-2088,42.246871999999996,-71.179462,0
37c06b30-79eb-30d4-9ae9-5c6aeab01d24,040a0487-3bd7-3dcf-bb33-7f11abff16d4,Vannesa928 Vandervort697,F,CLINICAL SOCIAL WORKER,20 EASTBROOK RD,DEDHAM,MA,02026-2088,42.246871999999996,-71.179462,0
4f4a68ba-361a-3155-a438-9158854b47a2,040a0487-3bd7-3dcf-bb33-7f11abff16d4,Tawny381 Rempel203,F,CLINICAL SOCIAL WORKER,20 EASTBROOK RD,DEDHAM,MA,02026-2088,42.246871999999996,-71.179462,0
410f5229-b4c6-3178-947f-91b3127c733e,040a0487-3bd7-3dcf-bb33-7f11abff16d4,Lera808 Batz141,F,CLINICAL SOCIAL WORKER,20 EASTBROOK RD,DEDHAM,MA,02026-2088,42.246871999999996,-71.179462,0
975851e6-b8f7-3f4e-9a4d-b58bb42649d2,040a0487-3bd7-3dcf-bb33-7f11abff16d4,Krystyna791 Steuber698,F,CLINICAL SOCIAL WORKER,20 EASTBROOK RD,DEDHAM,MA,02026-2088,42.246871999999996,-71.179462,0
84b4ce56-863d-3c27-9c57-b1023dbe447c,040a0487-3bd7-3dcf-bb33-7f11abff16d4,Lonnie913 Johnson679,M,GENERAL PRACTICE,20 EASTBROOK RD,DEDHAM,MA,02026-2088,42.246871999999996,-71.179462,30
189ee770-4214-39f4-83cb-eb428ecfc153,82d3e0ed-83dd-38db-b8ab-8ee3044575a7,Jacquiline133 Schuster709,F,GENERAL PRACTICE,1266 FURNACE BROOK PKWY,QUINCY,MA,02169-4789,42.261006,-71.008988,31
10221619-fab9-3047-97a8-3d614be59e85,bd51dda6-36ae-3894-b334-aa5ce9b057c8,Felicidad691 Watsica258,F,OBSTETRICS/GYNECOLOGY,325 THOMPSON RD,WEBSTER,MA,01570-1504,42.047075,-71.845805,0
2e54c63b-b414-3c71-aa18-29882bbf84fa,bd51dda6-36ae-3894-b334-aa5ce9b057c8,Elaine830 Witting912,F,OBSTETRICS/GYNECOLOGY,325 THOMPSON RD,WEBSTER,MA,01570-1504,42.047075,-71.845805,0
10762621-19a9-311c-88ce-8ba98c1a397d,bd51dda6-36ae-3894-b334-aa5ce9b057c8,Terese90 Goyette777,F,OBSTETRICS/GYNECOLOGY,325 THOMPSON RD,WEBSTER,MA,01570-1504,42.047075,-71.845805,0
b87a8baf-02f0-3a58-93fb-c8777be76247,bd51dda6-36ae-3894-b334-aa5ce9b057c8,Oren284 Bradtke547,M,OBSTETRICS/GYNECOLOGY,325 THOMPSON RD,WEBSTER,MA,01570-1504,42.047075,-71.845805,0
79e51b2b-60fb-3280-b72a-b57575d0ab85,bd51dda6-36ae-3894-b334-aa5ce9b057c8,Adena533 Kassulke119,F,OBSTETRICS/GYNECOLOGY,325 THOMPSON RD,WEBSTER,MA,01570-1504,42.047075,-71.845805,0
a29958d9-f34c-3551-bc2b-0a7be67c6971,bd51dda6-36ae-3894-b334-aa5ce9b057c8,Darrell400 Flatley871,M,OBSTETRICS/GYNECOLOGY,325 THOMPSON RD,WEBSTER,MA,01570-1504,42.047075,-71.845805,0
f10ad267-99de-371d-81de-07d4d431482f,bd51dda6-36ae-3894-b334-aa5ce9b057c8,Madison727 Lueilwitz711,F,OBSTETRICS/GYNECOLOGY,325 THOMPSON RD,WEBSTER,MA,01570-1504,42.047075,-71.845805,0
47ff67b1-f378-3837-848e-96bec59ec494,bd51dda6-36ae-3894-b334-aa5ce9b057c8,Liane379 McLaughlin530,F,OBSTETRICS/GYNECOLOGY,325 THOMPSON RD,WEBSTER,MA,01570-1504,42.047075,-71.845805,0
d572b2a4-7142-301f-9a74-85df61f1276c,bd51dda6-36ae-3894-b334-aa5ce9b057c8,Zack583 Von197,M,OBSTETRICS/GYNECOLOGY,325 THOMPSON RD,WEBSTER,MA,01570-1504,42.047075,-71.845805,0
1bc985ae-77f9-3458-b62b-43f267d665b1,bd51dda6-36ae-3894-b334-aa5ce9b057c8,Maryln219 Rice937,F,OBSTETRICS/GYNECOLOGY,325 THOMPSON RD,WEBSTER,MA,01570-1504,42.047075,-71.845805,0
b4be7f94-d502-3ea0-8231-5379be7b1172,bd51dda6-36ae-3894-b334-aa5ce9b057c8,Sibyl335 Skiles927,F,OBSTETRICS/GYNECOLOGY,325 THOMPSON RD,WEBSTER,MA,01570-1504,42.047075,-71.845805,0
ccbae27a-91a7-3518-8997-d9989f2f3719,bd51dda6-36ae-3894-b334-aa5ce9b057c8,Sanora914 Swaniawski813,F,OBSTETRICS/GYNECOLOGY,325 THOMPSON RD,WEBSTER,MA,01570-1504,42.047075,-71.845805,0
d9d0794e-0884-3a25-a848-7fe7b9b63551,bd51dda6-36ae-3894-b334-aa5ce9b057c8,Maynard46 Parisian75,M,OBSTETRICS/GYNECOLOGY,325 THOMPSON RD,WEBSTER,MA,01570-1504,42.047075,-71.845805,0
ed2f9abd-314a-32dd-8d3a-4f43c37e2d3b,bd51dda6-36ae-3894-b334-aa5ce9b057c8,Gita759 Kuphal363,F,OBSTETRICS/GYNECOLOGY,325 THOMPSON RD,WEBSTER,MA,01570-1504,42.047075,-71.845805,0
4a739243-890f-3f50-b4a2-4cb02b094c3e,bd51dda6-36ae-3894-b334-aa5ce9b057c8,Felicidad691 Watsica258,F,GENERAL PRACTICE,325 THOMPSON RD,WEBSTER,MA,01570-1504,42.047075,-71.845805,26
6884f6ec-dd44-359d-bac3-7a9942b0ef34,fb28cf4c-955b-32c7-906e-4b9ad6f5678a,Lannie207 Effertz744,F,PHYSICAL THERAPY,169 N FRANKLIN ST,HOLBROOK,MA,02343-1111,42.140346,-70.997861,0
c36d6359-c99d-33bc-894a-d53eddb43480,fb28cf4c-955b-32c7-906e-4b9ad6f5678a,Marlon619 Barrows492,M,PHYSICAL THERAPY,169 N FRANKLIN ST,HOLBROOK,MA,02343-1111,42.140346,-70.997861,0
5a93713b-e757-3585-bd6e-51938e61c962,fb28cf4c-955b-32c7-906e-4b9ad6f5678a,Lonny638 Marvin195,M,PHYSICAL THERAPY,169 N FRANKLIN ST,HOLBROOK,MA,02343-1111,42.140346,-70.997861,0
95fcff8d-9e1a-30b2-a2ef-e408193fe4a9,fb28cf4c-955b-32c7-906e-4b9ad6f5678a,Lina528 Huel628,F,PHYSICAL THERAPY,169 N FRANKLIN ST,HOLBROOK,MA,02343-1111,42.140346,-70.997861,0
fa7881fe-6c44-34c0-8e8b-b1b1a66eed88,fb28cf4c-955b-32c7-906e-4b9ad6f5678a,Gerda633 Prosacco716,F,PHYSICAL THERAPY,169 N FRANKLIN ST,HOLBROOK,MA,02343-1111,42.140346,-70.997861,0
c5b0c018-981b-37a1-ae00-0ed2b64e74ca,fb28cf4c-955b-32c7-906e-4b9ad6f5678a,Santiago500 Malave728,M,PHYSICAL THERAPY,169 N FRANKLIN ST,HOLBROOK,MA,02343-1111,42.140346,-70.997861,0
bd657859-52c0-32fd-8fb4-ed65dad280ad,fb28cf4c-955b-32c7-906e-4b9ad6f5678a,Giuseppe872 Effertz744,M,GENERAL PRACTICE,169 N FRANKLIN ST,HOLBROOK,MA,02343-1111,42.140346,-70.997861,51
88c844e6-6177-3cf3-a51e-5550776c992a,fb28cf4c-955b-32c7-906e-4b9ad6f5678a,Giuseppe872 Effertz744,M,INTERNAL MEDICINE,169 N FRANKLIN ST,HOLBROOK,MA,02343-1111,42.140346,-70.997861,0
6a10d106-54b7-39a5-a9e0-7f66c3695a96,a311cff8-ee06-3573-ba5a-42e96e52b0fb,Adriana394 Mayert710,F,GENERAL PRACTICE,9 ALEXANDER AVE,BELMONT,MA,02478-4802,42.395317,-71.180284,37
bf13dbcc-c7e8-3007-82e4-aa1a03780911,7f7c08c8-1c39-3b26-bd34-5122a003dd91,Kerry175 Morissette863,F,CHIROPRACTIC,107 FERRY ST,EVERETT,MA,02149-4940,42.405938,-71.054649,0
eb3f7646-5915-393a-ad2f-322d5d0bffb0,7f7c08c8-1c39-3b26-bd34-5122a003dd91,Wade235 Morissette863,M,GENERAL PRACTICE,107 FERRY ST,EVERETT,MA,02149-4940,42.405938,-71.054649,25
b380b5f2-7b44-3ddd-bcf2-69d88fb104fb,2d2e66a7-ff4d-3c6b-a7c3-449904de9c12,Cecille691 O'Keefe54,F,GENERAL PRACTICE,489 BERNARDSTON RD,GREENFIELD,MA,01301-1239,42.614671,-72.597063,48
59cb383e-636a-318b-8040-fc03ed03cd5d,9e81cbbc-bc4b-365b-ae57-d26b7560faaf,Ivory697 Lind531,F,GENERAL PRACTICE,955 MAIN ST,WINCHESTER,MA,01890-4303,42.452752000000004,-71.144319,32
855b3d14-7a5a-363c-b24e-21049cc4b7fa,4e361f0f-f13f-34e7-b7c0-6a3720887572,Felicitas300 Reynolds644,F,PHYSICAL THERAPY,303 C HAVERHILL ST,ROWLEY,MA,01969-2115,42.721495000000004,-70.886637,0
119ba3dc-d746-3522-a58a-4ebdd5079052,4e361f0f-f13f-34e7-b7c0-6a3720887572,Ralph813 Reynolds644,M,FAMILY PRACTICE,303 C HAVERHILL ST,ROWLEY,MA,01969-2115,42.721495000000004,-70.886637,0
d9338c66-8353-3e58-827b-a2e21dc9fbf2,4e361f0f-f13f-34e7-b7c0-6a3720887572,Felicitas300 Reynolds644,F,GENERAL PRACTICE,303 C HAVERHILL ST,ROWLEY,MA,01969-2115,42.721495000000004,-70.886637,31
032293d1-505b-36c5-ba98-acb3f5a4f3fc,80075dfe-2b6e-3cc8-b85e-437526caa6f7,Cory323 Dicki44,F,GENERAL PRACTICE,1690 MAIN ST,SOUTH WEYMOUTH,MA,02190-1279,42.206676,-70.94584499999998,43
d8ba94eb-cbc1-3e42-9272-5a1bb7729240,80075dfe-2b6e-3cc8-b85e-437526caa6f7,Cory323 Dicki44,F,INTERNAL MEDICINE,1690 MAIN ST,SOUTH WEYMOUTH,MA,02190-1279,42.206676,-70.94584499999998,0
efb89a20-8972-35d4-bcd1-e0e5e38d0487,80075dfe-2b6e-3cc8-b85e-437526caa6f7,Arthur650 Altenwerth646,M,INTERNAL MEDICINE,1690 MAIN ST,SOUTH WEYMOUTH,MA,02190-1279,42.206676,-70.94584499999998,0
ccb4b41a-4356-32ab-80d5-8a03e910591e,d9242200-7588-3df0-8ff0-61a45b07c487,Ángela136 Rincón417,F,CLINICAL SOCIAL WORKER,32 NYE AVE,ACUSHNET,MA,02743-2750,41.718216999999996,-70.901151,0
26de7d6c-c35e-3438-b5d9-52a5a5bf578e,d9242200-7588-3df0-8ff0-61a45b07c487,Ángela136 Rincón417,F,GENERAL PRACTICE,32 NYE AVE,ACUSHNET,MA,02743-2750,41.718216999999996,-70.901151,34
53caa8fc-10e5-3411-9317-beae9b44402d,e327b136-01e3-3152-845c-dddb5c907aa1,Ciera654 Prosacco716,F,OPTOMETRY,100 N DARTMOUTH MALL,NORTH DARTMOUTH,MA,02747-4204,41.646686,-70.999158,0
93a84259-ae56-3a39-9e3f-f5437a647e26,e327b136-01e3-3152-845c-dddb5c907aa1,Vincenzo126 Prosacco716,M,GENERAL PRACTICE,100 N DARTMOUTH MALL,NORTH DARTMOUTH,MA,02747-4204,41.646686,-70.999158,17
bb3d1ee4-aa2c-3e3f-8a81-f59b1d931e37,934f4ea8-157d-3c1e-806b-7f8a9ec92a84,Mariana775 Sanches349,F,GENERAL PRACTICE,470 GRANBY RD,SOUTH HADLEY,MA,01075-3218,42.256208,-72.58103,56
6c129111-b85d-335f-8ab7-6958cb601c12,2fae7095-f7b6-3502-8163-90fa64f6b57b,Sergio619 Runolfsdottir785,M,FAMILY PRACTICE,5 PRECINCT ST,LAKEVILLE,MA,02347-1468,41.834412,-70.957166,0
ca633b90-b4b1-31fb-9fb7-518d758416c3,2fae7095-f7b6-3502-8163-90fa64f6b57b,Dorothea248 Runolfsdottir785,F,GENERAL PRACTICE,5 PRECINCT ST,LAKEVILLE,MA,02347-1468,41.834412,-70.957166,10
5d1bf3cd-a1d2-32be-8335-0bcd4d447b95,3ed98587-8c4c-33b4-9cbe-ec7fc451d2b6,Lawana430 Rosenbaum794,F,GENERAL PRACTICE,242 JOHN WISE AVE,ESSEX,MA,01929-1027,42.64042,-70.77117199999999,36
42a2149b-eede-364d-a89d-f0478537e245,3ed98587-8c4c-33b4-9cbe-ec7fc451d2b6,Damian46 Rosenbaum794,M,INTERNAL MEDICINE,242 JOHN WISE AVE,ESSEX,MA,01929-1027,42.64042,-70.77117199999999,0
e6b4b884-2a7f-3d23-85b1-59989f608fc5,0be7e592-fd37-398a-8f8f-7b0d6ed751ca,Allen322 Kunze215,M,CHIROPRACTIC,27 WOLCOTT ST,EVERETT,MA,02149-3513,42.405938,-71.054649,0
99c74f18-6ef9-3e2c-b0d5-115b392a5d22,0be7e592-fd37-398a-8f8f-7b0d6ed751ca,Allen322 Kunze215,M,GENERAL PRACTICE,27 WOLCOTT ST,EVERETT,MA,02149-3513,42.405938,-71.054649,19
bf7f17bb-0031-3187-80ba-18c9ccb79dce,060d4631-3566-3d04-9205-2827b0f87c2e,Hilary419 Herman763,F,OPHTHALMOLOGY,111 EVERETT AVE,CHELSEA,MA,02150-2380,42.396824,-71.031348,0
30e678f8-627c-3f04-8b6a-acaceec7104f,060d4631-3566-3d04-9205-2827b0f87c2e,Mose244 D'Amore443,M,OPHTHALMOLOGY,111 EVERETT AVE,CHELSEA,MA,02150-2380,42.396824,-71.031348,0
0483167d-4554-36af-aac8-1291ef0bfbc8,060d4631-3566-3d04-9205-2827b0f87c2e,Hilary419 Herman763,F,GENERAL PRACTICE,111 EVERETT AVE,CHELSEA,MA,02150-2380,42.396824,-71.031348,33
e8eeae2c-895b-31f4-a077-7962584ae13c,064b0486-4faf-34a3-aa81-59c7c77cd83b,Delana41 Heathcote539,F,OPTOMETRY,1341 BOYLSTON ST,BOSTON,MA,02215-3909,42.338551,-71.018253,0
b8daecd9-11db-378c-9ce8-652a160df80f,064b0486-4faf-34a3-aa81-59c7c77cd83b,Parker433 Heathcote539,M,GENERAL PRACTICE,1341 BOYLSTON ST,BOSTON,MA,02215-3909,42.338551,-71.018253,14
d70c73ef-4f98-3ff3-ad18-1b67caea0985,5706c92d-4ff2-3c9e-a7bd-87efabbb9e1d,Man114 Goodwin327,M,CHIROPRACTIC,101 BROADWAY RD,DRACUT,MA,01826-4068,42.679722999999996,-71.30068,0
a8005661-2777-3eb2-9465-a686976c5219,5706c92d-4ff2-3c9e-a7bd-87efabbb9e1d,Man114 Goodwin327,M,GENERAL PRACTICE,101 BROADWAY RD,DRACUT,MA,01826-4068,42.679722999999996,-71.30068,55
ee777950-29d9-3d10-a6ca-16f046bb7da0,3c8b233a-6c05-3357-b6e0-97306efcf971,Lavern240 Wiza601,M,GENERAL PRACTICE,54 MAPLE AVE B,RUTLAND,MA,01543-1527,42.388284999999996,-71.969865,48
616d3d8f-489e-3976-b4aa-7ab9e3e9079f,3c8b233a-6c05-3357-b6e0-97306efcf971,Mellie476 Wiza601,F,INTERNAL MEDICINE,54 MAPLE AVE B,RUTLAND,MA,01543-1527,42.388284999999996,-71.969865,0
ce1abfeb-3081-3fd7-8b8d-4cdb68288dc0,aab10ef0-26bc-3c95-a668-82bc87494cd1,Earle679 Bahringer146,M,GENERAL PRACTICE,133 LITTLETON RD,WESTFORD,MA,01886-3149,42.585541,-71.44025,35
62b5a14a-fdf5-3c12-8b60-149118811de8,f02902d7-aafe-3630-9022-988251e1e390,Frankie174 Schiller186,M,CLINICAL SOCIAL WORKER,211 MORRISON AVE,SOMERVILLE,MA,02144-2017,42.390445,-71.101033,0
cdf66ca6-7cfd-3928-8470-d825c2fff047,f02902d7-aafe-3630-9022-988251e1e390,Frankie174 Schiller186,M,GENERAL PRACTICE,211 MORRISON AVE,SOMERVILLE,MA,02144-2017,42.390445,-71.101033,16
bf1d7a5f-7e7f-302a-aa9f-6690ac1e8a26,c63dbd88-1d57-34c3-93ed-fc680a644d51,Olen518 Gerhold939,M,PHYSICAL THERAPY,25 TAUNTON ST,PLAINVILLE,MA,02762-2188,42.012797,-71.336578,0
ead138eb-0bb9-33fa-9a7b-820fae5ab36d,c63dbd88-1d57-34c3-93ed-fc680a644d51,Kelsi424 Greenholt190,F,PHYSICAL THERAPY,25 TAUNTON ST,PLAINVILLE,MA,02762-2188,42.012797,-71.336578,0
7ded3739-ff35-33f7-b1b2-95e145573d28,c63dbd88-1d57-34c3-93ed-fc680a644d51,Virgil85 Mraz590,M,PHYSICAL THERAPY,25 TAUNTON ST,PLAINVILLE,MA,02762-2188,42.012797,-71.336578,0
03099a55-0f8d-3a15-b8e5-40f017b18233,c63dbd88-1d57-34c3-93ed-fc680a644d51,Lorette239 Kessler503,F,PHYSICAL THERAPY,25 TAUNTON ST,PLAINVILLE,MA,02762-2188,42.012797,-71.336578,0
548112bb-4be1-32fd-8a44-9682e8f50dd8,c63dbd88-1d57-34c3-93ed-fc680a644d51,Olen518 Gerhold939,M,GENERAL PRACTICE,25 TAUNTON ST,PLAINVILLE,MA,02762-2188,42.012797,-71.336578,35
c09c8dbf-bc79-31e3-b9e7-879941741b49,02cf7c70-4cf8-3a69-8e55-f1e4201179a3,Tomas436 Parisian75,M,GENERAL PRACTICE,1563 FALL RIVER AVE,SEEKONK,MA,02771-3736,41.839797999999995,-71.31804699999999,34
d8bce40b-5bbc-37a5-a7bd-c5521b531939,ab8f0ee8-6508-3db4-8bea-0520510710f2,Ailene520 Gerlach374,F,PSYCHIATRY,220 N MAIN ST,NATICK,MA,01760-1100,42.284822,-71.348811,0
66af679e-9317-3387-bfa1-132410e75c00,ab8f0ee8-6508-3db4-8bea-0520510710f2,Vi771 Gulgowski816,F,PSYCHIATRY,220 N MAIN ST,NATICK,MA,01760-1100,42.284822,-71.348811,0
f1f29021-4aba-32c5-ab4d-2ebc1d21428f,ab8f0ee8-6508-3db4-8bea-0520510710f2,Adolfo777 Gerlach374,M,GENERAL PRACTICE,220 N MAIN ST,NATICK,MA,01760-1100,42.284822,-71.348811,27
525254dd-d828-3293-9ea5-5a8600d75951,504a5bfb-8e88-3a07-86a7-6ae094a23f17,Emilie407 Von197,F,GENERAL PRACTICE,338 HIGHLAND ST,WORCESTER,MA,01602-2143,42.269478,-71.807783,70
de8f1e9c-18a9-33ca-8fea-215005e4da03,d35ae600-7dee-3e39-b28a-fedad28f9b20,Orville751 Ernser583,M,GENERAL PRACTICE,100 HIGHLAND ST,MILTON,MA,02186-3801,42.241557,-71.082432,9
6892677e-53a1-3db0-bba7-6584e4b85fbc,4f2ecdc5-2201-3f31-98c8-87b24284e2a2,Sydney660 West559,M,GENERAL PRACTICE,873 WORCESTER ST,WELLESLEY,MA,02482-3714,42.305932,-71.282917,31
7e2f4635-8799-3067-8ac5-0ab11381bdd4,478961ba-31a9-39eb-9d91-1a035372c1bb,Clinton763 Langosh790,M,GENERAL PRACTICE,600 CLARK RD,TEWKSBURY,MA,01876-1699,42.612088,-71.227845,29
f9437a37-1d19-3027-a80b-28b7ca9cce21,da02fc86-8954-3a45-bf3d-915d6d0a76df,Rosario163 Will178,M,GENERAL PRACTICE,198 GROTON RD,AYER,MA,01432-1177,42.566573,-71.575135,32
80962ade-7a89-3d42-a5b3-9726183d9ef8,326cf4da-678f-3c88-b807-0231e99cca68,Adell482 Stehr398,F,GENERAL PRACTICE,20 HOMER AVE,ASHLAND,MA,01721-1752,42.257754999999996,-71.473526,17
b690159d-17a0-3820-a875-d0674f934eba,326cf4da-678f-3c88-b807-0231e99cca68,Reinaldo138 Stehr398,M,INTERNAL MEDICINE,20 HOMER AVE,ASHLAND,MA,01721-1752,42.257754999999996,-71.473526,0
4fba7755-1baf-3d64-9ba4-5f4efb2f99c3,43041259-03eb-340c-bf73-cf4170e5f521,Dennis979 Kunze215,M,GENERAL PRACTICE,51 PERFORMANCE DR,WEYMOUTH,MA,02189-3141,42.206676,-70.94584499999998,47
76b40ea1-88a5-3821-a8d3-29509769724a,358f6b51-c36a-3b98-90a2-1cf680f78df5,Alva958 Greenholt190,F,GENERAL PRACTICE,67 UNION ST,NATICK,MA,01760-7700,42.284822,-71.348811,87
7f66b91a-58ed-3e85-8782-1546d384a166,f370beda-92ce-30a5-8194-c8ebc53be324,Eldora89 Kulas532,F,NURSE PRACTITIONER,482 BEDFORD ST,LEXINGTON,MA,02420-1402,42.445221999999994,-71.23001500000001,0
7ca0fbbf-c6d5-31c6-b195-1c0d02664fa3,f370beda-92ce-30a5-8194-c8ebc53be324,Rob341 Hagenes547,M,NURSE PRACTITIONER,482 BEDFORD ST,LEXINGTON,MA,02420-1402,42.445221999999994,-71.23001500000001,0
0267c1c5-9d05-35b1-aa42-337d5c4752ab,f370beda-92ce-30a5-8194-c8ebc53be324,Eldora89 Kulas532,F,PEDIATRIC MEDICINE,482 BEDFORD ST,LEXINGTON,MA,02420-1402,42.445221999999994,-71.23001500000001,0
f8dcd81c-9d1a-3901-9dab-f52ef88469df,f370beda-92ce-30a5-8194-c8ebc53be324,Dedra50 Hagenes547,F,PEDIATRIC MEDICINE,482 BEDFORD ST,LEXINGTON,MA,02420-1402,42.445221999999994,-71.23001500000001,0
4c1b6b1a-2fb4-3a29-b784-3096b256b229,f370beda-92ce-30a5-8194-c8ebc53be324,Harriet337 Nienow652,F,PEDIATRIC MEDICINE,482 BEDFORD ST,LEXINGTON,MA,02420-1402,42.445221999999994,-71.23001500000001,0
522e5bed-f706-3ee5-88b0-01015b78e8f8,f370beda-92ce-30a5-8194-c8ebc53be324,Fern75 Klocko335,F,PEDIATRIC MEDICINE,482 BEDFORD ST,LEXINGTON,MA,02420-1402,42.445221999999994,-71.23001500000001,0
2b6249a4-239d-3cad-a8f3-62d07331af9e,f370beda-92ce-30a5-8194-c8ebc53be324,Eldora89 Kulas532,F,OBSTETRICS/GYNECOLOGY,482 BEDFORD ST,LEXINGTON,MA,02420-1402,42.445221999999994,-71.23001500000001,0
008b6f2f-bf02-3fcc-ae24-fcd3a17ddcac,f370beda-92ce-30a5-8194-c8ebc53be324,Eldora89 Kulas532,F,ANESTHESIOLOGY,482 BEDFORD ST,LEXINGTON,MA,02420-1402,42.445221999999994,-71.23001500000001,0
3cbfcca8-f2fc-3f0f-af54-364e9d94573c,f370beda-92ce-30a5-8194-c8ebc53be324,Karl184 Kulas532,M,PHYSICIAN ASSISTANT,482 BEDFORD ST,LEXINGTON,MA,02420-1402,42.445221999999994,-71.23001500000001,0
027d994c-8c52-377f-b964-e860ee02958e,f370beda-92ce-30a5-8194-c8ebc53be324,Karl184 Kulas532,M,CRITICAL CARE (INTENSIVISTS),482 BEDFORD ST,LEXINGTON,MA,02420-1402,42.445221999999994,-71.23001500000001,0
ff4c1d1a-4e21-3b87-af44-f913621f0df2,f370beda-92ce-30a5-8194-c8ebc53be324,Karl184 Kulas532,M,GENERAL PRACTICE,482 BEDFORD ST,LEXINGTON,MA,02420-1402,42.445221999999994,-71.23001500000001,49
66594137-f262-36c3-b591-37bff59fe330,f370beda-92ce-30a5-8194-c8ebc53be324,Javier97 Reséndez908,M,INTERNAL MEDICINE,482 BEDFORD ST,LEXINGTON,MA,02420-1402,42.445221999999994,-71.23001500000001,0
55ef0d50-099c-396e-9d38-ccd9cdbad352,f370beda-92ce-30a5-8194-c8ebc53be324,Dedra50 Hagenes547,F,INTERNAL MEDICINE,482 BEDFORD ST,LEXINGTON,MA,02420-1402,42.445221999999994,-71.23001500000001,0
1911236f-62b8-31b3-9eea-996655216faa,f370beda-92ce-30a5-8194-c8ebc53be324,Alphonso102 Nienow652,M,INTERNAL MEDICINE,482 BEDFORD ST,LEXINGTON,MA,02420-1402,42.445221999999994,-71.23001500000001,0
b1425dcd-0fb4-3e44-ae4b-deacd5a896d4,f370beda-92ce-30a5-8194-c8ebc53be324,Fern75 Klocko335,F,INTERNAL MEDICINE,482 BEDFORD ST,LEXINGTON,MA,02420-1402,42.445221999999994,-71.23001500000001,0
0dbffd5d-5bac-3034-9033-4edac31ebb72,f370beda-92ce-30a5-8194-c8ebc53be324,Verna758 Runolfsson901,F,INTERNAL MEDICINE,482 BEDFORD ST,LEXINGTON,MA,02420-1402,42.445221999999994,-71.23001500000001,0
5fb5deea-95d8-31e4-b3ce-3795cf2654e4,f370beda-92ce-30a5-8194-c8ebc53be324,Brain142 Schmitt836,M,INTERNAL MEDICINE,482 BEDFORD ST,LEXINGTON,MA,02420-1402,42.445221999999994,-71.23001500000001,0
04651538-df91-375b-b14f-08ca0ccdac52,f370beda-92ce-30a5-8194-c8ebc53be324,Ernest565 Christiansen251,M,INTERNAL MEDICINE,482 BEDFORD ST,LEXINGTON,MA,02420-1402,42.445221999999994,-71.23001500000001,0
754b121a-a59d-3eb0-8f64-c299fc51e10d,f370beda-92ce-30a5-8194-c8ebc53be324,Lawrence741 White193,M,INTERNAL MEDICINE,482 BEDFORD ST,LEXINGTON,MA,02420-1402,42.445221999999994,-71.23001500000001,0
2a33d958-833b-3195-96b1-5d720eb7c3a6,f370beda-92ce-30a5-8194-c8ebc53be324,Eldora89 Kulas532,F,DERMATOLOGY,482 BEDFORD ST,LEXINGTON,MA,02420-1402,42.445221999999994,-71.23001500000001,0
0d85dabf-1f79-3b54-9293-65bfcbdc513c,f370beda-92ce-30a5-8194-c8ebc53be324,Rob341 Hagenes547,M,DERMATOLOGY,482 BEDFORD ST,LEXINGTON,MA,02420-1402,42.445221999999994,-71.23001500000001,0
91ba5fcd-e47e-3dca-99b9-ec6fade262f1,d7a50947-c431-31f6-b567-e9b374cad677,Roselle682 Ernser583,F,GENERAL PRACTICE,25 MARSTON ST,LAWRENCE,MA,01841-2310,42.700272999999996,-71.161357,11
e0718157-fcfe-364f-8503-925d1c1c7c7a,d961ae86-724f-39c7-9f15-111bdb2aae7d,Rosa195 Palacios784,F,OPTOMETRY,673 BEDFORD ST,ABINGTON,MA,02351-1921,42.119966999999995,-70.957211,0
0dab9e0d-2588-3ab7-9dfb-54e710a29ef3,d961ae86-724f-39c7-9f15-111bdb2aae7d,Venetta859 Bauch723,F,OPTOMETRY,673 BEDFORD ST,ABINGTON,MA,02351-1921,42.119966999999995,-70.957211,0
ed77e93a-729d-355e-adf7-63d78fd6fc34,d961ae86-724f-39c7-9f15-111bdb2aae7d,Madalyn472 Heller342,F,OPTOMETRY,673 BEDFORD ST,ABINGTON,MA,02351-1921,42.119966999999995,-70.957211,0
dd269113-2c4f-30b8-ad7a-9421c7e4b5ff,d961ae86-724f-39c7-9f15-111bdb2aae7d,Adela471 Calvillo618,F,OPTOMETRY,673 BEDFORD ST,ABINGTON,MA,02351-1921,42.119966999999995,-70.957211,0
6501f8d3-8123-39b6-9f8e-bc59d3bf9580,d961ae86-724f-39c7-9f15-111bdb2aae7d,Adelaide981 Ernser583,F,GENERAL PRACTICE,673 BEDFORD ST,ABINGTON,MA,02351-1921,42.119966999999995,-70.957211,64
eb8c1686-3290-3688-a775-8c5fa9b7100e,d961ae86-724f-39c7-9f15-111bdb2aae7d,Franklyn361 Ernser583,M,INTERNAL MEDICINE,673 BEDFORD ST,ABINGTON,MA,02351-1921,42.119966999999995,-70.957211,0
d4825e35-4356-3213-aa4d-2e967b9adb48,d961ae86-724f-39c7-9f15-111bdb2aae7d,Loyd638 Bauch723,M,INTERNAL MEDICINE,673 BEDFORD ST,ABINGTON,MA,02351-1921,42.119966999999995,-70.957211,0
6d607ca0-fb07-31a9-a627-d8c42cad712d,d961ae86-724f-39c7-9f15-111bdb2aae7d,Madalyn472 Heller342,F,INTERNAL MEDICINE,673 BEDFORD ST,ABINGTON,MA,02351-1921,42.119966999999995,-70.957211,0
01722a6d-0d3a-33ea-924a-95278e26eb97,eb73f869-4d4b-3dd9-9e12-5f291b1554fe,Hanna456 Lang846,F,DIAGNOSTIC RADIOLOGY,100 BOSTON RD,GROTON,MA,01450-1879,42.61176,-71.565269,0
e4b0a2c8-579f-38ae-9041-f9fae295d8cd,eb73f869-4d4b-3dd9-9e12-5f291b1554fe,Kristopher775 Hansen121,M,DIAGNOSTIC RADIOLOGY,100 BOSTON RD,GROTON,MA,01450-1879,42.61176,-71.565269,0
ebb704c0-3592-39d6-9989-542853c6ead9,eb73f869-4d4b-3dd9-9e12-5f291b1554fe,Verena947 Nienow652,F,DIAGNOSTIC RADIOLOGY,100 BOSTON RD,GROTON,MA,01450-1879,42.61176,-71.565269,0
526b0393-4d32-3227-8075-087e8a715951,eb73f869-4d4b-3dd9-9e12-5f291b1554fe,Gerard367 Klocko335,M,DIAGNOSTIC RADIOLOGY,100 BOSTON RD,GROTON,MA,01450-1879,42.61176,-71.565269,0
71c80670-6873-312e-a972-157f4ca2bc9c,eb73f869-4d4b-3dd9-9e12-5f291b1554fe,Annice210 Abbott774,F,DIAGNOSTIC RADIOLOGY,100 BOSTON RD,GROTON,MA,01450-1879,42.61176,-71.565269,0
104af384-0714-3327-b4b2-5f86d1328dca,eb73f869-4d4b-3dd9-9e12-5f291b1554fe,Shelby741 Schuppe920,M,DIAGNOSTIC RADIOLOGY,100 BOSTON RD,GROTON,MA,01450-1879,42.61176,-71.565269,0
5e4d5219-53eb-31a8-a68c-c078be64c9a3,eb73f869-4d4b-3dd9-9e12-5f291b1554fe,Emery884 Lang846,M,GENERAL PRACTICE,100 BOSTON RD,GROTON,MA,01450-1879,42.61176,-71.565269,74
73dd3b22-9f6d-30bf-8eb2-c6beb82c1833,18362426-1324-35e6-a226-adccb56a7a36,Raquel318 Cedillo160,F,PODIATRY,98 S MAIN ST,MIDDLEBOROUGH,MA,02346-2123,41.878004,-70.86926700000001,0
426770c7-52a0-3cc3-86cd-2d97e723a52e,18362426-1324-35e6-a226-adccb56a7a36,Rudolf736 White193,M,PODIATRY,98 S MAIN ST,MIDDLEBOROUGH,MA,02346-2123,41.878004,-70.86926700000001,0
4b634735-f837-3b29-a4ff-27a93bd59896,18362426-1324-35e6-a226-adccb56a7a36,Alaine226 Cole117,F,GENERAL PRACTICE,98 S MAIN ST,MIDDLEBOROUGH,MA,02346-2123,41.878004,-70.86926700000001,31
521aa4a9-7e54-3f43-9440-e496cbb3dd41,d6337e51-f70b-3ce2-b1d5-076f429690d9,Shawn523 Jenkins714,M,CLINICAL SOCIAL WORKER,301 B BROADWAY,CHELSEA,MA,02150-2830,42.396824,-71.031348,0
f678b8a9-e2ad-3195-b15c-b45fe69a6e25,d6337e51-f70b-3ce2-b1d5-076f429690d9,Matilda472 Jenkins714,F,GENERAL PRACTICE,301 B BROADWAY,CHELSEA,MA,02150-2830,42.396824,-71.031348,17
64b344dc-0e30-3283-990d-8a9e1308a4d6,adf4b040-f289-3128-b850-e45445055747,Marisha663 Treutel973,F,NURSE PRACTITIONER,57 UNION ST,WESTFIELD,MA,01085-4224,42.138838,-72.755911,0
7af0e653-3a95-3c8a-9daf-9a956180005b,adf4b040-f289-3128-b850-e45445055747,Edwin773 Rau926,M,NURSE PRACTITIONER,57 UNION ST,WESTFIELD,MA,01085-4224,42.138838,-72.755911,0
7aeb205d-af00-3e10-9f18-91cc5b6de36f,adf4b040-f289-3128-b850-e45445055747,Sammie902 Balistreri607,M,NURSE PRACTITIONER,57 UNION ST,WESTFIELD,MA,01085-4224,42.138838,-72.755911,0
9d6fc68a-b2f7-356b-9c9b-72b83e04de5a,adf4b040-f289-3128-b850-e45445055747,Curtis94 Bergnaum523,F,NURSE PRACTITIONER,57 UNION ST,WESTFIELD,MA,01085-4224,42.138838,-72.755911,0
ef4a6b96-b59d-3163-9c37-7f51c5494929,adf4b040-f289-3128-b850-e45445055747,Amos720 Treutel973,M,REGISTERED DIETITIAN OR NUTRITION PROFESSIONAL,57 UNION ST,WESTFIELD,MA,01085-4224,42.138838,-72.755911,0
050fd5cf-7caa-3f98-91a5-257e3c4e7505,adf4b040-f289-3128-b850-e45445055747,Edwin773 Rau926,M,REGISTERED DIETITIAN OR NUTRITION PROFESSIONAL,57 UNION ST,WESTFIELD,MA,01085-4224,42.138838,-72.755911,0
9ae5e7c7-d526-3006-a8ff-b0fdd644f6be,adf4b040-f289-3128-b850-e45445055747,Amos720 Treutel973,M,EMERGENCY MEDICINE,57 UNION ST,WESTFIELD,MA,01085-4224,42.138838,-72.755911,0
52fb3750-8d58-3e3b-be1d-7fbb262cf921,adf4b040-f289-3128-b850-e45445055747,Marisha663 Treutel973,F,CERTIFIED NURSE MIDWIFE,57 UNION ST,WESTFIELD,MA,01085-4224,42.138838,-72.755911,0
caff6c70-49e8-319c-8dcb-7c5fbc7c94ff,adf4b040-f289-3128-b850-e45445055747,Edwin773 Rau926,M,CERTIFIED NURSE MIDWIFE,57 UNION ST,WESTFIELD,MA,01085-4224,42.138838,-72.755911,0
01fa2ab0-ac7a-31e8-8a66-587e19fdc131,adf4b040-f289-3128-b850-e45445055747,Amos720 Treutel973,M,PHYSICIAN ASSISTANT,57 UNION ST,WESTFIELD,MA,01085-4224,42.138838,-72.755911,0
4f4e7e60-87bb-3d3d-9f9a-f588b3eb5fc1,adf4b040-f289-3128-b850-e45445055747,Lucilla742 Rau926,F,PHYSICIAN ASSISTANT,57 UNION ST,WESTFIELD,MA,01085-4224,42.138838,-72.755911,0
a9d40a85-d55d-35ca-b521-e17bab7e9b78,adf4b040-f289-3128-b850-e45445055747,Sammie902 Balistreri607,M,PHYSICIAN ASSISTANT,57 UNION ST,WESTFIELD,MA,01085-4224,42.138838,-72.755911,0
f6c5c45a-9e8b-345a-90b2-854eae8f2c16,adf4b040-f289-3128-b850-e45445055747,Curtis94 Bergnaum523,F,PHYSICIAN ASSISTANT,57 UNION ST,WESTFIELD,MA,01085-4224,42.138838,-72.755911,0
35fd5be1-668d-3a19-a566-0ef39f7ec2ba,adf4b040-f289-3128-b850-e45445055747,Austin578 Howell947,M,PHYSICIAN ASSISTANT,57 UNION ST,WESTFIELD,MA,01085-4224,42.138838,-72.755911,0
9b1f2393-5f04-3da1-8b12-8c6fb9739dcc,adf4b040-f289-3128-b850-e45445055747,Erin498 Durgan499,F,PHYSICIAN ASSISTANT,57 UNION ST,WESTFIELD,MA,01085-4224,42.138838,-72.755911,0
9ee40e44-e776-30e1-a9db-04570a22d255,adf4b040-f289-3128-b850-e45445055747,Stanford577 Larson43,M,PHYSICIAN ASSISTANT,57 UNION ST,WESTFIELD,MA,01085-4224,42.138838,-72.755911,0
75d05914-c1cf-3911-af6c-6a653b19a225,adf4b040-f289-3128-b850-e45445055747,Gregory545 Harvey63,M,PHYSICIAN ASSISTANT,57 UNION ST,WESTFIELD,MA,01085-4224,42.138838,-72.755911,0
44f2f59f-f256-3ccf-b533-ec6e7d9b7ac5,adf4b040-f289-3128-b850-e45445055747,Charis952 Tillman293,F,PHYSICIAN ASSISTANT,57 UNION ST,WESTFIELD,MA,01085-4224,42.138838,-72.755911,0
ff07ae44-e228-37f2-a5b4-edbadb17be00,adf4b040-f289-3128-b850-e45445055747,Amos720 Treutel973,M,GENERAL PRACTICE,57 UNION ST,WESTFIELD,MA,01085-4224,42.138838,-72.755911,24
861e2817-718f-39d5-a366-022504dd64f9,adf4b040-f289-3128-b850-e45445055747,Marisha663 Treutel973,F,GENERAL SURGERY,57 UNION ST,WESTFIELD,MA,01085-4224,42.138838,-72.755911,0
46fd2fdb-0dfc-3b9c-b564-ef5876549954,adf4b040-f289-3128-b850-e45445055747,Edwin773 Rau926,M,GENERAL SURGERY,57 UNION ST,WESTFIELD,MA,01085-4224,42.138838,-72.755911,0
716c3db9-52bd-3cb5-a76e-e3c4f9dad6df,ed8982b4-c117-3cb4-8a9e-6d34db106d8a,Weldon459 Roberts511,M,CARDIOVASCULAR DISEASE (CARDIOLOGY),2067 MASSACHUSETTS AVE,CAMBRIDGE,MA,02140-1340,42.376043,-71.11868,0
b984d4fe-ab96-37c8-9760-e6c5f91cebe4,ed8982b4-c117-3cb4-8a9e-6d34db106d8a,Weldon459 Roberts511,M,PHYSICIAN ASSISTANT,2067 MASSACHUSETTS AVE,CAMBRIDGE,MA,02140-1340,42.376043,-71.11868,0
37f94c30-d0d0-3d34-b9dd-34af65ca8a15,ed8982b4-c117-3cb4-8a9e-6d34db106d8a,Darryl392 MacGyver246,M,PHYSICIAN ASSISTANT,2067 MASSACHUSETTS AVE,CAMBRIDGE,MA,02140-1340,42.376043,-71.11868,0
a0175d42-a5eb-3ecc-b772-35b90fd76282,ed8982b4-c117-3cb4-8a9e-6d34db106d8a,Lynelle567 Swaniawski813,F,PHYSICIAN ASSISTANT,2067 MASSACHUSETTS AVE,CAMBRIDGE,MA,02140-1340,42.376043,-71.11868,0
49654466-7a34-37db-8e8c-7a054a76670b,ed8982b4-c117-3cb4-8a9e-6d34db106d8a,Weldon459 Roberts511,M,FAMILY PRACTICE,2067 MASSACHUSETTS AVE,CAMBRIDGE,MA,02140-1340,42.376043,-71.11868,0
fb7c5d53-e418-32c3-a490-8272be27b902,ed8982b4-c117-3cb4-8a9e-6d34db106d8a,Weldon459 Roberts511,M,GENERAL PRACTICE,2067 MASSACHUSETTS AVE,CAMBRIDGE,MA,02140-1340,42.376043,-71.11868,30
81ba3180-034f-3bd7-83c1-872256433ad3,ed8982b4-c117-3cb4-8a9e-6d34db106d8a,Zoila41 Roberts511,F,INTERNAL MEDICINE,2067 MASSACHUSETTS AVE,CAMBRIDGE,MA,02140-1340,42.376043,-71.11868,0
b363c87e-51d1-3522-9daa-0494984c8a4a,ed8982b4-c117-3cb4-8a9e-6d34db106d8a,Vanessa263 MacGyver246,F,INTERNAL MEDICINE,2067 MASSACHUSETTS AVE,CAMBRIDGE,MA,02140-1340,42.376043,-71.11868,0
d2ef0919-65a4-3ba6-9abd-d6eb1fe67ec1,ed8982b4-c117-3cb4-8a9e-6d34db106d8a,Raymon366 Swaniawski813,M,INTERNAL MEDICINE,2067 MASSACHUSETTS AVE,CAMBRIDGE,MA,02140-1340,42.376043,-71.11868,0
dbb939bb-3a90-3f7a-ac4f-1ae72e2ff061,ed8982b4-c117-3cb4-8a9e-6d34db106d8a,Leonore418 Pollich983,F,INTERNAL MEDICINE,2067 MASSACHUSETTS AVE,CAMBRIDGE,MA,02140-1340,42.376043,-71.11868,0
93bf3083-05f8-392d-8cef-e39a05f542ad,c83ace01-0443-3858-9fce-8aeaffef9dc6,Wilfredo622 Effertz744,M,DIAGNOSTIC RADIOLOGY,354 MERRIMACK ST,LAWRENCE,MA,01843-1754,42.700272999999996,-71.161357,0
da914787-7ee2-31d7-8b4c-f1e506ac8f03,c83ace01-0443-3858-9fce-8aeaffef9dc6,Wilfredo622 Effertz744,M,CHIROPRACTIC,354 MERRIMACK ST,LAWRENCE,MA,01843-1754,42.700272999999996,-71.161357,0
4903e423-4283-35bb-83bf-1f2a8df1e6e4,c83ace01-0443-3858-9fce-8aeaffef9dc6,Mattie544 Effertz744,F,PHYSICAL MEDICINE AND REHABILITATION,354 MERRIMACK ST,LAWRENCE,MA,01843-1754,42.700272999999996,-71.161357,0
309366b8-3fd8-3e36-94a4-c7a35c3e5a0f,c83ace01-0443-3858-9fce-8aeaffef9dc6,Delmer311 Bartell116,M,PHYSICAL MEDICINE AND REHABILITATION,354 MERRIMACK ST,LAWRENCE,MA,01843-1754,42.700272999999996,-71.161357,0
bbacfbec-6c98-3c4a-82e6-10edf911e0e6,c83ace01-0443-3858-9fce-8aeaffef9dc6,Pauline896 Hermann103,F,PHYSICAL MEDICINE AND REHABILITATION,354 MERRIMACK ST,LAWRENCE,MA,01843-1754,42.700272999999996,-71.161357,0
abc7cee2-8da9-3a3d-8cb8-f1b559d0b2dd,c83ace01-0443-3858-9fce-8aeaffef9dc6,Wilfredo622 Effertz744,M,PSYCHIATRY,354 MERRIMACK ST,LAWRENCE,MA,01843-1754,42.700272999999996,-71.161357,0
daf00bbb-accb-30fa-8609-0b52eebc84cc,c83ace01-0443-3858-9fce-8aeaffef9dc6,Wilfredo622 Effertz744,M,NEUROLOGY,354 MERRIMACK ST,LAWRENCE,MA,01843-1754,42.700272999999996,-71.161357,0
3750859a-d62b-3760-ad85-12532553df21,c83ace01-0443-3858-9fce-8aeaffef9dc6,Magdalene960 Bartell116,F,NEUROLOGY,354 MERRIMACK ST,LAWRENCE,MA,01843-1754,42.700272999999996,-71.161357,0
7feaecf5-6a27-3327-b9e5-9295be1f5c94,c83ace01-0443-3858-9fce-8aeaffef9dc6,Sara501 Casanova632,F,NEUROLOGY,354 MERRIMACK ST,LAWRENCE,MA,01843-1754,42.700272999999996,-71.161357,0
0b4b3ec0-a260-304f-8106-67eedae0be98,c83ace01-0443-3858-9fce-8aeaffef9dc6,Nadia817 Daniel959,F,NEUROLOGY,354 MERRIMACK ST,LAWRENCE,MA,01843-1754,42.700272999999996,-71.161357,0
8836958f-4a43-3039-a14c-f39c58572fe4,c83ace01-0443-3858-9fce-8aeaffef9dc6,Mattie544 Effertz744,F,CLINICAL PSYCHOLOGIST,354 MERRIMACK ST,LAWRENCE,MA,01843-1754,42.700272999999996,-71.161357,0
f43a2864-89bc-34a9-8efd-37b352d0bf4f,c83ace01-0443-3858-9fce-8aeaffef9dc6,Víctor493 Vega377,M,PAIN MANAGEMENT,354 MERRIMACK ST,LAWRENCE,MA,01843-1754,42.700272999999996,-71.161357,0
4c1f58d0-10e3-39aa-ad34-ebe49702039e,c83ace01-0443-3858-9fce-8aeaffef9dc6,Mercedes82 Vega377,F,ANESTHESIOLOGY,354 MERRIMACK ST,LAWRENCE,MA,01843-1754,42.700272999999996,-71.161357,0
f5033f50-b838-3b87-8fad-c3c707a21565,c83ace01-0443-3858-9fce-8aeaffef9dc6,Magdalene960 Bartell116,F,ANESTHESIOLOGY,354 MERRIMACK ST,LAWRENCE,MA,01843-1754,42.700272999999996,-71.161357,0
0a3f03f0-9a40-35d5-9c78-545ec3f184e8,c83ace01-0443-3858-9fce-8aeaffef9dc6,Wilfredo622 Effertz744,M,PHYSICIAN ASSISTANT,354 MERRIMACK ST,LAWRENCE,MA,01843-1754,42.700272999999996,-71.161357,0
9c00a5be-8b53-3e98-9555-73d70c0aa6b3,c83ace01-0443-3858-9fce-8aeaffef9dc6,Delmer311 Bartell116,M,PHYSICIAN ASSISTANT,354 MERRIMACK ST,LAWRENCE,MA,01843-1754,42.700272999999996,-71.161357,0
856a0907-f33b-3b9d-a90f-00e5b9c2ddba,c83ace01-0443-3858-9fce-8aeaffef9dc6,Wilfredo622 Effertz744,M,RHEUMATOLOGY,354 MERRIMACK ST,LAWRENCE,MA,01843-1754,42.700272999999996,-71.161357,0
f62c4f50-6f90-3fa8-9c2a-3c29fb545967,c83ace01-0443-3858-9fce-8aeaffef9dc6,Mattie544 Effertz744,F,GENERAL PRACTICE,354 MERRIMACK ST,LAWRENCE,MA,01843-1754,42.700272999999996,-71.161357,36
c42f50c8-6931-3bc1-867b-dd691eaf092f,c83ace01-0443-3858-9fce-8aeaffef9dc6,Mattie544 Effertz744,F,NEUROSURGERY,354 MERRIMACK ST,LAWRENCE,MA,01843-1754,42.700272999999996,-71.161357,0
3584ad70-19a4-36c2-98c0-1096b9e319e7,c83ace01-0443-3858-9fce-8aeaffef9dc6,Delmer311 Bartell116,M,NEUROSURGERY,354 MERRIMACK ST,LAWRENCE,MA,01843-1754,42.700272999999996,-71.161357,0
4eba56ea-da65-3d33-aa44-424adef0a65c,c83ace01-0443-3858-9fce-8aeaffef9dc6,Pauline896 Hermann103,F,NEUROSURGERY,354 MERRIMACK ST,LAWRENCE,MA,01843-1754,42.700272999999996,-71.161357,0
71ea32e7-e0af-3be9-ba2a-b5992c8a4468,c83ace01-0443-3858-9fce-8aeaffef9dc6,Nadia817 Daniel959,F,NEUROSURGERY,354 MERRIMACK ST,LAWRENCE,MA,01843-1754,42.700272999999996,-71.161357,0
7afe8345-863c-3a6d-8d45-a070d0e2d04e,ca424203-bd79-3a84-bdb0-1144382a31f1,Marcela739 Arevalo970,F,NURSE PRACTITIONER,324 MASSACHUSETTS AVE,LUNENBURG,MA,01462-1219,42.582607,-71.720464,0
4a0b898b-4f27-3023-b3c0-8917d49e51e9,ca424203-bd79-3a84-bdb0-1144382a31f1,Ernesto186 Alcántar600,M,NURSE PRACTITIONER,324 MASSACHUSETTS AVE,LUNENBURG,MA,01462-1219,42.582607,-71.720464,0
529012cb-0833-3cdf-9369-35f5d50d8606,ca424203-bd79-3a84-bdb0-1144382a31f1,Jon665 Cormier289,M,FAMILY PRACTICE,324 MASSACHUSETTS AVE,LUNENBURG,MA,01462-1219,42.582607,-71.720464,0
14aaa242-1881-3712-becb-475d95a4c836,ca424203-bd79-3a84-bdb0-1144382a31f1,Tiffani287 Wisoky380,F,FAMILY PRACTICE,324 MASSACHUSETTS AVE,LUNENBURG,MA,01462-1219,42.582607,-71.720464,0
f86c54ac-4991-3d86-9b81-49c2e046a023,ca424203-bd79-3a84-bdb0-1144382a31f1,Liza900 Gorczany269,F,FAMILY PRACTICE,324 MASSACHUSETTS AVE,LUNENBURG,MA,01462-1219,42.582607,-71.720464,0
059f9077-e1d5-3492-a170-a0960d0e681f,ca424203-bd79-3a84-bdb0-1144382a31f1,Vivan376 Cormier289,F,GENERAL PRACTICE,324 MASSACHUSETTS AVE,LUNENBURG,MA,01462-1219,42.582607,-71.720464,68
664da388-ed17-377c-b980-867dc7605bd7,de513c9b-1467-3647-be1d-6bedd7546bf5,Racheal820 Bailey598,F,GENERAL PRACTICE,360 MERRIMACK ST,LAWRENCE,MA,01843-1740,42.700272999999996,-71.161357,36
ec3a4505-bb46-3930-867e-256e71a21f86,142ec36d-b6d7-345e-916f-ba1e68041a66,Al123 McLaughlin530,M,NURSE PRACTITIONER,316 N PEARL ST,BROCKTON,MA,02301-1101,42.082543,-71.024638,0
9cd83a47-6118-3e15-ab4c-a6cab7a16325,142ec36d-b6d7-345e-916f-ba1e68041a66,Paris331 Jast432,F,NURSE PRACTITIONER,316 N PEARL ST,BROCKTON,MA,02301-1101,42.082543,-71.024638,0
9df06c05-1711-3731-b7f2-6693f98259de,142ec36d-b6d7-345e-916f-ba1e68041a66,Adelaida985 Wilkinson796,F,NURSE PRACTITIONER,316 N PEARL ST,BROCKTON,MA,02301-1101,42.082543,-71.024638,0
62c959a5-bf4f-36fe-a46c-c9ae75bc00a3,142ec36d-b6d7-345e-916f-ba1e68041a66,Venetta859 Rutherford999,F,NURSE PRACTITIONER,316 N PEARL ST,BROCKTON,MA,02301-1101,42.082543,-71.024638,0
501b4a65-9826-3a50-94f9-36cddb315573,142ec36d-b6d7-345e-916f-ba1e68041a66,Anton902 Boehm581,M,NURSE PRACTITIONER,316 N PEARL ST,BROCKTON,MA,02301-1101,42.082543,-71.024638,0
e964bb6b-02f8-3bf1-99d4-dace9f504a55,142ec36d-b6d7-345e-916f-ba1e68041a66,Ellsworth48 Turcotte120,M,NURSE PRACTITIONER,316 N PEARL ST,BROCKTON,MA,02301-1101,42.082543,-71.024638,0
b8f9567d-44f7-3150-9d93-88ac40193948,142ec36d-b6d7-345e-916f-ba1e68041a66,Al123 McLaughlin530,M,GENERAL PRACTICE,316 N PEARL ST,BROCKTON,MA,02301-1101,42.082543,-71.024638,37
31ebf459-ca9c-3ded-a034-06ec324cb482,e9aada58-2be6-3975-a1b1-c7b6b44ec3ca,Theda286 Toy286,F,NURSE PRACTITIONER,800 COLLEGE HWY,SOUTHWICK,MA,01077-9690,42.05257,-72.777353,0
519baf6f-34fc-34c3-ad19-40f0903d20f1,e9aada58-2be6-3975-a1b1-c7b6b44ec3ca,Sondra191 Ward668,F,NURSE PRACTITIONER,800 COLLEGE HWY,SOUTHWICK,MA,01077-9690,42.05257,-72.777353,0
331956e7-9289-3e4c-ac05-097e59ff0b61,e9aada58-2be6-3975-a1b1-c7b6b44ec3ca,Ana María762 Niño185,F,FAMILY PRACTICE,800 COLLEGE HWY,SOUTHWICK,MA,01077-9690,42.05257,-72.777353,0
455939ac-1071-3610-b7aa-d63035ad43dd,e9aada58-2be6-3975-a1b1-c7b6b44ec3ca,Carol737 Ward668,M,FAMILY PRACTICE,800 COLLEGE HWY,SOUTHWICK,MA,01077-9690,42.05257,-72.777353,0
589946d0-2dec-3a56-bc3e-017450136bc9,e9aada58-2be6-3975-a1b1-c7b6b44ec3ca,Theda286 Toy286,F,GENERAL PRACTICE,800 COLLEGE HWY,SOUTHWICK,MA,01077-9690,42.05257,-72.777353,33
ce13eb73-0496-37ce-8563-bac9b8e3e34a,e9aada58-2be6-3975-a1b1-c7b6b44ec3ca,Sol312 Toy286,M,INTERNAL MEDICINE,800 COLLEGE HWY,SOUTHWICK,MA,01077-9690,42.05257,-72.777353,0
5c52c2a6-3e72-3245-bc72-e037b4fad082,e9aada58-2be6-3975-a1b1-c7b6b44ec3ca,Carol737 Ward668,M,INTERNAL MEDICINE,800 COLLEGE HWY,SOUTHWICK,MA,01077-9690,42.05257,-72.777353,0
f5f23af5-bcda-3197-a499-c5c402d0eae5,e9aada58-2be6-3975-a1b1-c7b6b44ec3ca,Mohammed454 Ferry570,M,INTERNAL MEDICINE,800 COLLEGE HWY,SOUTHWICK,MA,01077-9690,42.05257,-72.777353,0
9ac3ac50-397e-3471-8713-09845f15587d,5464de19-8db1-305c-9feb-77921762d783,Oneida64 Metz686,F,GENERAL PRACTICE,1595 BRIDGE ST,DRACUT,MA,01826-2614,42.679722999999996,-71.30068,59
a19b647a-da18-3ede-9ff3-154044789ef7,b8e926d3-93fe-3118-ae14-604751bfa993,Vina438 Wiza601,F,NURSE PRACTITIONER,1000 BROADWAY,CHELSEA,MA,02150-2247,42.396824,-71.031348,0
78f8897b-dea7-3fc0-8c16-6c8725f8a793,b8e926d3-93fe-3118-ae14-604751bfa993,Thomasine260 Schiller186,F,NURSE PRACTITIONER,1000 BROADWAY,CHELSEA,MA,02150-2247,42.396824,-71.031348,0
9a966837-156c-3104-9f58-f903cc1aedc3,b8e926d3-93fe-3118-ae14-604751bfa993,Gerry91 Hauck852,M,NURSE PRACTITIONER,1000 BROADWAY,CHELSEA,MA,02150-2247,42.396824,-71.031348,0
32260b0f-06b7-34a3-90da-652cc22992d0,b8e926d3-93fe-3118-ae14-604751bfa993,Alberta625 Crist667,F,NURSE PRACTITIONER,1000 BROADWAY,CHELSEA,MA,02150-2247,42.396824,-71.031348,0
bd6cccd3-63f7-3c60-b8f8-fc130e692820,b8e926d3-93fe-3118-ae14-604751bfa993,Rhiannon677 Konopelski743,F,NURSE PRACTITIONER,1000 BROADWAY,CHELSEA,MA,02150-2247,42.396824,-71.031348,0
a1aa4d9f-ded0-3401-8489-0ac852f946c0,b8e926d3-93fe-3118-ae14-604751bfa993,Vina438 Wiza601,F,GENERAL PRACTICE,1000 BROADWAY,CHELSEA,MA,02150-2247,42.396824,-71.031348,14
d026f2da-a8e8-3ae4-a5de-908e0ca5148f,b8e926d3-93fe-3118-ae14-604751bfa993,Vina438 Wiza601,F,INTERNAL MEDICINE,1000 BROADWAY,CHELSEA,MA,02150-2247,42.396824,-71.031348,0
b677252a-1c90-3a58-9a20-f8f680cc76b5,b8e926d3-93fe-3118-ae14-604751bfa993,Thomasine260 Schiller186,F,INTERNAL MEDICINE,1000 BROADWAY,CHELSEA,MA,02150-2247,42.396824,-71.031348,0
4420dc65-435c-36ff-b2b9-b732e751931e,b8e926d3-93fe-3118-ae14-604751bfa993,Cleotilde229 Hauck852,F,INTERNAL MEDICINE,1000 BROADWAY,CHELSEA,MA,02150-2247,42.396824,-71.031348,0
4f794232-8abb-3ac8-9dbe-45aedb147f02,b8e926d3-93fe-3118-ae14-604751bfa993,Alberta625 Crist667,F,INTERNAL MEDICINE,1000 BROADWAY,CHELSEA,MA,02150-2247,42.396824,-71.031348,0
196827ef-5dc7-3339-ae70-70cb24be3972,b8e926d3-93fe-3118-ae14-604751bfa993,Rhiannon677 Konopelski743,F,INTERNAL MEDICINE,1000 BROADWAY,CHELSEA,MA,02150-2247,42.396824,-71.031348,0
c014eac6-698c-3843-94c5-a536ecd71ea1,b8e926d3-93fe-3118-ae14-604751bfa993,Normand813 Grady603,M,INTERNAL MEDICINE,1000 BROADWAY,CHELSEA,MA,02150-2247,42.396824,-71.031348,0
5e05324a-9e72-3e5e-82f1-465097b4e778,b8e926d3-93fe-3118-ae14-604751bfa993,Stacey209 Simonis280,F,INTERNAL MEDICINE,1000 BROADWAY,CHELSEA,MA,02150-2247,42.396824,-71.031348,0
f88a8152-35f0-38d4-a60a-2b06afc52939,b8e926d3-93fe-3118-ae14-604751bfa993,Shakita329 O'Connell601,F,INTERNAL MEDICINE,1000 BROADWAY,CHELSEA,MA,02150-2247,42.396824,-71.031348,0
2f34fc5a-7ff8-39e7-9bac-83b947c5c678,2468bb56-3ceb-37c9-8140-14cbe3d36948,Jeremy766 Kuphal363,M,GENERAL PRACTICE,349 BROADWAY,SOMERVILLE,MA,02145-2407,42.390445,-71.101033,31
6153c57f-b63e-376c-bdf3-27f6227a3325,8295e380-5eca-3304-9bd9-ee3ce617cdc6,Mika226 Hudson301,F,GENERAL PRACTICE,109 ANDREW AVE,WAYLAND,MA,01778-3027,42.360427,-71.361099,42
19a4bdb7-0d44-3b83-86c4-34f3804126fa,033c0f67-c165-3ef2-8883-67134f0ac2bb,Jeffery551 Greenfelder433,M,NURSE PRACTITIONER,700 ESSEX ST,LAWRENCE,MA,01841-4398,42.700272999999996,-71.161357,0
e7559415-4e72-3df4-8d83-18f6dcbb8a1c,033c0f67-c165-3ef2-8883-67134f0ac2bb,Patrick786 Harber290,M,NURSE PRACTITIONER,700 ESSEX ST,LAWRENCE,MA,01841-4398,42.700272999999996,-71.161357,0
210f96bb-fc70-3d34-b7d8-14691fe2ba1f,033c0f67-c165-3ef2-8883-67134f0ac2bb,Elton404 Nikolaus26,M,NURSE PRACTITIONER,700 ESSEX ST,LAWRENCE,MA,01841-4398,42.700272999999996,-71.161357,0
80c145b0-4174-399e-b0a1-0b3de8a598d7,033c0f67-c165-3ef2-8883-67134f0ac2bb,Juan Carlos348 Rocha983,M,FAMILY PRACTICE,700 ESSEX ST,LAWRENCE,MA,01841-4398,42.700272999999996,-71.161357,0
6aba019f-57e3-3fd3-ab69-487b52cb8def,033c0f67-c165-3ef2-8883-67134f0ac2bb,Patrick786 Harber290,M,FAMILY PRACTICE,700 ESSEX ST,LAWRENCE,MA,01841-4398,42.700272999999996,-71.161357,0
306bcb94-0ada-33ca-a293-7865498eb861,033c0f67-c165-3ef2-8883-67134f0ac2bb,Elton404 Nikolaus26,M,FAMILY PRACTICE,700 ESSEX ST,LAWRENCE,MA,01841-4398,42.700272999999996,-71.161357,0
77de26c7-b4a5-36be-9424-a0877d9b5f44,033c0f67-c165-3ef2-8883-67134f0ac2bb,Korey682 Koch169,M,FAMILY PRACTICE,700 ESSEX ST,LAWRENCE,MA,01841-4398,42.700272999999996,-71.161357,0
b0df2bd0-a718-300c-b947-e9f08af1e21c,033c0f67-c165-3ef2-8883-67134f0ac2bb,Óscar156 Guillen740,M,FAMILY PRACTICE,700 ESSEX ST,LAWRENCE,MA,01841-4398,42.700272999999996,-71.161357,0
aab04472-a40b-343c-9373-48dfaf23c30a,033c0f67-c165-3ef2-8883-67134f0ac2bb,Jeffery551 Greenfelder433,M,GENERAL PRACTICE,700 ESSEX ST,LAWRENCE,MA,01841-4398,42.700272999999996,-71.161357,50
b31b16f3-047b-356b-8846-3c268d973973,37c197b5-110f-339b-942e-272137f770b2,Celina578 Purdy2,F,NURSE PRACTITIONER,14 WILLIAMS ST,WILLIAMSBURG,MA,01096-9427,42.405414,-72.726043,0
6aa554c5-d224-3c14-9dab-12e46bb4e322,37c197b5-110f-339b-942e-272137f770b2,Bobbi508 Ledner144,F,NURSE PRACTITIONER,14 WILLIAMS ST,WILLIAMSBURG,MA,01096-9427,42.405414,-72.726043,0
6f980cc6-e3bc-3599-9a30-5718857e34b8,37c197b5-110f-339b-942e-272137f770b2,Celina578 Purdy2,F,GENERAL PRACTICE,14 WILLIAMS ST,WILLIAMSBURG,MA,01096-9427,42.405414,-72.726043,19
a2c49d6a-1639-3a5d-9cd2-055a76b795b6,37c197b5-110f-339b-942e-272137f770b2,Antone63 Purdy2,M,INTERNAL MEDICINE,14 WILLIAMS ST,WILLIAMSBURG,MA,01096-9427,42.405414,-72.726043,0
e33794ab-9771-3a5b-8b4a-3b50f83fd9cc,37c197b5-110f-339b-942e-272137f770b2,Elmer371 Ledner144,M,INTERNAL MEDICINE,14 WILLIAMS ST,WILLIAMSBURG,MA,01096-9427,42.405414,-72.726043,0
9261b122-2cf9-342f-a1e7-bc24f483e27d,189f595a-277f-3a7f-93fc-f34a642885fc,Russel238 Jacobson885,M,NURSE PRACTITIONER,20 SOUTHBRIDGE RD,CHARLTON,MA,01507-5235,42.133935,-71.968025,0
e69b2da9-c029-348d-a70e-53b280a9dd1b,189f595a-277f-3a7f-93fc-f34a642885fc,Russel238 Jacobson885,M,OPHTHALMOLOGY,20 SOUTHBRIDGE RD,CHARLTON,MA,01507-5235,42.133935,-71.968025,0
449f192f-f0d3-3c1a-bfdd-a47e5ed12658,189f595a-277f-3a7f-93fc-f34a642885fc,Russel238 Jacobson885,M,GENERAL PRACTICE,20 SOUTHBRIDGE RD,CHARLTON,MA,01507-5235,42.133935,-71.968025,56
31eac00e-ef4a-3cc3-a6af-eebf4c946f2b,4079f015-97b1-3afe-8595-de976a56c1fd,Jonathon205 Hoppe518,M,OPTOMETRY,48 AUBURN ST,AUBURN,MA,01501-2438,42.198708,-71.846006,0
0535abd9-10fd-3b89-b747-f11c96b1530e,4079f015-97b1-3afe-8595-de976a56c1fd,Claudia969 Monroy712,F,OPTOMETRY,48 AUBURN ST,AUBURN,MA,01501-2438,42.198708,-71.846006,0
ad8d5b87-b6c2-3455-aac0-83f65e73a417,4079f015-97b1-3afe-8595-de976a56c1fd,Felipe97 Reynolds644,M,OPTOMETRY,48 AUBURN ST,AUBURN,MA,01501-2438,42.198708,-71.846006,0
76d6d344-43d8-3d61-8e06-ed2f88ab5402,4079f015-97b1-3afe-8595-de976a56c1fd,Claretha922 Hoppe518,F,GENERAL PRACTICE,48 AUBURN ST,AUBURN,MA,01501-2438,42.198708,-71.846006,56
08d61819-1528-3019-a8c7-5fb3d546de12,d9a5c569-e5e9-3bdf-92b2-7ba4087a72f1,Marion502 Hammes673,M,GENERAL PRACTICE,77 E MERRIMACK ST,LOWELL,MA,01852-1900,42.63898,-71.321141,54
c0f8e7aa-50c4-3055-90f6-9e8ec2369255,919d8990-de1a-30e4-8247-9ecb391f9356,Emmie273 Bergnaum523,F,GENERAL PRACTICE,147 S MAIN ST,MIDDLETON,MA,01949-2446,42.610513,-71.007118,36
